2026-07-14 11:14:13,480 [INFO] (main_window.py:28) -> Система логирования инициализирована.
2026-07-14 11:14:13,495 [DEBUG] (uiparser.py:838) -> toplevel widget is LeftPanel
2026-07-14 11:14:13,495 [DEBUG] (properties.py:415) -> setting property geometry
2026-07-14 11:14:13,495 [DEBUG] (properties.py:415) -> setting property minimumSize
2026-07-14 11:14:13,495 [DEBUG] (properties.py:415) -> setting property maximumSize
2026-07-14 11:14:13,495 [DEBUG] (properties.py:415) -> setting property windowTitle
2026-07-14 11:14:13,495 [DEBUG] (properties.py:415) -> setting property styleSheet
2026-07-14 11:14:13,495 [DEBUG] (uiparser.py:106) -> push LeftPanel LeftPanel
2026-07-14 11:14:13,495 [DEBUG] (properties.py:415) -> setting property spacing
2026-07-14 11:14:13,495 [DEBUG] (properties.py:415) -> setting property leftMargin
2026-07-14 11:14:13,495 [DEBUG] (properties.py:415) -> setting property topMargin
2026-07-14 11:14:13,495 [DEBUG] (properties.py:415) -> setting property rightMargin
2026-07-14 11:14:13,495 [DEBUG] (properties.py:415) -> setting property bottomMargin
2026-07-14 11:14:13,495 [DEBUG] (properties.py:415) -> setting property pyuicMargins
2026-07-14 11:14:13,495 [DEBUG] (properties.py:415) -> setting property pyuicSpacing
2026-07-14 11:14:13,495 [DEBUG] (uiparser.py:106) -> push QVBoxLayout mainLayout
2026-07-14 11:14:13,495 [DEBUG] (properties.py:415) -> setting property sizePolicy
2026-07-14 11:14:13,495 [DEBUG] (uiparser.py:106) -> push QWidget topContainer
2026-07-14 11:14:13,495 [DEBUG] (properties.py:415) -> setting property spacing
2026-07-14 11:14:13,495 [DEBUG] (properties.py:415) -> setting property leftMargin
2026-07-14 11:14:13,495 [DEBUG] (properties.py:415) -> setting property topMargin
2026-07-14 11:14:13,495 [DEBUG] (properties.py:415) -> setting property rightMargin
2026-07-14 11:14:13,496 [DEBUG] (properties.py:415) -> setting property bottomMargin
2026-07-14 11:14:13,496 [DEBUG] (properties.py:415) -> setting property alignment
2026-07-14 11:14:13,496 [DEBUG] (properties.py:415) -> setting property pyuicMargins
2026-07-14 11:14:13,496 [DEBUG] (properties.py:415) -> setting property pyuicSpacing
2026-07-14 11:14:13,496 [DEBUG] (uiparser.py:106) -> push QVBoxLayout topLayout
2026-07-14 11:14:13,496 [DEBUG] (properties.py:415) -> setting property styleSheet
2026-07-14 11:14:13,496 [DEBUG] (properties.py:415) -> setting property text
2026-07-14 11:14:13,496 [DEBUG] (properties.py:415) -> setting property cursor
2026-07-14 11:14:13,496 [DEBUG] (uiparser.py:106) -> push QPushButton profileBtn
2026-07-14 11:14:13,496 [DEBUG] (uiparser.py:120) -> pop widget QPushButton profileBtn
2026-07-14 11:14:13,496 [DEBUG] (uiparser.py:128) -> new topwidget <PyQt6.QtWidgets.QWidget object at 0x0000025D60A4CA50>
2026-07-14 11:14:13,496 [DEBUG] (properties.py:415) -> setting property styleSheet
2026-07-14 11:14:13,496 [DEBUG] (properties.py:415) -> setting property orientation
2026-07-14 11:14:13,496 [DEBUG] (uiparser.py:106) -> push QFrame line1
2026-07-14 11:14:13,496 [DEBUG] (uiparser.py:120) -> pop widget QFrame line1
2026-07-14 11:14:13,496 [DEBUG] (uiparser.py:128) -> new topwidget <PyQt6.QtWidgets.QWidget object at 0x0000025D60A4CA50>
2026-07-14 11:14:13,496 [DEBUG] (properties.py:415) -> setting property styleSheet
2026-07-14 11:14:13,496 [DEBUG] (properties.py:415) -> setting property text
2026-07-14 11:14:13,496 [DEBUG] (properties.py:415) -> setting property cursor
2026-07-14 11:14:13,496 [DEBUG] (uiparser.py:106) -> push QPushButton allDocsBtn
2026-07-14 11:14:13,496 [DEBUG] (uiparser.py:120) -> pop widget QPushButton allDocsBtn
2026-07-14 11:14:13,496 [DEBUG] (uiparser.py:128) -> new topwidget <PyQt6.QtWidgets.QWidget object at 0x0000025D60A4CA50>
2026-07-14 11:14:13,497 [DEBUG] (properties.py:415) -> setting property sizePolicy
2026-07-14 11:14:13,497 [DEBUG] (properties.py:415) -> setting property styleSheet
2026-07-14 11:14:13,497 [DEBUG] (properties.py:415) -> setting property horizontalScrollBarPolicy
2026-07-14 11:14:13,497 [DEBUG] (properties.py:415) -> setting property widgetResizable
2026-07-14 11:14:13,497 [DEBUG] (uiparser.py:106) -> push QScrollArea scrollArea
2026-07-14 11:14:13,497 [DEBUG] (uiparser.py:106) -> push QWidget scrollAreaWidgetContents
2026-07-14 11:14:13,497 [DEBUG] (properties.py:415) -> setting property spacing
2026-07-14 11:14:13,497 [DEBUG] (properties.py:415) -> setting property leftMargin
2026-07-14 11:14:13,497 [DEBUG] (properties.py:415) -> setting property topMargin
2026-07-14 11:14:13,497 [DEBUG] (properties.py:415) -> setting property rightMargin
2026-07-14 11:14:13,497 [DEBUG] (properties.py:415) -> setting property bottomMargin
2026-07-14 11:14:13,497 [DEBUG] (properties.py:415) -> setting property pyuicMargins
2026-07-14 11:14:13,497 [DEBUG] (properties.py:415) -> setting property pyuicSpacing
2026-07-14 11:14:13,497 [DEBUG] (uiparser.py:106) -> push QVBoxLayout scrollLayout
2026-07-14 11:14:13,497 [DEBUG] (uiparser.py:106) -> push QWidget groupsContainer
2026-07-14 11:14:13,497 [DEBUG] (properties.py:415) -> setting property spacing
2026-07-14 11:14:13,497 [DEBUG] (properties.py:415) -> setting property leftMargin
2026-07-14 11:14:13,497 [DEBUG] (properties.py:415) -> setting property topMargin
2026-07-14 11:14:13,497 [DEBUG] (properties.py:415) -> setting property rightMargin
2026-07-14 11:14:13,497 [DEBUG] (properties.py:415) -> setting property bottomMargin
2026-07-14 11:14:13,497 [DEBUG] (properties.py:415) -> setting property pyuicMargins
2026-07-14 11:14:13,497 [DEBUG] (properties.py:415) -> setting property pyuicSpacing
2026-07-14 11:14:13,497 [DEBUG] (uiparser.py:106) -> push QVBoxLayout groupsLayout
2026-07-14 11:14:13,497 [DEBUG] (uiparser.py:114) -> pop layout QVBoxLayout groupsLayout
2026-07-14 11:14:13,497 [DEBUG] (uiparser.py:120) -> pop widget QWidget groupsContainer
2026-07-14 11:14:13,497 [DEBUG] (uiparser.py:128) -> new topwidget <PyQt6.QtWidgets.QWidget object at 0x0000025D60A4C410>
2026-07-14 11:14:13,498 [DEBUG] (uiparser.py:114) -> pop layout QVBoxLayout scrollLayout
2026-07-14 11:14:13,498 [DEBUG] (uiparser.py:120) -> pop widget QWidget scrollAreaWidgetContents
2026-07-14 11:14:13,498 [DEBUG] (uiparser.py:128) -> new topwidget <PyQt6.QtWidgets.QScrollArea object at 0x0000025D60A4CF50>
2026-07-14 11:14:13,498 [DEBUG] (uiparser.py:120) -> pop widget QScrollArea scrollArea
2026-07-14 11:14:13,498 [DEBUG] (uiparser.py:128) -> new topwidget <PyQt6.QtWidgets.QWidget object at 0x0000025D60A4CA50>
2026-07-14 11:14:13,498 [DEBUG] (uiparser.py:114) -> pop layout QVBoxLayout topLayout
2026-07-14 11:14:13,498 [DEBUG] (uiparser.py:120) -> pop widget QWidget topContainer
2026-07-14 11:14:13,498 [DEBUG] (uiparser.py:128) -> new topwidget <client.windows.left_panel.left_panel.LeftPanel object at 0x0000025D60A271B0>
2026-07-14 11:14:13,498 [DEBUG] (properties.py:415) -> setting property sizePolicy
2026-07-14 11:14:13,498 [DEBUG] (uiparser.py:106) -> push QWidget bottomContainer
2026-07-14 11:14:13,498 [DEBUG] (properties.py:415) -> setting property spacing
2026-07-14 11:14:13,498 [DEBUG] (properties.py:415) -> setting property leftMargin
2026-07-14 11:14:13,498 [DEBUG] (properties.py:415) -> setting property topMargin
2026-07-14 11:14:13,498 [DEBUG] (properties.py:415) -> setting property rightMargin
2026-07-14 11:14:13,498 [DEBUG] (properties.py:415) -> setting property bottomMargin
2026-07-14 11:14:13,498 [DEBUG] (properties.py:415) -> setting property pyuicMargins
2026-07-14 11:14:13,498 [DEBUG] (properties.py:415) -> setting property pyuicSpacing
2026-07-14 11:14:13,498 [DEBUG] (uiparser.py:106) -> push QVBoxLayout bottomLayout
2026-07-14 11:14:13,498 [DEBUG] (properties.py:415) -> setting property styleSheet
2026-07-14 11:14:13,498 [DEBUG] (properties.py:415) -> setting property orientation
2026-07-14 11:14:13,498 [DEBUG] (uiparser.py:106) -> push QFrame line2
2026-07-14 11:14:13,498 [DEBUG] (uiparser.py:120) -> pop widget QFrame line2
2026-07-14 11:14:13,498 [DEBUG] (uiparser.py:128) -> new topwidget <PyQt6.QtWidgets.QWidget object at 0x0000025D60A4D6D0>
2026-07-14 11:14:13,498 [DEBUG] (properties.py:415) -> setting property styleSheet
2026-07-14 11:14:13,498 [DEBUG] (properties.py:415) -> setting property text
2026-07-14 11:14:13,498 [DEBUG] (properties.py:415) -> setting property cursor
2026-07-14 11:14:13,498 [DEBUG] (uiparser.py:106) -> push QPushButton systemBtn
2026-07-14 11:14:13,498 [DEBUG] (uiparser.py:120) -> pop widget QPushButton systemBtn
2026-07-14 11:14:13,498 [DEBUG] (uiparser.py:128) -> new topwidget <PyQt6.QtWidgets.QWidget object at 0x0000025D60A4D6D0>
2026-07-14 11:14:13,498 [DEBUG] (properties.py:415) -> setting property styleSheet
2026-07-14 11:14:13,498 [DEBUG] (properties.py:415) -> setting property text
2026-07-14 11:14:13,498 [DEBUG] (properties.py:415) -> setting property cursor
2026-07-14 11:14:13,498 [DEBUG] (uiparser.py:106) -> push QPushButton hidePanelBtn
2026-07-14 11:14:13,498 [DEBUG] (uiparser.py:120) -> pop widget QPushButton hidePanelBtn
2026-07-14 11:14:13,498 [DEBUG] (uiparser.py:128) -> new topwidget <PyQt6.QtWidgets.QWidget object at 0x0000025D60A4D6D0>
2026-07-14 11:14:13,498 [DEBUG] (uiparser.py:114) -> pop layout QVBoxLayout bottomLayout
2026-07-14 11:14:13,499 [DEBUG] (uiparser.py:120) -> pop widget QWidget bottomContainer
2026-07-14 11:14:13,499 [DEBUG] (uiparser.py:128) -> new topwidget <client.windows.left_panel.left_panel.LeftPanel object at 0x0000025D60A271B0>
2026-07-14 11:14:13,499 [DEBUG] (uiparser.py:114) -> pop layout QVBoxLayout mainLayout
2026-07-14 11:14:13,499 [DEBUG] (uiparser.py:120) -> pop widget LeftPanel LeftPanel
2026-07-14 11:14:13,499 [DEBUG] (uiparser.py:128) -> new topwidget None
2026-07-14 11:14:13,501 [DEBUG] (uiparser.py:838) -> toplevel widget is DocumentsPanel
2026-07-14 11:14:13,501 [DEBUG] (properties.py:415) -> setting property geometry
2026-07-14 11:14:13,501 [DEBUG] (properties.py:415) -> setting property windowTitle
2026-07-14 11:14:13,501 [DEBUG] (properties.py:415) -> setting property styleSheet
2026-07-14 11:14:13,501 [DEBUG] (uiparser.py:106) -> push DocumentsPanel DocumentsPanel
2026-07-14 11:14:13,501 [DEBUG] (properties.py:415) -> setting property spacing
2026-07-14 11:14:13,501 [DEBUG] (properties.py:415) -> setting property leftMargin
2026-07-14 11:14:13,501 [DEBUG] (properties.py:415) -> setting property topMargin
2026-07-14 11:14:13,501 [DEBUG] (properties.py:415) -> setting property rightMargin
2026-07-14 11:14:13,501 [DEBUG] (properties.py:415) -> setting property bottomMargin
2026-07-14 11:14:13,501 [DEBUG] (properties.py:415) -> setting property pyuicMargins
2026-07-14 11:14:13,501 [DEBUG] (properties.py:415) -> setting property pyuicSpacing
2026-07-14 11:14:13,501 [DEBUG] (uiparser.py:106) -> push QVBoxLayout verticalLayout
2026-07-14 11:14:13,501 [DEBUG] (properties.py:415) -> setting property minimumSize
2026-07-14 11:14:13,501 [DEBUG] (properties.py:415) -> setting property maximumSize
2026-07-14 11:14:13,501 [DEBUG] (properties.py:415) -> setting property styleSheet
2026-07-14 11:14:13,501 [DEBUG] (properties.py:415) -> setting property frameShape
2026-07-14 11:14:13,501 [DEBUG] (properties.py:415) -> setting property frameShadow
2026-07-14 11:14:13,501 [DEBUG] (uiparser.py:106) -> push QFrame headerFrame
2026-07-14 11:14:13,501 [DEBUG] (properties.py:415) -> setting property spacing
2026-07-14 11:14:13,501 [DEBUG] (properties.py:415) -> setting property leftMargin
2026-07-14 11:14:13,501 [DEBUG] (properties.py:415) -> setting property topMargin
2026-07-14 11:14:13,501 [DEBUG] (properties.py:415) -> setting property rightMargin
2026-07-14 11:14:13,501 [DEBUG] (properties.py:415) -> setting property bottomMargin
2026-07-14 11:14:13,501 [DEBUG] (properties.py:415) -> setting property pyuicMargins
2026-07-14 11:14:13,501 [DEBUG] (properties.py:415) -> setting property pyuicSpacing
2026-07-14 11:14:13,501 [DEBUG] (uiparser.py:106) -> push QHBoxLayout horizontalLayoutHeader
2026-07-14 11:14:13,501 [DEBUG] (properties.py:415) -> setting property styleSheet
2026-07-14 11:14:13,502 [DEBUG] (properties.py:415) -> setting property text
2026-07-14 11:14:13,502 [DEBUG] (uiparser.py:106) -> push QLabel labelTitle
2026-07-14 11:14:13,502 [DEBUG] (uiparser.py:120) -> pop widget QLabel labelTitle
2026-07-14 11:14:13,502 [DEBUG] (uiparser.py:128) -> new topwidget <PyQt6.QtWidgets.QFrame object at 0x0000025D60A4F110>
2026-07-14 11:14:13,502 [DEBUG] (uiparser.py:114) -> pop layout QHBoxLayout horizontalLayoutHeader
2026-07-14 11:14:13,502 [DEBUG] (uiparser.py:120) -> pop widget QFrame headerFrame
2026-07-14 11:14:13,502 [DEBUG] (uiparser.py:128) -> new topwidget <client.windows.documents.table.documents_panel.DocumentsPanel object at 0x0000025D60A4F070>
2026-07-14 11:14:13,502 [DEBUG] (properties.py:415) -> setting property minimumSize
2026-07-14 11:14:13,502 [DEBUG] (properties.py:415) -> setting property maximumSize
2026-07-14 11:14:13,502 [DEBUG] (properties.py:415) -> setting property styleSheet
2026-07-14 11:14:13,502 [DEBUG] (uiparser.py:106) -> push QWidget toolBar
2026-07-14 11:14:13,502 [DEBUG] (properties.py:415) -> setting property spacing
2026-07-14 11:14:13,502 [DEBUG] (properties.py:415) -> setting property leftMargin
2026-07-14 11:14:13,502 [DEBUG] (properties.py:415) -> setting property topMargin
2026-07-14 11:14:13,502 [DEBUG] (properties.py:415) -> setting property rightMargin
2026-07-14 11:14:13,502 [DEBUG] (properties.py:415) -> setting property bottomMargin
2026-07-14 11:14:13,502 [DEBUG] (properties.py:415) -> setting property pyuicMargins
2026-07-14 11:14:13,502 [DEBUG] (properties.py:415) -> setting property pyuicSpacing
2026-07-14 11:14:13,502 [DEBUG] (uiparser.py:106) -> push QHBoxLayout toolBarLayout
2026-07-14 11:14:13,504 [DEBUG] (properties.py:415) -> setting property minimumSize
2026-07-14 11:14:13,504 [DEBUG] (properties.py:415) -> setting property maximumSize
2026-07-14 11:14:13,504 [DEBUG] (properties.py:415) -> setting property styleSheet
2026-07-14 11:14:13,504 [DEBUG] (properties.py:415) -> setting property placeholderText
2026-07-14 11:14:13,504 [DEBUG] (uiparser.py:106) -> push QLineEdit searchEdit
2026-07-14 11:14:13,504 [DEBUG] (uiparser.py:120) -> pop widget QLineEdit searchEdit
2026-07-14 11:14:13,504 [DEBUG] (uiparser.py:128) -> new topwidget <PyQt6.QtWidgets.QWidget object at 0x0000025D60A4F430>
2026-07-14 11:14:13,504 [DEBUG] (properties.py:415) -> setting property minimumSize
2026-07-14 11:14:13,504 [DEBUG] (properties.py:415) -> setting property maximumSize
2026-07-14 11:14:13,504 [DEBUG] (properties.py:415) -> setting property styleSheet
2026-07-14 11:14:13,504 [DEBUG] (properties.py:415) -> setting property text
2026-07-14 11:14:13,504 [DEBUG] (uiparser.py:106) -> push QPushButton columnsBtn
2026-07-14 11:14:13,504 [DEBUG] (uiparser.py:120) -> pop widget QPushButton columnsBtn
2026-07-14 11:14:13,504 [DEBUG] (uiparser.py:128) -> new topwidget <PyQt6.QtWidgets.QWidget object at 0x0000025D60A4F430>
2026-07-14 11:14:13,504 [DEBUG] (properties.py:415) -> setting property minimumSize
2026-07-14 11:14:13,504 [DEBUG] (properties.py:415) -> setting property maximumSize
2026-07-14 11:14:13,504 [DEBUG] (properties.py:415) -> setting property styleSheet
2026-07-14 11:14:13,504 [DEBUG] (properties.py:415) -> setting property text
2026-07-14 11:14:13,504 [DEBUG] (uiparser.py:106) -> push QPushButton filterBtn
2026-07-14 11:14:13,504 [DEBUG] (uiparser.py:120) -> pop widget QPushButton filterBtn
2026-07-14 11:14:13,504 [DEBUG] (uiparser.py:128) -> new topwidget <PyQt6.QtWidgets.QWidget object at 0x0000025D60A4F430>
2026-07-14 11:14:13,504 [DEBUG] (properties.py:415) -> setting property minimumSize
2026-07-14 11:14:13,504 [DEBUG] (properties.py:415) -> setting property maximumSize
2026-07-14 11:14:13,504 [DEBUG] (properties.py:415) -> setting property styleSheet
2026-07-14 11:14:13,504 [DEBUG] (properties.py:415) -> setting property text
2026-07-14 11:14:13,504 [DEBUG] (uiparser.py:106) -> push QPushButton statusesBtn
2026-07-14 11:14:13,504 [DEBUG] (uiparser.py:120) -> pop widget QPushButton statusesBtn
2026-07-14 11:14:13,504 [DEBUG] (uiparser.py:128) -> new topwidget <PyQt6.QtWidgets.QWidget object at 0x0000025D60A4F430>
2026-07-14 11:14:13,505 [DEBUG] (uiparser.py:114) -> pop layout QHBoxLayout toolBarLayout
2026-07-14 11:14:13,505 [DEBUG] (uiparser.py:120) -> pop widget QWidget toolBar
2026-07-14 11:14:13,505 [DEBUG] (uiparser.py:128) -> new topwidget <client.windows.documents.table.documents_panel.DocumentsPanel object at 0x0000025D60A4F070>
2026-07-14 11:14:13,505 [DEBUG] (properties.py:415) -> setting property styleSheet
2026-07-14 11:14:13,505 [DEBUG] (properties.py:415) -> setting property frameShape
2026-07-14 11:14:13,505 [DEBUG] (uiparser.py:106) -> push QFrame contentFrame
2026-07-14 11:14:13,505 [DEBUG] (properties.py:415) -> setting property leftMargin
2026-07-14 11:14:13,505 [DEBUG] (properties.py:415) -> setting property topMargin
2026-07-14 11:14:13,505 [DEBUG] (properties.py:415) -> setting property rightMargin
2026-07-14 11:14:13,505 [DEBUG] (properties.py:415) -> setting property bottomMargin
2026-07-14 11:14:13,505 [DEBUG] (properties.py:415) -> setting property pyuicMargins
2026-07-14 11:14:13,505 [DEBUG] (uiparser.py:106) -> push QVBoxLayout contentLayout
2026-07-14 11:14:13,505 [DEBUG] (uiparser.py:114) -> pop layout QVBoxLayout contentLayout
2026-07-14 11:14:13,505 [DEBUG] (uiparser.py:120) -> pop widget QFrame contentFrame
2026-07-14 11:14:13,505 [DEBUG] (uiparser.py:128) -> new topwidget <client.windows.documents.table.documents_panel.DocumentsPanel object at 0x0000025D60A4F070>
2026-07-14 11:14:13,505 [DEBUG] (uiparser.py:114) -> pop layout QVBoxLayout verticalLayout
2026-07-14 11:14:13,505 [DEBUG] (uiparser.py:120) -> pop widget DocumentsPanel DocumentsPanel
2026-07-14 11:14:13,505 [DEBUG] (uiparser.py:128) -> new topwidget None
2026-07-14 11:14:13,550 [DEBUG] (uiparser.py:838) -> toplevel widget is ProfileForm
2026-07-14 11:14:13,550 [DEBUG] (properties.py:415) -> setting property geometry
2026-07-14 11:14:13,550 [DEBUG] (properties.py:415) -> setting property windowTitle
2026-07-14 11:14:13,550 [DEBUG] (properties.py:415) -> setting property styleSheet
2026-07-14 11:14:13,550 [DEBUG] (uiparser.py:106) -> push ProfileForm ProfileForm
2026-07-14 11:14:13,550 [DEBUG] (properties.py:415) -> setting property spacing
2026-07-14 11:14:13,550 [DEBUG] (properties.py:415) -> setting property leftMargin
2026-07-14 11:14:13,550 [DEBUG] (properties.py:415) -> setting property topMargin
2026-07-14 11:14:13,550 [DEBUG] (properties.py:415) -> setting property rightMargin
2026-07-14 11:14:13,550 [DEBUG] (properties.py:415) -> setting property bottomMargin
2026-07-14 11:14:13,550 [DEBUG] (properties.py:415) -> setting property pyuicMargins
2026-07-14 11:14:13,550 [DEBUG] (properties.py:415) -> setting property pyuicSpacing
2026-07-14 11:14:13,550 [DEBUG] (uiparser.py:106) -> push QVBoxLayout mainLayout
2026-07-14 11:14:13,551 [DEBUG] (properties.py:415) -> setting property verticalScrollBarPolicy
2026-07-14 11:14:13,551 [DEBUG] (properties.py:415) -> setting property horizontalScrollBarPolicy
2026-07-14 11:14:13,551 [DEBUG] (properties.py:415) -> setting property widgetResizable
2026-07-14 11:14:13,551 [DEBUG] (uiparser.py:106) -> push QScrollArea scrollArea
2026-07-14 11:14:13,551 [DEBUG] (properties.py:415) -> setting property geometry
2026-07-14 11:14:13,551 [DEBUG] (uiparser.py:106) -> push QWidget scrollAreaWidgetContents
2026-07-14 11:14:13,551 [DEBUG] (properties.py:415) -> setting property spacing
2026-07-14 11:14:13,551 [DEBUG] (properties.py:415) -> setting property leftMargin
2026-07-14 11:14:13,551 [DEBUG] (properties.py:415) -> setting property topMargin
2026-07-14 11:14:13,551 [DEBUG] (properties.py:415) -> setting property rightMargin
2026-07-14 11:14:13,551 [DEBUG] (properties.py:415) -> setting property bottomMargin
2026-07-14 11:14:13,551 [DEBUG] (properties.py:415) -> setting property pyuicMargins
2026-07-14 11:14:13,551 [DEBUG] (properties.py:415) -> setting property pyuicSpacing
2026-07-14 11:14:13,551 [DEBUG] (uiparser.py:106) -> push QVBoxLayout scrollAreaLayout
2026-07-14 11:14:13,551 [DEBUG] (properties.py:415) -> setting property minimumSize
2026-07-14 11:14:13,551 [DEBUG] (properties.py:415) -> setting property styleSheet
2026-07-14 11:14:13,551 [DEBUG] (properties.py:415) -> setting property frameShape
2026-07-14 11:14:13,551 [DEBUG] (properties.py:415) -> setting property frameShadow
2026-07-14 11:14:13,551 [DEBUG] (uiparser.py:106) -> push QFrame headerFrame
2026-07-14 11:14:13,551 [DEBUG] (properties.py:415) -> setting property spacing
2026-07-14 11:14:13,551 [DEBUG] (properties.py:415) -> setting property leftMargin
2026-07-14 11:14:13,551 [DEBUG] (properties.py:415) -> setting property topMargin
2026-07-14 11:14:13,551 [DEBUG] (properties.py:415) -> setting property rightMargin
2026-07-14 11:14:13,551 [DEBUG] (properties.py:415) -> setting property bottomMargin
2026-07-14 11:14:13,551 [DEBUG] (properties.py:415) -> setting property pyuicMargins
2026-07-14 11:14:13,551 [DEBUG] (properties.py:415) -> setting property pyuicSpacing
2026-07-14 11:14:13,551 [DEBUG] (uiparser.py:106) -> push QHBoxLayout horizontalLayoutHeader
2026-07-14 11:14:13,551 [DEBUG] (properties.py:415) -> setting property styleSheet
2026-07-14 11:14:13,552 [DEBUG] (properties.py:415) -> setting property text
2026-07-14 11:14:13,552 [DEBUG] (uiparser.py:106) -> push QLabel labelTitle
2026-07-14 11:14:13,552 [DEBUG] (uiparser.py:120) -> pop widget QLabel labelTitle
2026-07-14 11:14:13,552 [DEBUG] (uiparser.py:128) -> new topwidget <PyQt6.QtWidgets.QFrame object at 0x0000025D642D98B0>
2026-07-14 11:14:13,552 [DEBUG] (uiparser.py:114) -> pop layout QHBoxLayout horizontalLayoutHeader
2026-07-14 11:14:13,552 [DEBUG] (uiparser.py:120) -> pop widget QFrame headerFrame
2026-07-14 11:14:13,552 [DEBUG] (uiparser.py:128) -> new topwidget <PyQt6.QtWidgets.QWidget object at 0x0000025D642D9DB0>
2026-07-14 11:14:13,552 [DEBUG] (properties.py:415) -> setting property styleSheet
2026-07-14 11:14:13,552 [DEBUG] (uiparser.py:106) -> push QFrame infoFrame
2026-07-14 11:14:13,552 [DEBUG] (uiparser.py:106) -> push QFormLayout formLayout
2026-07-14 11:14:13,552 [DEBUG] (properties.py:415) -> setting property styleSheet
2026-07-14 11:14:13,552 [DEBUG] (properties.py:415) -> setting property text
2026-07-14 11:14:13,552 [DEBUG] (uiparser.py:106) -> push QLabel label_position_title
2026-07-14 11:14:13,552 [DEBUG] (uiparser.py:120) -> pop widget QLabel label_position_title
2026-07-14 11:14:13,552 [DEBUG] (uiparser.py:128) -> new topwidget <PyQt6.QtWidgets.QFrame object at 0x0000025D642D9E50>
2026-07-14 11:14:13,552 [DEBUG] (properties.py:415) -> setting property styleSheet
2026-07-14 11:14:13,552 [DEBUG] (uiparser.py:106) -> push QLabel label_position_value
2026-07-14 11:14:13,552 [DEBUG] (uiparser.py:120) -> pop widget QLabel label_position_value
2026-07-14 11:14:13,553 [DEBUG] (uiparser.py:128) -> new topwidget <PyQt6.QtWidgets.QFrame object at 0x0000025D642D9E50>
2026-07-14 11:14:13,553 [DEBUG] (properties.py:415) -> setting property styleSheet
2026-07-14 11:14:13,553 [DEBUG] (properties.py:415) -> setting property text
2026-07-14 11:14:13,553 [DEBUG] (uiparser.py:106) -> push QLabel label_department_title
2026-07-14 11:14:13,553 [DEBUG] (uiparser.py:120) -> pop widget QLabel label_department_title
2026-07-14 11:14:13,553 [DEBUG] (uiparser.py:128) -> new topwidget <PyQt6.QtWidgets.QFrame object at 0x0000025D642D9E50>
2026-07-14 11:14:13,553 [DEBUG] (properties.py:415) -> setting property styleSheet
2026-07-14 11:14:13,553 [DEBUG] (uiparser.py:106) -> push QLabel label_department_value
2026-07-14 11:14:13,553 [DEBUG] (uiparser.py:120) -> pop widget QLabel label_department_value
2026-07-14 11:14:13,553 [DEBUG] (uiparser.py:128) -> new topwidget <PyQt6.QtWidgets.QFrame object at 0x0000025D642D9E50>
2026-07-14 11:14:13,553 [DEBUG] (properties.py:415) -> setting property styleSheet
2026-07-14 11:14:13,553 [DEBUG] (properties.py:415) -> setting property text
2026-07-14 11:14:13,553 [DEBUG] (uiparser.py:106) -> push QLabel label_phone_title
2026-07-14 11:14:13,553 [DEBUG] (uiparser.py:120) -> pop widget QLabel label_phone_title
2026-07-14 11:14:13,553 [DEBUG] (uiparser.py:128) -> new topwidget <PyQt6.QtWidgets.QFrame object at 0x0000025D642D9E50>
2026-07-14 11:14:13,553 [DEBUG] (uiparser.py:106) -> push QHBoxLayout phoneLayout
2026-07-14 11:14:13,553 [DEBUG] (properties.py:415) -> setting property styleSheet
2026-07-14 11:14:13,553 [DEBUG] (uiparser.py:106) -> push QLabel label_phone_value
2026-07-14 11:14:13,553 [DEBUG] (uiparser.py:120) -> pop widget QLabel label_phone_value
2026-07-14 11:14:13,553 [DEBUG] (uiparser.py:128) -> new topwidget <PyQt6.QtWidgets.QFrame object at 0x0000025D642D9E50>
2026-07-14 11:14:13,554 [DEBUG] (uiparser.py:106) -> push QToolButton btnEditPhone
2026-07-14 11:14:13,554 [DEBUG] (uiparser.py:120) -> pop widget QToolButton btnEditPhone
2026-07-14 11:14:13,554 [DEBUG] (uiparser.py:128) -> new topwidget <PyQt6.QtWidgets.QFrame object at 0x0000025D642D9E50>
2026-07-14 11:14:13,554 [DEBUG] (uiparser.py:114) -> pop layout QHBoxLayout phoneLayout
2026-07-14 11:14:13,554 [DEBUG] (properties.py:415) -> setting property styleSheet
2026-07-14 11:14:13,554 [DEBUG] (properties.py:415) -> setting property text
2026-07-14 11:14:13,554 [DEBUG] (uiparser.py:106) -> push QLabel label_email_title
2026-07-14 11:14:13,554 [DEBUG] (uiparser.py:120) -> pop widget QLabel label_email_title
2026-07-14 11:14:13,554 [DEBUG] (uiparser.py:128) -> new topwidget <PyQt6.QtWidgets.QFrame object at 0x0000025D642D9E50>
2026-07-14 11:14:13,554 [DEBUG] (uiparser.py:106) -> push QHBoxLayout emailLayout
2026-07-14 11:14:13,554 [DEBUG] (properties.py:415) -> setting property styleSheet
2026-07-14 11:14:13,554 [DEBUG] (uiparser.py:106) -> push QLabel label_email_value
2026-07-14 11:14:13,554 [DEBUG] (uiparser.py:120) -> pop widget QLabel label_email_value
2026-07-14 11:14:13,554 [DEBUG] (uiparser.py:128) -> new topwidget <PyQt6.QtWidgets.QFrame object at 0x0000025D642D9E50>
2026-07-14 11:14:13,554 [DEBUG] (uiparser.py:106) -> push QToolButton btnEditEmail
2026-07-14 11:14:13,554 [DEBUG] (uiparser.py:120) -> pop widget QToolButton btnEditEmail
2026-07-14 11:14:13,554 [DEBUG] (uiparser.py:128) -> new topwidget <PyQt6.QtWidgets.QFrame object at 0x0000025D642D9E50>
2026-07-14 11:14:13,554 [DEBUG] (uiparser.py:114) -> pop layout QHBoxLayout emailLayout
2026-07-14 11:14:13,554 [DEBUG] (properties.py:415) -> setting property styleSheet
2026-07-14 11:14:13,554 [DEBUG] (properties.py:415) -> setting property text
2026-07-14 11:14:13,554 [DEBUG] (uiparser.py:106) -> push QLabel label_birth_date_title
2026-07-14 11:14:13,554 [DEBUG] (uiparser.py:120) -> pop widget QLabel label_birth_date_title
2026-07-14 11:14:13,554 [DEBUG] (uiparser.py:128) -> new topwidget <PyQt6.QtWidgets.QFrame object at 0x0000025D642D9E50>
2026-07-14 11:14:13,554 [DEBUG] (properties.py:415) -> setting property styleSheet
2026-07-14 11:14:13,554 [DEBUG] (uiparser.py:106) -> push QLabel label_birth_date_value
2026-07-14 11:14:13,554 [DEBUG] (uiparser.py:120) -> pop widget QLabel label_birth_date_value
2026-07-14 11:14:13,554 [DEBUG] (uiparser.py:128) -> new topwidget <PyQt6.QtWidgets.QFrame object at 0x0000025D642D9E50>
2026-07-14 11:14:13,555 [DEBUG] (properties.py:415) -> setting property styleSheet
2026-07-14 11:14:13,555 [DEBUG] (properties.py:415) -> setting property text
2026-07-14 11:14:13,555 [DEBUG] (uiparser.py:106) -> push QLabel label_division_title
2026-07-14 11:14:13,555 [DEBUG] (uiparser.py:120) -> pop widget QLabel label_division_title
2026-07-14 11:14:13,555 [DEBUG] (uiparser.py:128) -> new topwidget <PyQt6.QtWidgets.QFrame object at 0x0000025D642D9E50>
2026-07-14 11:14:13,555 [DEBUG] (properties.py:415) -> setting property styleSheet
2026-07-14 11:14:13,555 [DEBUG] (uiparser.py:106) -> push QLabel label_division_value
2026-07-14 11:14:13,555 [DEBUG] (uiparser.py:120) -> pop widget QLabel label_division_value
2026-07-14 11:14:13,555 [DEBUG] (uiparser.py:128) -> new topwidget <PyQt6.QtWidgets.QFrame object at 0x0000025D642D9E50>
2026-07-14 11:14:13,555 [DEBUG] (uiparser.py:114) -> pop layout QFormLayout formLayout
2026-07-14 11:14:13,555 [DEBUG] (uiparser.py:120) -> pop widget QFrame infoFrame
2026-07-14 11:14:13,555 [DEBUG] (uiparser.py:128) -> new topwidget <PyQt6.QtWidgets.QWidget object at 0x0000025D642D9DB0>
2026-07-14 11:14:13,555 [DEBUG] (properties.py:415) -> setting property currentIndex
2026-07-14 11:14:13,555 [DEBUG] (uiparser.py:106) -> push QTabWidget tabWidget
2026-07-14 11:14:13,555 [DEBUG] (uiparser.py:106) -> push QWidget tabMyOvertime
2026-07-14 11:14:13,555 [DEBUG] (properties.py:415) -> setting property spacing
2026-07-14 11:14:13,555 [DEBUG] (properties.py:415) -> setting property leftMargin
2026-07-14 11:14:13,555 [DEBUG] (properties.py:415) -> setting property topMargin
2026-07-14 11:14:13,555 [DEBUG] (properties.py:415) -> setting property rightMargin
2026-07-14 11:14:13,555 [DEBUG] (properties.py:415) -> setting property bottomMargin
2026-07-14 11:14:13,555 [DEBUG] (properties.py:415) -> setting property pyuicMargins
2026-07-14 11:14:13,555 [DEBUG] (properties.py:415) -> setting property pyuicSpacing
2026-07-14 11:14:13,555 [DEBUG] (uiparser.py:106) -> push QVBoxLayout myOvertimeLayout
2026-07-14 11:14:13,555 [DEBUG] (uiparser.py:106) -> push QHBoxLayout myOvertimeButtonsLayout
2026-07-14 11:14:13,555 [DEBUG] (properties.py:415) -> setting property cursor
2026-07-14 11:14:13,555 [DEBUG] (properties.py:415) -> setting property text
2026-07-14 11:14:13,555 [DEBUG] (uiparser.py:106) -> push QPushButton btnSelectPeriod
2026-07-14 11:14:13,555 [DEBUG] (uiparser.py:120) -> pop widget QPushButton btnSelectPeriod
2026-07-14 11:14:13,555 [DEBUG] (uiparser.py:128) -> new topwidget <PyQt6.QtWidgets.QWidget object at 0x0000025D642DAF30>
2026-07-14 11:14:13,555 [DEBUG] (uiparser.py:114) -> pop layout QHBoxLayout myOvertimeButtonsLayout
2026-07-14 11:14:13,556 [DEBUG] (properties.py:415) -> setting property editTriggers
2026-07-14 11:14:13,556 [DEBUG] (properties.py:415) -> setting property selectionBehavior
2026-07-14 11:14:13,556 [DEBUG] (uiparser.py:106) -> push QTableWidget myOvertimeTable
2026-07-14 11:14:13,556 [DEBUG] (uiparser.py:120) -> pop widget QTableWidget myOvertimeTable
2026-07-14 11:14:13,556 [DEBUG] (uiparser.py:128) -> new topwidget <PyQt6.QtWidgets.QWidget object at 0x0000025D642DAF30>
2026-07-14 11:14:13,556 [DEBUG] (uiparser.py:114) -> pop layout QVBoxLayout myOvertimeLayout
2026-07-14 11:14:13,556 [DEBUG] (uiparser.py:120) -> pop widget QWidget tabMyOvertime
2026-07-14 11:14:13,556 [DEBUG] (uiparser.py:128) -> new topwidget <PyQt6.QtWidgets.QTabWidget object at 0x0000025D642DAE90>
2026-07-14 11:14:13,556 [DEBUG] (uiparser.py:106) -> push QWidget tabAllOvertime
2026-07-14 11:14:13,556 [DEBUG] (properties.py:415) -> setting property spacing
2026-07-14 11:14:13,556 [DEBUG] (properties.py:415) -> setting property leftMargin
2026-07-14 11:14:13,556 [DEBUG] (properties.py:415) -> setting property topMargin
2026-07-14 11:14:13,556 [DEBUG] (properties.py:415) -> setting property rightMargin
2026-07-14 11:14:13,556 [DEBUG] (properties.py:415) -> setting property bottomMargin
2026-07-14 11:14:13,556 [DEBUG] (properties.py:415) -> setting property pyuicMargins
2026-07-14 11:14:13,556 [DEBUG] (properties.py:415) -> setting property pyuicSpacing
2026-07-14 11:14:13,556 [DEBUG] (uiparser.py:106) -> push QVBoxLayout allOvertimeLayout
2026-07-14 11:14:13,556 [DEBUG] (uiparser.py:106) -> push QHBoxLayout allOvertimeFiltersLayout
2026-07-14 11:14:13,557 [DEBUG] (properties.py:415) -> setting property maximumSize
2026-07-14 11:14:13,557 [DEBUG] (properties.py:415) -> setting property placeholderText
2026-07-14 11:14:13,557 [DEBUG] (uiparser.py:106) -> push QComboBox comboDepartment
2026-07-14 11:14:13,557 [DEBUG] (uiparser.py:120) -> pop widget QComboBox comboDepartment
2026-07-14 11:14:13,557 [DEBUG] (uiparser.py:128) -> new topwidget <PyQt6.QtWidgets.QWidget object at 0x0000025D642DB2F0>
2026-07-14 11:14:13,557 [DEBUG] (properties.py:415) -> setting property cursor
2026-07-14 11:14:13,557 [DEBUG] (properties.py:415) -> setting property text
2026-07-14 11:14:13,557 [DEBUG] (uiparser.py:106) -> push QPushButton btnSelectPeriodAll
2026-07-14 11:14:13,557 [DEBUG] (uiparser.py:120) -> pop widget QPushButton btnSelectPeriodAll
2026-07-14 11:14:13,557 [DEBUG] (uiparser.py:128) -> new topwidget <PyQt6.QtWidgets.QWidget object at 0x0000025D642DB2F0>
2026-07-14 11:14:13,557 [DEBUG] (properties.py:415) -> setting property cursor
2026-07-14 11:14:13,557 [DEBUG] (properties.py:415) -> setting property text
2026-07-14 11:14:13,557 [DEBUG] (uiparser.py:106) -> push QPushButton btnClearFilters
2026-07-14 11:14:13,557 [DEBUG] (uiparser.py:120) -> pop widget QPushButton btnClearFilters
2026-07-14 11:14:13,557 [DEBUG] (uiparser.py:128) -> new topwidget <PyQt6.QtWidgets.QWidget object at 0x0000025D642DB2F0>
2026-07-14 11:14:13,557 [DEBUG] (properties.py:415) -> setting property cursor
2026-07-14 11:14:13,557 [DEBUG] (properties.py:415) -> setting property text
2026-07-14 11:14:13,557 [DEBUG] (uiparser.py:106) -> push QPushButton btnExport
2026-07-14 11:14:13,557 [DEBUG] (uiparser.py:120) -> pop widget QPushButton btnExport
2026-07-14 11:14:13,557 [DEBUG] (uiparser.py:128) -> new topwidget <PyQt6.QtWidgets.QWidget object at 0x0000025D642DB2F0>
2026-07-14 11:14:13,557 [DEBUG] (properties.py:415) -> setting property cursor
2026-07-14 11:14:13,557 [DEBUG] (properties.py:415) -> setting property text
2026-07-14 11:14:13,557 [DEBUG] (uiparser.py:106) -> push QPushButton btnAddOvertimeAll
2026-07-14 11:14:13,557 [DEBUG] (uiparser.py:120) -> pop widget QPushButton btnAddOvertimeAll
2026-07-14 11:14:13,557 [DEBUG] (uiparser.py:128) -> new topwidget <PyQt6.QtWidgets.QWidget object at 0x0000025D642DB2F0>
2026-07-14 11:14:13,557 [DEBUG] (uiparser.py:114) -> pop layout QHBoxLayout allOvertimeFiltersLayout
2026-07-14 11:14:13,558 [DEBUG] (properties.py:415) -> setting property editTriggers
2026-07-14 11:14:13,558 [DEBUG] (properties.py:415) -> setting property selectionBehavior
2026-07-14 11:14:13,558 [DEBUG] (uiparser.py:106) -> push QTableWidget allOvertimeTable
2026-07-14 11:14:13,558 [DEBUG] (uiparser.py:120) -> pop widget QTableWidget allOvertimeTable
2026-07-14 11:14:13,558 [DEBUG] (uiparser.py:128) -> new topwidget <PyQt6.QtWidgets.QWidget object at 0x0000025D642DB2F0>
2026-07-14 11:14:13,558 [DEBUG] (uiparser.py:114) -> pop layout QVBoxLayout allOvertimeLayout
2026-07-14 11:14:13,558 [DEBUG] (uiparser.py:120) -> pop widget QWidget tabAllOvertime
2026-07-14 11:14:13,558 [DEBUG] (uiparser.py:128) -> new topwidget <PyQt6.QtWidgets.QTabWidget object at 0x0000025D642DAE90>
2026-07-14 11:14:13,558 [DEBUG] (uiparser.py:120) -> pop widget QTabWidget tabWidget
2026-07-14 11:14:13,558 [DEBUG] (uiparser.py:128) -> new topwidget <PyQt6.QtWidgets.QWidget object at 0x0000025D642D9DB0>
2026-07-14 11:14:13,558 [DEBUG] (uiparser.py:114) -> pop layout QVBoxLayout scrollAreaLayout
2026-07-14 11:14:13,558 [DEBUG] (uiparser.py:120) -> pop widget QWidget scrollAreaWidgetContents
2026-07-14 11:14:13,558 [DEBUG] (uiparser.py:128) -> new topwidget <PyQt6.QtWidgets.QScrollArea object at 0x0000025D642D9C70>
2026-07-14 11:14:13,570 [DEBUG] (uiparser.py:120) -> pop widget QScrollArea scrollArea
2026-07-14 11:14:13,570 [DEBUG] (uiparser.py:128) -> new topwidget <client.windows.profile.profile_window.ProfileForm object at 0x0000025D642D9B30>
2026-07-14 11:14:13,570 [DEBUG] (uiparser.py:114) -> pop layout QVBoxLayout mainLayout
2026-07-14 11:14:13,570 [DEBUG] (uiparser.py:120) -> pop widget ProfileForm ProfileForm
2026-07-14 11:14:13,570 [DEBUG] (uiparser.py:128) -> new topwidget None
2026-07-14 11:14:13,571 [DEBUG] (uiparser.py:838) -> toplevel widget is SystemTab
2026-07-14 11:14:13,571 [DEBUG] (properties.py:415) -> setting property geometry
2026-07-14 11:14:13,571 [DEBUG] (properties.py:415) -> setting property windowTitle
2026-07-14 11:14:13,571 [DEBUG] (properties.py:415) -> setting property styleSheet
2026-07-14 11:14:13,571 [DEBUG] (uiparser.py:106) -> push SystemTab SystemTab
2026-07-14 11:14:13,572 [DEBUG] (properties.py:415) -> setting property leftMargin
2026-07-14 11:14:13,572 [DEBUG] (properties.py:415) -> setting property topMargin
2026-07-14 11:14:13,572 [DEBUG] (properties.py:415) -> setting property rightMargin
2026-07-14 11:14:13,572 [DEBUG] (properties.py:415) -> setting property bottomMargin
2026-07-14 11:14:13,572 [DEBUG] (properties.py:415) -> setting property pyuicMargins
2026-07-14 11:14:13,572 [DEBUG] (uiparser.py:106) -> push QVBoxLayout verticalLayout
2026-07-14 11:14:13,572 [DEBUG] (properties.py:415) -> setting property minimumSize
2026-07-14 11:14:13,572 [DEBUG] (properties.py:415) -> setting property maximumSize
2026-07-14 11:14:13,572 [DEBUG] (properties.py:415) -> setting property styleSheet
2026-07-14 11:14:13,572 [DEBUG] (properties.py:415) -> setting property fixedHeight
2026-07-14 11:14:13,572 [DEBUG] (uiparser.py:106) -> push QFrame headerFrame
2026-07-14 11:14:13,572 [DEBUG] (properties.py:415) -> setting property leftMargin
2026-07-14 11:14:13,572 [DEBUG] (properties.py:415) -> setting property topMargin
2026-07-14 11:14:13,572 [DEBUG] (properties.py:415) -> setting property rightMargin
2026-07-14 11:14:13,572 [DEBUG] (properties.py:415) -> setting property bottomMargin
2026-07-14 11:14:13,572 [DEBUG] (properties.py:415) -> setting property pyuicMargins
2026-07-14 11:14:13,572 [DEBUG] (uiparser.py:106) -> push QHBoxLayout headerLayout
2026-07-14 11:14:13,572 [DEBUG] (properties.py:415) -> setting property styleSheet
2026-07-14 11:14:13,572 [DEBUG] (properties.py:415) -> setting property text
2026-07-14 11:14:13,572 [DEBUG] (uiparser.py:106) -> push QLabel titleLabel
2026-07-14 11:14:13,572 [DEBUG] (uiparser.py:120) -> pop widget QLabel titleLabel
2026-07-14 11:14:13,572 [DEBUG] (uiparser.py:128) -> new topwidget <PyQt6.QtWidgets.QFrame object at 0x0000025D642ECE10>
2026-07-14 11:14:13,572 [DEBUG] (uiparser.py:114) -> pop layout QHBoxLayout headerLayout
2026-07-14 11:14:13,572 [DEBUG] (uiparser.py:120) -> pop widget QFrame headerFrame
2026-07-14 11:14:13,572 [DEBUG] (uiparser.py:128) -> new topwidget <client.windows.system.tab_system.SystemTab object at 0x0000025D642ECD70>
2026-07-14 11:14:13,572 [DEBUG] (uiparser.py:106) -> push QWidget contentWidget
2026-07-14 11:14:13,572 [DEBUG] (properties.py:415) -> setting property leftMargin
2026-07-14 11:14:13,572 [DEBUG] (properties.py:415) -> setting property topMargin
2026-07-14 11:14:13,572 [DEBUG] (properties.py:415) -> setting property rightMargin
2026-07-14 11:14:13,572 [DEBUG] (properties.py:415) -> setting property bottomMargin
2026-07-14 11:14:13,572 [DEBUG] (properties.py:415) -> setting property pyuicMargins
2026-07-14 11:14:13,572 [DEBUG] (uiparser.py:106) -> push QVBoxLayout contentLayout
2026-07-14 11:14:13,572 [DEBUG] (properties.py:415) -> setting property currentIndex
2026-07-14 11:14:13,572 [DEBUG] (properties.py:415) -> setting property tabsClosable
2026-07-14 11:14:13,572 [DEBUG] (properties.py:415) -> setting property movable
2026-07-14 11:14:13,572 [DEBUG] (uiparser.py:106) -> push QTabWidget tabWidget
2026-07-14 11:14:13,572 [DEBUG] (uiparser.py:120) -> pop widget QTabWidget tabWidget
2026-07-14 11:14:13,572 [DEBUG] (uiparser.py:128) -> new topwidget <PyQt6.QtWidgets.QWidget object at 0x0000025D642ED130>
2026-07-14 11:14:13,572 [DEBUG] (uiparser.py:114) -> pop layout QVBoxLayout contentLayout
2026-07-14 11:14:13,572 [DEBUG] (uiparser.py:120) -> pop widget QWidget contentWidget
2026-07-14 11:14:13,572 [DEBUG] (uiparser.py:128) -> new topwidget <client.windows.system.tab_system.SystemTab object at 0x0000025D642ECD70>
2026-07-14 11:14:13,573 [DEBUG] (uiparser.py:114) -> pop layout QVBoxLayout verticalLayout
2026-07-14 11:14:13,573 [DEBUG] (uiparser.py:120) -> pop widget SystemTab SystemTab
2026-07-14 11:14:13,573 [DEBUG] (uiparser.py:128) -> new topwidget None
2026-07-14 11:14:13,574 [DEBUG] (uiparser.py:838) -> toplevel widget is EmployeesPage
2026-07-14 11:14:13,574 [DEBUG] (properties.py:415) -> setting property geometry
2026-07-14 11:14:13,574 [DEBUG] (properties.py:415) -> setting property windowTitle
2026-07-14 11:14:13,574 [DEBUG] (properties.py:415) -> setting property styleSheet
2026-07-14 11:14:13,574 [DEBUG] (uiparser.py:106) -> push EmployeesPage EmployeesPage
2026-07-14 11:14:13,574 [DEBUG] (properties.py:415) -> setting property spacing
2026-07-14 11:14:13,574 [DEBUG] (properties.py:415) -> setting property leftMargin
2026-07-14 11:14:13,574 [DEBUG] (properties.py:415) -> setting property topMargin
2026-07-14 11:14:13,574 [DEBUG] (properties.py:415) -> setting property rightMargin
2026-07-14 11:14:13,574 [DEBUG] (properties.py:415) -> setting property bottomMargin
2026-07-14 11:14:13,574 [DEBUG] (properties.py:415) -> setting property pyuicMargins
2026-07-14 11:14:13,574 [DEBUG] (properties.py:415) -> setting property pyuicSpacing
2026-07-14 11:14:13,574 [DEBUG] (uiparser.py:106) -> push QVBoxLayout mainLayout
2026-07-14 11:14:13,574 [DEBUG] (properties.py:415) -> setting property spacing
2026-07-14 11:14:13,574 [DEBUG] (properties.py:415) -> setting property pyuicSpacing
2026-07-14 11:14:13,574 [DEBUG] (uiparser.py:106) -> push QHBoxLayout toolbarLayout
2026-07-14 11:14:13,574 [DEBUG] (properties.py:415) -> setting property minimumSize
2026-07-14 11:14:13,574 [DEBUG] (properties.py:415) -> setting property maximumSize
2026-07-14 11:14:13,574 [DEBUG] (properties.py:415) -> setting property styleSheet
2026-07-14 11:14:13,574 [DEBUG] (properties.py:415) -> setting property placeholderText
2026-07-14 11:14:13,574 [DEBUG] (uiparser.py:106) -> push QLineEdit searchEdit
2026-07-14 11:14:13,574 [DEBUG] (uiparser.py:120) -> pop widget QLineEdit searchEdit
2026-07-14 11:14:13,574 [DEBUG] (uiparser.py:128) -> new topwidget <client.windows.system.employees.employee_page.EmployeesPage object at 0x0000025D642ED3B0>
2026-07-14 11:14:13,574 [DEBUG] (properties.py:415) -> setting property minimumSize
2026-07-14 11:14:13,574 [DEBUG] (properties.py:415) -> setting property styleSheet
2026-07-14 11:14:13,574 [DEBUG] (properties.py:415) -> setting property text
2026-07-14 11:14:13,574 [DEBUG] (uiparser.py:106) -> push QPushButton btnSort
2026-07-14 11:14:13,574 [DEBUG] (uiparser.py:120) -> pop widget QPushButton btnSort
2026-07-14 11:14:13,574 [DEBUG] (uiparser.py:128) -> new topwidget <client.windows.system.employees.employee_page.EmployeesPage object at 0x0000025D642ED3B0>
2026-07-14 11:14:13,574 [DEBUG] (properties.py:415) -> setting property minimumSize
2026-07-14 11:14:13,574 [DEBUG] (properties.py:415) -> setting property styleSheet
2026-07-14 11:14:13,574 [DEBUG] (uiparser.py:106) -> push QComboBox comboOrganization
2026-07-14 11:14:13,574 [DEBUG] (uiparser.py:120) -> pop widget QComboBox comboOrganization
2026-07-14 11:14:13,574 [DEBUG] (uiparser.py:128) -> new topwidget <client.windows.system.employees.employee_page.EmployeesPage object at 0x0000025D642ED3B0>
2026-07-14 11:14:13,574 [DEBUG] (properties.py:415) -> setting property sizePolicy
2026-07-14 11:14:13,574 [DEBUG] (uiparser.py:106) -> push QWidget dynamicFiltersWidget
2026-07-14 11:14:13,574 [DEBUG] (properties.py:415) -> setting property spacing
2026-07-14 11:14:13,574 [DEBUG] (properties.py:415) -> setting property leftMargin
2026-07-14 11:14:13,574 [DEBUG] (properties.py:415) -> setting property topMargin
2026-07-14 11:14:13,574 [DEBUG] (properties.py:415) -> setting property rightMargin
2026-07-14 11:14:13,574 [DEBUG] (properties.py:415) -> setting property bottomMargin
2026-07-14 11:14:13,574 [DEBUG] (properties.py:415) -> setting property pyuicMargins
2026-07-14 11:14:13,574 [DEBUG] (properties.py:415) -> setting property pyuicSpacing
2026-07-14 11:14:13,574 [DEBUG] (uiparser.py:106) -> push QHBoxLayout dynamicFiltersLayout
2026-07-14 11:14:13,575 [DEBUG] (uiparser.py:114) -> pop layout QHBoxLayout dynamicFiltersLayout
2026-07-14 11:14:13,575 [DEBUG] (uiparser.py:120) -> pop widget QWidget dynamicFiltersWidget
2026-07-14 11:14:13,575 [DEBUG] (uiparser.py:128) -> new topwidget <client.windows.system.employees.employee_page.EmployeesPage object at 0x0000025D642ED3B0>
2026-07-14 11:14:13,575 [DEBUG] (properties.py:415) -> setting property minimumSize
2026-07-14 11:14:13,575 [DEBUG] (properties.py:415) -> setting property maximumSize
2026-07-14 11:14:13,575 [DEBUG] (properties.py:415) -> setting property toolTip
2026-07-14 11:14:13,575 [DEBUG] (properties.py:415) -> setting property styleSheet
2026-07-14 11:14:13,575 [DEBUG] (properties.py:415) -> setting property text
2026-07-14 11:14:13,575 [DEBUG] (uiparser.py:106) -> push QPushButton btnResetFilters
2026-07-14 11:14:13,575 [DEBUG] (uiparser.py:120) -> pop widget QPushButton btnResetFilters
2026-07-14 11:14:13,575 [DEBUG] (uiparser.py:128) -> new topwidget <client.windows.system.employees.employee_page.EmployeesPage object at 0x0000025D642ED3B0>
2026-07-14 11:14:13,575 [DEBUG] (uiparser.py:114) -> pop layout QHBoxLayout toolbarLayout
2026-07-14 11:14:13,575 [DEBUG] (properties.py:415) -> setting property styleSheet
2026-07-14 11:14:13,575 [DEBUG] (properties.py:415) -> setting property widgetResizable
2026-07-14 11:14:13,575 [DEBUG] (uiparser.py:106) -> push QScrollArea scrollArea
2026-07-14 11:14:13,575 [DEBUG] (properties.py:415) -> setting property geometry
2026-07-14 11:14:13,575 [DEBUG] (uiparser.py:106) -> push QWidget scrollAreaWidgetContents
2026-07-14 11:14:13,575 [DEBUG] (properties.py:415) -> setting property spacing
2026-07-14 11:14:13,575 [DEBUG] (properties.py:415) -> setting property leftMargin
2026-07-14 11:14:13,575 [DEBUG] (properties.py:415) -> setting property topMargin
2026-07-14 11:14:13,575 [DEBUG] (properties.py:415) -> setting property rightMargin
2026-07-14 11:14:13,575 [DEBUG] (properties.py:415) -> setting property bottomMargin
2026-07-14 11:14:13,575 [DEBUG] (properties.py:415) -> setting property pyuicMargins
2026-07-14 11:14:13,575 [DEBUG] (properties.py:415) -> setting property pyuicSpacing
2026-07-14 11:14:13,575 [DEBUG] (uiparser.py:106) -> push QVBoxLayout scrollAreaLayout
2026-07-14 11:14:13,575 [DEBUG] (uiparser.py:114) -> pop layout QVBoxLayout scrollAreaLayout
2026-07-14 11:14:13,575 [DEBUG] (uiparser.py:120) -> pop widget QWidget scrollAreaWidgetContents
2026-07-14 11:14:13,575 [DEBUG] (uiparser.py:128) -> new topwidget <PyQt6.QtWidgets.QScrollArea object at 0x0000025D642ED9F0>
2026-07-14 11:14:13,575 [DEBUG] (uiparser.py:120) -> pop widget QScrollArea scrollArea
2026-07-14 11:14:13,575 [DEBUG] (uiparser.py:128) -> new topwidget <client.windows.system.employees.employee_page.EmployeesPage object at 0x0000025D642ED3B0>
2026-07-14 11:14:13,575 [DEBUG] (uiparser.py:114) -> pop layout QVBoxLayout mainLayout
2026-07-14 11:14:13,575 [DEBUG] (uiparser.py:120) -> pop widget EmployeesPage EmployeesPage
2026-07-14 11:14:13,575 [DEBUG] (uiparser.py:128) -> new topwidget None
2026-07-14 11:14:13,577 [DEBUG] (uiparser.py:838) -> toplevel widget is EmployeeCard
2026-07-14 11:14:13,577 [DEBUG] (properties.py:415) -> setting property geometry
2026-07-14 11:14:13,577 [DEBUG] (properties.py:415) -> setting property minimumSize
2026-07-14 11:14:13,577 [DEBUG] (properties.py:415) -> setting property maximumSize
2026-07-14 11:14:13,577 [DEBUG] (properties.py:415) -> setting property sizePolicy
2026-07-14 11:14:13,577 [DEBUG] (properties.py:415) -> setting property styleSheet
2026-07-14 11:14:13,578 [DEBUG] (uiparser.py:106) -> push EmployeeCard EmployeeCard
2026-07-14 11:14:13,578 [DEBUG] (properties.py:415) -> setting property spacing
2026-07-14 11:14:13,578 [DEBUG] (properties.py:415) -> setting property leftMargin
2026-07-14 11:14:13,578 [DEBUG] (properties.py:415) -> setting property topMargin
2026-07-14 11:14:13,578 [DEBUG] (properties.py:415) -> setting property rightMargin
2026-07-14 11:14:13,578 [DEBUG] (properties.py:415) -> setting property bottomMargin
2026-07-14 11:14:13,578 [DEBUG] (properties.py:415) -> setting property pyuicMargins
2026-07-14 11:14:13,578 [DEBUG] (properties.py:415) -> setting property pyuicSpacing
2026-07-14 11:14:13,578 [DEBUG] (uiparser.py:106) -> push QHBoxLayout horizontalLayout
2026-07-14 11:14:13,578 [DEBUG] (properties.py:415) -> setting property spacing
2026-07-14 11:14:13,578 [DEBUG] (properties.py:415) -> setting property pyuicSpacing
2026-07-14 11:14:13,578 [DEBUG] (uiparser.py:106) -> push QHBoxLayout buttonsLayout
2026-07-14 11:14:13,578 [DEBUG] (properties.py:415) -> setting property spacing
2026-07-14 11:14:13,578 [DEBUG] (properties.py:415) -> setting property topMargin
2026-07-14 11:14:13,578 [DEBUG] (properties.py:415) -> setting property bottomMargin
2026-07-14 11:14:13,578 [DEBUG] (properties.py:415) -> setting property pyuicMargins
2026-07-14 11:14:13,578 [DEBUG] (properties.py:415) -> setting property pyuicSpacing
2026-07-14 11:14:13,578 [DEBUG] (uiparser.py:106) -> push QVBoxLayout infoLayout
2026-07-14 11:14:13,578 [DEBUG] (properties.py:415) -> setting property sizePolicy
2026-07-14 11:14:13,578 [DEBUG] (properties.py:415) -> setting property wordWrap
2026-07-14 11:14:13,578 [DEBUG] (properties.py:415) -> setting property styleSheet
2026-07-14 11:14:13,578 [DEBUG] (properties.py:415) -> setting property text
2026-07-14 11:14:13,578 [DEBUG] (uiparser.py:106) -> push QLabel nameLabel
2026-07-14 11:14:13,578 [DEBUG] (uiparser.py:120) -> pop widget QLabel nameLabel
2026-07-14 11:14:13,578 [DEBUG] (uiparser.py:128) -> new topwidget <client.windows.system.employees.employee_card.EmployeeCard object at 0x0000025D642EEB70>
2026-07-14 11:14:13,578 [DEBUG] (properties.py:415) -> setting property sizePolicy
2026-07-14 11:14:13,578 [DEBUG] (properties.py:415) -> setting property wordWrap
2026-07-14 11:14:13,578 [DEBUG] (properties.py:415) -> setting property styleSheet
2026-07-14 11:14:13,578 [DEBUG] (properties.py:415) -> setting property text
2026-07-14 11:14:13,578 [DEBUG] (uiparser.py:106) -> push QLabel positionLabel
2026-07-14 11:14:13,578 [DEBUG] (uiparser.py:120) -> pop widget QLabel positionLabel
2026-07-14 11:14:13,578 [DEBUG] (uiparser.py:128) -> new topwidget <client.windows.system.employees.employee_card.EmployeeCard object at 0x0000025D642EEB70>
2026-07-14 11:14:13,578 [DEBUG] (properties.py:415) -> setting property sizePolicy
2026-07-14 11:14:13,578 [DEBUG] (properties.py:415) -> setting property wordWrap
2026-07-14 11:14:13,578 [DEBUG] (properties.py:415) -> setting property styleSheet
2026-07-14 11:14:13,578 [DEBUG] (properties.py:415) -> setting property text
2026-07-14 11:14:13,578 [DEBUG] (uiparser.py:106) -> push QLabel departmentLabel
2026-07-14 11:14:13,578 [DEBUG] (uiparser.py:120) -> pop widget QLabel departmentLabel
2026-07-14 11:14:13,578 [DEBUG] (uiparser.py:128) -> new topwidget <client.windows.system.employees.employee_card.EmployeeCard object at 0x0000025D642EEB70>
2026-07-14 11:14:13,578 [DEBUG] (properties.py:415) -> setting property sizePolicy
2026-07-14 11:14:13,578 [DEBUG] (properties.py:415) -> setting property wordWrap
2026-07-14 11:14:13,578 [DEBUG] (properties.py:415) -> setting property styleSheet
2026-07-14 11:14:13,578 [DEBUG] (properties.py:415) -> setting property text
2026-07-14 11:14:13,578 [DEBUG] (uiparser.py:106) -> push QLabel workPhoneLabel
2026-07-14 11:14:13,578 [DEBUG] (uiparser.py:120) -> pop widget QLabel workPhoneLabel
2026-07-14 11:14:13,578 [DEBUG] (uiparser.py:128) -> new topwidget <client.windows.system.employees.employee_card.EmployeeCard object at 0x0000025D642EEB70>
2026-07-14 11:14:13,579 [DEBUG] (properties.py:415) -> setting property sizePolicy
2026-07-14 11:14:13,579 [DEBUG] (properties.py:415) -> setting property wordWrap
2026-07-14 11:14:13,579 [DEBUG] (properties.py:415) -> setting property styleSheet
2026-07-14 11:14:13,579 [DEBUG] (properties.py:415) -> setting property text
2026-07-14 11:14:13,579 [DEBUG] (uiparser.py:106) -> push QLabel emailLabel
2026-07-14 11:14:13,579 [DEBUG] (uiparser.py:120) -> pop widget QLabel emailLabel
2026-07-14 11:14:13,579 [DEBUG] (uiparser.py:128) -> new topwidget <client.windows.system.employees.employee_card.EmployeeCard object at 0x0000025D642EEB70>
2026-07-14 11:14:13,579 [DEBUG] (properties.py:415) -> setting property sizePolicy
2026-07-14 11:14:13,579 [DEBUG] (properties.py:415) -> setting property wordWrap
2026-07-14 11:14:13,579 [DEBUG] (properties.py:415) -> setting property styleSheet
2026-07-14 11:14:13,579 [DEBUG] (properties.py:415) -> setting property text
2026-07-14 11:14:13,579 [DEBUG] (uiparser.py:106) -> push QLabel rightsLabel
2026-07-14 11:14:13,579 [DEBUG] (uiparser.py:120) -> pop widget QLabel rightsLabel
2026-07-14 11:14:13,579 [DEBUG] (uiparser.py:128) -> new topwidget <client.windows.system.employees.employee_card.EmployeeCard object at 0x0000025D642EEB70>
2026-07-14 11:14:13,579 [DEBUG] (uiparser.py:114) -> pop layout QVBoxLayout infoLayout
2026-07-14 11:14:13,579 [DEBUG] (properties.py:415) -> setting property minimumSize
2026-07-14 11:14:13,579 [DEBUG] (properties.py:415) -> setting property maximumSize
2026-07-14 11:14:13,579 [DEBUG] (properties.py:415) -> setting property cursor
2026-07-14 11:14:13,579 [DEBUG] (properties.py:415) -> setting property styleSheet
2026-07-14 11:14:13,579 [DEBUG] (properties.py:415) -> setting property text
2026-07-14 11:14:13,579 [DEBUG] (uiparser.py:106) -> push QPushButton editBtn
2026-07-14 11:14:13,579 [DEBUG] (uiparser.py:120) -> pop widget QPushButton editBtn
2026-07-14 11:14:13,579 [DEBUG] (uiparser.py:128) -> new topwidget <client.windows.system.employees.employee_card.EmployeeCard object at 0x0000025D642EEB70>
2026-07-14 11:14:13,579 [DEBUG] (properties.py:415) -> setting property minimumSize
2026-07-14 11:14:13,579 [DEBUG] (properties.py:415) -> setting property maximumSize
2026-07-14 11:14:13,579 [DEBUG] (properties.py:415) -> setting property cursor
2026-07-14 11:14:13,579 [DEBUG] (properties.py:415) -> setting property styleSheet
2026-07-14 11:14:13,579 [DEBUG] (properties.py:415) -> setting property text
2026-07-14 11:14:13,579 [DEBUG] (uiparser.py:106) -> push QPushButton deleteBtn
2026-07-14 11:14:13,579 [DEBUG] (uiparser.py:120) -> pop widget QPushButton deleteBtn
2026-07-14 11:14:13,579 [DEBUG] (uiparser.py:128) -> new topwidget <client.windows.system.employees.employee_card.EmployeeCard object at 0x0000025D642EEB70>
2026-07-14 11:14:13,579 [DEBUG] (uiparser.py:114) -> pop layout QHBoxLayout buttonsLayout
2026-07-14 11:14:13,579 [DEBUG] (uiparser.py:114) -> pop layout QHBoxLayout horizontalLayout
2026-07-14 11:14:13,579 [DEBUG] (uiparser.py:120) -> pop widget EmployeeCard EmployeeCard
2026-07-14 11:14:13,579 [DEBUG] (uiparser.py:128) -> new topwidget None
2026-07-14 11:14:13,581 [DEBUG] (uiparser.py:838) -> toplevel widget is EmployeeCard
2026-07-14 11:14:13,581 [DEBUG] (properties.py:415) -> setting property geometry
2026-07-14 11:14:13,581 [DEBUG] (properties.py:415) -> setting property minimumSize
2026-07-14 11:14:13,581 [DEBUG] (properties.py:415) -> setting property maximumSize
2026-07-14 11:14:13,581 [DEBUG] (properties.py:415) -> setting property sizePolicy
2026-07-14 11:14:13,581 [DEBUG] (properties.py:415) -> setting property styleSheet
2026-07-14 11:14:13,581 [DEBUG] (uiparser.py:106) -> push EmployeeCard EmployeeCard
2026-07-14 11:14:13,581 [DEBUG] (properties.py:415) -> setting property spacing
2026-07-14 11:14:13,581 [DEBUG] (properties.py:415) -> setting property leftMargin
2026-07-14 11:14:13,581 [DEBUG] (properties.py:415) -> setting property topMargin
2026-07-14 11:14:13,581 [DEBUG] (properties.py:415) -> setting property rightMargin
2026-07-14 11:14:13,581 [DEBUG] (properties.py:415) -> setting property bottomMargin
2026-07-14 11:14:13,581 [DEBUG] (properties.py:415) -> setting property pyuicMargins
2026-07-14 11:14:13,581 [DEBUG] (properties.py:415) -> setting property pyuicSpacing
2026-07-14 11:14:13,581 [DEBUG] (uiparser.py:106) -> push QHBoxLayout horizontalLayout
2026-07-14 11:14:13,581 [DEBUG] (properties.py:415) -> setting property spacing
2026-07-14 11:14:13,581 [DEBUG] (properties.py:415) -> setting property pyuicSpacing
2026-07-14 11:14:13,581 [DEBUG] (uiparser.py:106) -> push QHBoxLayout buttonsLayout
2026-07-14 11:14:13,581 [DEBUG] (properties.py:415) -> setting property spacing
2026-07-14 11:14:13,581 [DEBUG] (properties.py:415) -> setting property topMargin
2026-07-14 11:14:13,581 [DEBUG] (properties.py:415) -> setting property bottomMargin
2026-07-14 11:14:13,581 [DEBUG] (properties.py:415) -> setting property pyuicMargins
2026-07-14 11:14:13,581 [DEBUG] (properties.py:415) -> setting property pyuicSpacing
2026-07-14 11:14:13,581 [DEBUG] (uiparser.py:106) -> push QVBoxLayout infoLayout
2026-07-14 11:14:13,581 [DEBUG] (properties.py:415) -> setting property sizePolicy
2026-07-14 11:14:13,581 [DEBUG] (properties.py:415) -> setting property wordWrap
2026-07-14 11:14:13,581 [DEBUG] (properties.py:415) -> setting property styleSheet
2026-07-14 11:14:13,581 [DEBUG] (properties.py:415) -> setting property text
2026-07-14 11:14:13,581 [DEBUG] (uiparser.py:106) -> push QLabel nameLabel
2026-07-14 11:14:13,581 [DEBUG] (uiparser.py:120) -> pop widget QLabel nameLabel
2026-07-14 11:14:13,581 [DEBUG] (uiparser.py:128) -> new topwidget <client.windows.system.employees.employee_card.EmployeeCard object at 0x0000025D642EF4D0>
2026-07-14 11:14:13,581 [DEBUG] (properties.py:415) -> setting property sizePolicy
2026-07-14 11:14:13,581 [DEBUG] (properties.py:415) -> setting property wordWrap
2026-07-14 11:14:13,581 [DEBUG] (properties.py:415) -> setting property styleSheet
2026-07-14 11:14:13,581 [DEBUG] (properties.py:415) -> setting property text
2026-07-14 11:14:13,581 [DEBUG] (uiparser.py:106) -> push QLabel positionLabel
2026-07-14 11:14:13,581 [DEBUG] (uiparser.py:120) -> pop widget QLabel positionLabel
2026-07-14 11:14:13,582 [DEBUG] (uiparser.py:128) -> new topwidget <client.windows.system.employees.employee_card.EmployeeCard object at 0x0000025D642EF4D0>
2026-07-14 11:14:13,582 [DEBUG] (properties.py:415) -> setting property sizePolicy
2026-07-14 11:14:13,582 [DEBUG] (properties.py:415) -> setting property wordWrap
2026-07-14 11:14:13,582 [DEBUG] (properties.py:415) -> setting property styleSheet
2026-07-14 11:14:13,582 [DEBUG] (properties.py:415) -> setting property text
2026-07-14 11:14:13,582 [DEBUG] (uiparser.py:106) -> push QLabel departmentLabel
2026-07-14 11:14:13,582 [DEBUG] (uiparser.py:120) -> pop widget QLabel departmentLabel
2026-07-14 11:14:13,582 [DEBUG] (uiparser.py:128) -> new topwidget <client.windows.system.employees.employee_card.EmployeeCard object at 0x0000025D642EF4D0>
2026-07-14 11:14:13,582 [DEBUG] (properties.py:415) -> setting property sizePolicy
2026-07-14 11:14:13,582 [DEBUG] (properties.py:415) -> setting property wordWrap
2026-07-14 11:14:13,582 [DEBUG] (properties.py:415) -> setting property styleSheet
2026-07-14 11:14:13,582 [DEBUG] (properties.py:415) -> setting property text
2026-07-14 11:14:13,582 [DEBUG] (uiparser.py:106) -> push QLabel workPhoneLabel
2026-07-14 11:14:13,582 [DEBUG] (uiparser.py:120) -> pop widget QLabel workPhoneLabel
2026-07-14 11:14:13,582 [DEBUG] (uiparser.py:128) -> new topwidget <client.windows.system.employees.employee_card.EmployeeCard object at 0x0000025D642EF4D0>
2026-07-14 11:14:13,582 [DEBUG] (properties.py:415) -> setting property sizePolicy
2026-07-14 11:14:13,582 [DEBUG] (properties.py:415) -> setting property wordWrap
2026-07-14 11:14:13,582 [DEBUG] (properties.py:415) -> setting property styleSheet
2026-07-14 11:14:13,582 [DEBUG] (properties.py:415) -> setting property text
2026-07-14 11:14:13,582 [DEBUG] (uiparser.py:106) -> push QLabel emailLabel
2026-07-14 11:14:13,582 [DEBUG] (uiparser.py:120) -> pop widget QLabel emailLabel
2026-07-14 11:14:13,582 [DEBUG] (uiparser.py:128) -> new topwidget <client.windows.system.employees.employee_card.EmployeeCard object at 0x0000025D642EF4D0>
2026-07-14 11:14:13,582 [DEBUG] (properties.py:415) -> setting property sizePolicy
2026-07-14 11:14:13,582 [DEBUG] (properties.py:415) -> setting property wordWrap
2026-07-14 11:14:13,582 [DEBUG] (properties.py:415) -> setting property styleSheet
2026-07-14 11:14:13,582 [DEBUG] (properties.py:415) -> setting property text
2026-07-14 11:14:13,582 [DEBUG] (uiparser.py:106) -> push QLabel rightsLabel
2026-07-14 11:14:13,582 [DEBUG] (uiparser.py:120) -> pop widget QLabel rightsLabel
2026-07-14 11:14:13,582 [DEBUG] (uiparser.py:128) -> new topwidget <client.windows.system.employees.employee_card.EmployeeCard object at 0x0000025D642EF4D0>
2026-07-14 11:14:13,582 [DEBUG] (uiparser.py:114) -> pop layout QVBoxLayout infoLayout
2026-07-14 11:14:13,582 [DEBUG] (properties.py:415) -> setting property minimumSize
2026-07-14 11:14:13,582 [DEBUG] (properties.py:415) -> setting property maximumSize
2026-07-14 11:14:13,582 [DEBUG] (properties.py:415) -> setting property cursor
2026-07-14 11:14:13,582 [DEBUG] (properties.py:415) -> setting property styleSheet
2026-07-14 11:14:13,582 [DEBUG] (properties.py:415) -> setting property text
2026-07-14 11:14:13,582 [DEBUG] (uiparser.py:106) -> push QPushButton editBtn
2026-07-14 11:14:13,582 [DEBUG] (uiparser.py:120) -> pop widget QPushButton editBtn
2026-07-14 11:14:13,582 [DEBUG] (uiparser.py:128) -> new topwidget <client.windows.system.employees.employee_card.EmployeeCard object at 0x0000025D642EF4D0>
2026-07-14 11:14:13,582 [DEBUG] (properties.py:415) -> setting property minimumSize
2026-07-14 11:14:13,582 [DEBUG] (properties.py:415) -> setting property maximumSize
2026-07-14 11:14:13,582 [DEBUG] (properties.py:415) -> setting property cursor
2026-07-14 11:14:13,582 [DEBUG] (properties.py:415) -> setting property styleSheet
2026-07-14 11:14:13,582 [DEBUG] (properties.py:415) -> setting property text
2026-07-14 11:14:13,582 [DEBUG] (uiparser.py:106) -> push QPushButton deleteBtn
2026-07-14 11:14:13,582 [DEBUG] (uiparser.py:120) -> pop widget QPushButton deleteBtn
2026-07-14 11:14:13,582 [DEBUG] (uiparser.py:128) -> new topwidget <client.windows.system.employees.employee_card.EmployeeCard object at 0x0000025D642EF4D0>
2026-07-14 11:14:13,582 [DEBUG] (uiparser.py:114) -> pop layout QHBoxLayout buttonsLayout
2026-07-14 11:14:13,582 [DEBUG] (uiparser.py:114) -> pop layout QHBoxLayout horizontalLayout
2026-07-14 11:14:13,583 [DEBUG] (uiparser.py:120) -> pop widget EmployeeCard EmployeeCard
2026-07-14 11:14:13,583 [DEBUG] (uiparser.py:128) -> new topwidget None
2026-07-14 11:14:13,584 [DEBUG] (uiparser.py:838) -> toplevel widget is EmployeeCard
2026-07-14 11:14:13,584 [DEBUG] (properties.py:415) -> setting property geometry
2026-07-14 11:14:13,584 [DEBUG] (properties.py:415) -> setting property minimumSize
2026-07-14 11:14:13,584 [DEBUG] (properties.py:415) -> setting property maximumSize
2026-07-14 11:14:13,584 [DEBUG] (properties.py:415) -> setting property sizePolicy
2026-07-14 11:14:13,584 [DEBUG] (properties.py:415) -> setting property styleSheet
2026-07-14 11:14:13,584 [DEBUG] (uiparser.py:106) -> push EmployeeCard EmployeeCard
2026-07-14 11:14:13,584 [DEBUG] (properties.py:415) -> setting property spacing
2026-07-14 11:14:13,584 [DEBUG] (properties.py:415) -> setting property leftMargin
2026-07-14 11:14:13,584 [DEBUG] (properties.py:415) -> setting property topMargin
2026-07-14 11:14:13,584 [DEBUG] (properties.py:415) -> setting property rightMargin
2026-07-14 11:14:13,584 [DEBUG] (properties.py:415) -> setting property bottomMargin
2026-07-14 11:14:13,584 [DEBUG] (properties.py:415) -> setting property pyuicMargins
2026-07-14 11:14:13,584 [DEBUG] (properties.py:415) -> setting property pyuicSpacing
2026-07-14 11:14:13,584 [DEBUG] (uiparser.py:106) -> push QHBoxLayout horizontalLayout
2026-07-14 11:14:13,584 [DEBUG] (properties.py:415) -> setting property spacing
2026-07-14 11:14:13,584 [DEBUG] (properties.py:415) -> setting property pyuicSpacing
2026-07-14 11:14:13,584 [DEBUG] (uiparser.py:106) -> push QHBoxLayout buttonsLayout
2026-07-14 11:14:13,584 [DEBUG] (properties.py:415) -> setting property spacing
2026-07-14 11:14:13,584 [DEBUG] (properties.py:415) -> setting property topMargin
2026-07-14 11:14:13,584 [DEBUG] (properties.py:415) -> setting property bottomMargin
2026-07-14 11:14:13,584 [DEBUG] (properties.py:415) -> setting property pyuicMargins
2026-07-14 11:14:13,584 [DEBUG] (properties.py:415) -> setting property pyuicSpacing
2026-07-14 11:14:13,584 [DEBUG] (uiparser.py:106) -> push QVBoxLayout infoLayout
2026-07-14 11:14:13,585 [DEBUG] (properties.py:415) -> setting property sizePolicy
2026-07-14 11:14:13,585 [DEBUG] (properties.py:415) -> setting property wordWrap
2026-07-14 11:14:13,585 [DEBUG] (properties.py:415) -> setting property styleSheet
2026-07-14 11:14:13,585 [DEBUG] (properties.py:415) -> setting property text
2026-07-14 11:14:13,585 [DEBUG] (uiparser.py:106) -> push QLabel nameLabel
2026-07-14 11:14:13,585 [DEBUG] (uiparser.py:120) -> pop widget QLabel nameLabel
2026-07-14 11:14:13,585 [DEBUG] (uiparser.py:128) -> new topwidget <client.windows.system.employees.employee_card.EmployeeCard object at 0x0000025D642EF6B0>
2026-07-14 11:14:13,585 [DEBUG] (properties.py:415) -> setting property sizePolicy
2026-07-14 11:14:13,585 [DEBUG] (properties.py:415) -> setting property wordWrap
2026-07-14 11:14:13,585 [DEBUG] (properties.py:415) -> setting property styleSheet
2026-07-14 11:14:13,585 [DEBUG] (properties.py:415) -> setting property text
2026-07-14 11:14:13,585 [DEBUG] (uiparser.py:106) -> push QLabel positionLabel
2026-07-14 11:14:13,585 [DEBUG] (uiparser.py:120) -> pop widget QLabel positionLabel
2026-07-14 11:14:13,585 [DEBUG] (uiparser.py:128) -> new topwidget <client.windows.system.employees.employee_card.EmployeeCard object at 0x0000025D642EF6B0>
2026-07-14 11:14:13,585 [DEBUG] (properties.py:415) -> setting property sizePolicy
2026-07-14 11:14:13,585 [DEBUG] (properties.py:415) -> setting property wordWrap
2026-07-14 11:14:13,585 [DEBUG] (properties.py:415) -> setting property styleSheet
2026-07-14 11:14:13,585 [DEBUG] (properties.py:415) -> setting property text
2026-07-14 11:14:13,585 [DEBUG] (uiparser.py:106) -> push QLabel departmentLabel
2026-07-14 11:14:13,585 [DEBUG] (uiparser.py:120) -> pop widget QLabel departmentLabel
2026-07-14 11:14:13,585 [DEBUG] (uiparser.py:128) -> new topwidget <client.windows.system.employees.employee_card.EmployeeCard object at 0x0000025D642EF6B0>
2026-07-14 11:14:13,585 [DEBUG] (properties.py:415) -> setting property sizePolicy
2026-07-14 11:14:13,585 [DEBUG] (properties.py:415) -> setting property wordWrap
2026-07-14 11:14:13,585 [DEBUG] (properties.py:415) -> setting property styleSheet
2026-07-14 11:14:13,585 [DEBUG] (properties.py:415) -> setting property text
2026-07-14 11:14:13,585 [DEBUG] (uiparser.py:106) -> push QLabel workPhoneLabel
2026-07-14 11:14:13,585 [DEBUG] (uiparser.py:120) -> pop widget QLabel workPhoneLabel
2026-07-14 11:14:13,585 [DEBUG] (uiparser.py:128) -> new topwidget <client.windows.system.employees.employee_card.EmployeeCard object at 0x0000025D642EF6B0>
2026-07-14 11:14:13,585 [DEBUG] (properties.py:415) -> setting property sizePolicy
2026-07-14 11:14:13,585 [DEBUG] (properties.py:415) -> setting property wordWrap
2026-07-14 11:14:13,585 [DEBUG] (properties.py:415) -> setting property styleSheet
2026-07-14 11:14:13,585 [DEBUG] (properties.py:415) -> setting property text
2026-07-14 11:14:13,585 [DEBUG] (uiparser.py:106) -> push QLabel emailLabel
2026-07-14 11:14:13,585 [DEBUG] (uiparser.py:120) -> pop widget QLabel emailLabel
2026-07-14 11:14:13,585 [DEBUG] (uiparser.py:128) -> new topwidget <client.windows.system.employees.employee_card.EmployeeCard object at 0x0000025D642EF6B0>
2026-07-14 11:14:13,585 [DEBUG] (properties.py:415) -> setting property sizePolicy
2026-07-14 11:14:13,585 [DEBUG] (properties.py:415) -> setting property wordWrap
2026-07-14 11:14:13,585 [DEBUG] (properties.py:415) -> setting property styleSheet
2026-07-14 11:14:13,585 [DEBUG] (properties.py:415) -> setting property text
2026-07-14 11:14:13,585 [DEBUG] (uiparser.py:106) -> push QLabel rightsLabel
2026-07-14 11:14:13,585 [DEBUG] (uiparser.py:120) -> pop widget QLabel rightsLabel
2026-07-14 11:14:13,585 [DEBUG] (uiparser.py:128) -> new topwidget <client.windows.system.employees.employee_card.EmployeeCard object at 0x0000025D642EF6B0>
2026-07-14 11:14:13,585 [DEBUG] (uiparser.py:114) -> pop layout QVBoxLayout infoLayout
2026-07-14 11:14:13,585 [DEBUG] (properties.py:415) -> setting property minimumSize
2026-07-14 11:14:13,585 [DEBUG] (properties.py:415) -> setting property maximumSize
2026-07-14 11:14:13,586 [DEBUG] (properties.py:415) -> setting property cursor
2026-07-14 11:14:13,586 [DEBUG] (properties.py:415) -> setting property styleSheet
2026-07-14 11:14:13,586 [DEBUG] (properties.py:415) -> setting property text
2026-07-14 11:14:13,586 [DEBUG] (uiparser.py:106) -> push QPushButton editBtn
2026-07-14 11:14:13,586 [DEBUG] (uiparser.py:120) -> pop widget QPushButton editBtn
2026-07-14 11:14:13,586 [DEBUG] (uiparser.py:128) -> new topwidget <client.windows.system.employees.employee_card.EmployeeCard object at 0x0000025D642EF6B0>
2026-07-14 11:14:13,586 [DEBUG] (properties.py:415) -> setting property minimumSize
2026-07-14 11:14:13,586 [DEBUG] (properties.py:415) -> setting property maximumSize
2026-07-14 11:14:13,586 [DEBUG] (properties.py:415) -> setting property cursor
2026-07-14 11:14:13,586 [DEBUG] (properties.py:415) -> setting property styleSheet
2026-07-14 11:14:13,586 [DEBUG] (properties.py:415) -> setting property text
2026-07-14 11:14:13,586 [DEBUG] (uiparser.py:106) -> push QPushButton deleteBtn
2026-07-14 11:14:13,586 [DEBUG] (uiparser.py:120) -> pop widget QPushButton deleteBtn
2026-07-14 11:14:13,586 [DEBUG] (uiparser.py:128) -> new topwidget <client.windows.system.employees.employee_card.EmployeeCard object at 0x0000025D642EF6B0>
2026-07-14 11:14:13,586 [DEBUG] (uiparser.py:114) -> pop layout QHBoxLayout buttonsLayout
2026-07-14 11:14:13,586 [DEBUG] (uiparser.py:114) -> pop layout QHBoxLayout horizontalLayout
2026-07-14 11:14:13,586 [DEBUG] (uiparser.py:120) -> pop widget EmployeeCard EmployeeCard
2026-07-14 11:14:13,586 [DEBUG] (uiparser.py:128) -> new topwidget None
2026-07-14 11:14:13,587 [DEBUG] (uiparser.py:838) -> toplevel widget is EmployeeCard
2026-07-14 11:14:13,587 [DEBUG] (properties.py:415) -> setting property geometry
2026-07-14 11:14:13,587 [DEBUG] (properties.py:415) -> setting property minimumSize
2026-07-14 11:14:13,587 [DEBUG] (properties.py:415) -> setting property maximumSize
2026-07-14 11:14:13,587 [DEBUG] (properties.py:415) -> setting property sizePolicy
2026-07-14 11:14:13,587 [DEBUG] (properties.py:415) -> setting property styleSheet
2026-07-14 11:14:13,588 [DEBUG] (uiparser.py:106) -> push EmployeeCard EmployeeCard
2026-07-14 11:14:13,588 [DEBUG] (properties.py:415) -> setting property spacing
2026-07-14 11:14:13,588 [DEBUG] (properties.py:415) -> setting property leftMargin
2026-07-14 11:14:13,588 [DEBUG] (properties.py:415) -> setting property topMargin
2026-07-14 11:14:13,588 [DEBUG] (properties.py:415) -> setting property rightMargin
2026-07-14 11:14:13,588 [DEBUG] (properties.py:415) -> setting property bottomMargin
2026-07-14 11:14:13,588 [DEBUG] (properties.py:415) -> setting property pyuicMargins
2026-07-14 11:14:13,588 [DEBUG] (properties.py:415) -> setting property pyuicSpacing
2026-07-14 11:14:13,588 [DEBUG] (uiparser.py:106) -> push QHBoxLayout horizontalLayout
2026-07-14 11:14:13,588 [DEBUG] (properties.py:415) -> setting property spacing
2026-07-14 11:14:13,588 [DEBUG] (properties.py:415) -> setting property pyuicSpacing
2026-07-14 11:14:13,588 [DEBUG] (uiparser.py:106) -> push QHBoxLayout buttonsLayout
2026-07-14 11:14:13,588 [DEBUG] (properties.py:415) -> setting property spacing
2026-07-14 11:14:13,588 [DEBUG] (properties.py:415) -> setting property topMargin
2026-07-14 11:14:13,588 [DEBUG] (properties.py:415) -> setting property bottomMargin
2026-07-14 11:14:13,588 [DEBUG] (properties.py:415) -> setting property pyuicMargins
2026-07-14 11:14:13,588 [DEBUG] (properties.py:415) -> setting property pyuicSpacing
2026-07-14 11:14:13,588 [DEBUG] (uiparser.py:106) -> push QVBoxLayout infoLayout
2026-07-14 11:14:13,588 [DEBUG] (properties.py:415) -> setting property sizePolicy
2026-07-14 11:14:13,588 [DEBUG] (properties.py:415) -> setting property wordWrap
2026-07-14 11:14:13,588 [DEBUG] (properties.py:415) -> setting property styleSheet
2026-07-14 11:14:13,588 [DEBUG] (properties.py:415) -> setting property text
2026-07-14 11:14:13,588 [DEBUG] (uiparser.py:106) -> push QLabel nameLabel
2026-07-14 11:14:13,588 [DEBUG] (uiparser.py:120) -> pop widget QLabel nameLabel
2026-07-14 11:14:13,588 [DEBUG] (uiparser.py:128) -> new topwidget <client.windows.system.employees.employee_card.EmployeeCard object at 0x0000025D643207D0>
2026-07-14 11:14:13,588 [DEBUG] (properties.py:415) -> setting property sizePolicy
2026-07-14 11:14:13,588 [DEBUG] (properties.py:415) -> setting property wordWrap
2026-07-14 11:14:13,588 [DEBUG] (properties.py:415) -> setting property styleSheet
2026-07-14 11:14:13,588 [DEBUG] (properties.py:415) -> setting property text
2026-07-14 11:14:13,588 [DEBUG] (uiparser.py:106) -> push QLabel positionLabel
2026-07-14 11:14:13,588 [DEBUG] (uiparser.py:120) -> pop widget QLabel positionLabel
2026-07-14 11:14:13,588 [DEBUG] (uiparser.py:128) -> new topwidget <client.windows.system.employees.employee_card.EmployeeCard object at 0x0000025D643207D0>
2026-07-14 11:14:13,588 [DEBUG] (properties.py:415) -> setting property sizePolicy
2026-07-14 11:14:13,588 [DEBUG] (properties.py:415) -> setting property wordWrap
2026-07-14 11:14:13,588 [DEBUG] (properties.py:415) -> setting property styleSheet
2026-07-14 11:14:13,588 [DEBUG] (properties.py:415) -> setting property text
2026-07-14 11:14:13,588 [DEBUG] (uiparser.py:106) -> push QLabel departmentLabel
2026-07-14 11:14:13,588 [DEBUG] (uiparser.py:120) -> pop widget QLabel departmentLabel
2026-07-14 11:14:13,588 [DEBUG] (uiparser.py:128) -> new topwidget <client.windows.system.employees.employee_card.EmployeeCard object at 0x0000025D643207D0>
2026-07-14 11:14:13,588 [DEBUG] (properties.py:415) -> setting property sizePolicy
2026-07-14 11:14:13,588 [DEBUG] (properties.py:415) -> setting property wordWrap
2026-07-14 11:14:13,588 [DEBUG] (properties.py:415) -> setting property styleSheet
2026-07-14 11:14:13,588 [DEBUG] (properties.py:415) -> setting property text
2026-07-14 11:14:13,588 [DEBUG] (uiparser.py:106) -> push QLabel workPhoneLabel
2026-07-14 11:14:13,588 [DEBUG] (uiparser.py:120) -> pop widget QLabel workPhoneLabel
2026-07-14 11:14:13,588 [DEBUG] (uiparser.py:128) -> new topwidget <client.windows.system.employees.employee_card.EmployeeCard object at 0x0000025D643207D0>
2026-07-14 11:14:13,588 [DEBUG] (properties.py:415) -> setting property sizePolicy
2026-07-14 11:14:13,588 [DEBUG] (properties.py:415) -> setting property wordWrap
2026-07-14 11:14:13,589 [DEBUG] (properties.py:415) -> setting property styleSheet
2026-07-14 11:14:13,589 [DEBUG] (properties.py:415) -> setting property text
2026-07-14 11:14:13,590 [DEBUG] (uiparser.py:106) -> push QLabel emailLabel
2026-07-14 11:14:13,590 [DEBUG] (uiparser.py:120) -> pop widget QLabel emailLabel
2026-07-14 11:14:13,590 [DEBUG] (uiparser.py:128) -> new topwidget <client.windows.system.employees.employee_card.EmployeeCard object at 0x0000025D643207D0>
2026-07-14 11:14:13,590 [DEBUG] (properties.py:415) -> setting property sizePolicy
2026-07-14 11:14:13,590 [DEBUG] (properties.py:415) -> setting property wordWrap
2026-07-14 11:14:13,590 [DEBUG] (properties.py:415) -> setting property styleSheet
2026-07-14 11:14:13,590 [DEBUG] (properties.py:415) -> setting property text
2026-07-14 11:14:13,590 [DEBUG] (uiparser.py:106) -> push QLabel rightsLabel
2026-07-14 11:14:13,590 [DEBUG] (uiparser.py:120) -> pop widget QLabel rightsLabel
2026-07-14 11:14:13,590 [DEBUG] (uiparser.py:128) -> new topwidget <client.windows.system.employees.employee_card.EmployeeCard object at 0x0000025D643207D0>
2026-07-14 11:14:13,590 [DEBUG] (uiparser.py:114) -> pop layout QVBoxLayout infoLayout
2026-07-14 11:14:13,590 [DEBUG] (properties.py:415) -> setting property minimumSize
2026-07-14 11:14:13,590 [DEBUG] (properties.py:415) -> setting property maximumSize
2026-07-14 11:14:13,590 [DEBUG] (properties.py:415) -> setting property cursor
2026-07-14 11:14:13,590 [DEBUG] (properties.py:415) -> setting property styleSheet
2026-07-14 11:14:13,590 [DEBUG] (properties.py:415) -> setting property text
2026-07-14 11:14:13,590 [DEBUG] (uiparser.py:106) -> push QPushButton editBtn
2026-07-14 11:14:13,590 [DEBUG] (uiparser.py:120) -> pop widget QPushButton editBtn
2026-07-14 11:14:13,590 [DEBUG] (uiparser.py:128) -> new topwidget <client.windows.system.employees.employee_card.EmployeeCard object at 0x0000025D643207D0>
2026-07-14 11:14:13,590 [DEBUG] (properties.py:415) -> setting property minimumSize
2026-07-14 11:14:13,590 [DEBUG] (properties.py:415) -> setting property maximumSize
2026-07-14 11:14:13,590 [DEBUG] (properties.py:415) -> setting property cursor
2026-07-14 11:14:13,590 [DEBUG] (properties.py:415) -> setting property styleSheet
2026-07-14 11:14:13,590 [DEBUG] (properties.py:415) -> setting property text
2026-07-14 11:14:13,590 [DEBUG] (uiparser.py:106) -> push QPushButton deleteBtn
2026-07-14 11:14:13,590 [DEBUG] (uiparser.py:120) -> pop widget QPushButton deleteBtn
2026-07-14 11:14:13,590 [DEBUG] (uiparser.py:128) -> new topwidget <client.windows.system.employees.employee_card.EmployeeCard object at 0x0000025D643207D0>
2026-07-14 11:14:13,590 [DEBUG] (uiparser.py:114) -> pop layout QHBoxLayout buttonsLayout
2026-07-14 11:14:13,590 [DEBUG] (uiparser.py:114) -> pop layout QHBoxLayout horizontalLayout
2026-07-14 11:14:13,590 [DEBUG] (uiparser.py:120) -> pop widget EmployeeCard EmployeeCard
2026-07-14 11:14:13,590 [DEBUG] (uiparser.py:128) -> new topwidget None
2026-07-14 11:14:13,592 [DEBUG] (uiparser.py:838) -> toplevel widget is EmployeeCard
2026-07-14 11:14:13,592 [DEBUG] (properties.py:415) -> setting property geometry
2026-07-14 11:14:13,592 [DEBUG] (properties.py:415) -> setting property minimumSize
2026-07-14 11:14:13,592 [DEBUG] (properties.py:415) -> setting property maximumSize
2026-07-14 11:14:13,592 [DEBUG] (properties.py:415) -> setting property sizePolicy
2026-07-14 11:14:13,592 [DEBUG] (properties.py:415) -> setting property styleSheet
2026-07-14 11:14:13,592 [DEBUG] (uiparser.py:106) -> push EmployeeCard EmployeeCard
2026-07-14 11:14:13,592 [DEBUG] (properties.py:415) -> setting property spacing
2026-07-14 11:14:13,592 [DEBUG] (properties.py:415) -> setting property leftMargin
2026-07-14 11:14:13,592 [DEBUG] (properties.py:415) -> setting property topMargin
2026-07-14 11:14:13,592 [DEBUG] (properties.py:415) -> setting property rightMargin
2026-07-14 11:14:13,592 [DEBUG] (properties.py:415) -> setting property bottomMargin
2026-07-14 11:14:13,592 [DEBUG] (properties.py:415) -> setting property pyuicMargins
2026-07-14 11:14:13,592 [DEBUG] (properties.py:415) -> setting property pyuicSpacing
2026-07-14 11:14:13,592 [DEBUG] (uiparser.py:106) -> push QHBoxLayout horizontalLayout
2026-07-14 11:14:13,592 [DEBUG] (properties.py:415) -> setting property spacing
2026-07-14 11:14:13,592 [DEBUG] (properties.py:415) -> setting property pyuicSpacing
2026-07-14 11:14:13,592 [DEBUG] (uiparser.py:106) -> push QHBoxLayout buttonsLayout
2026-07-14 11:14:13,592 [DEBUG] (properties.py:415) -> setting property spacing
2026-07-14 11:14:13,592 [DEBUG] (properties.py:415) -> setting property topMargin
2026-07-14 11:14:13,592 [DEBUG] (properties.py:415) -> setting property bottomMargin
2026-07-14 11:14:13,592 [DEBUG] (properties.py:415) -> setting property pyuicMargins
2026-07-14 11:14:13,592 [DEBUG] (properties.py:415) -> setting property pyuicSpacing
2026-07-14 11:14:13,592 [DEBUG] (uiparser.py:106) -> push QVBoxLayout infoLayout
2026-07-14 11:14:13,592 [DEBUG] (properties.py:415) -> setting property sizePolicy
2026-07-14 11:14:13,592 [DEBUG] (properties.py:415) -> setting property wordWrap
2026-07-14 11:14:13,592 [DEBUG] (properties.py:415) -> setting property styleSheet
2026-07-14 11:14:13,592 [DEBUG] (properties.py:415) -> setting property text
2026-07-14 11:14:13,592 [DEBUG] (uiparser.py:106) -> push QLabel nameLabel
2026-07-14 11:14:13,592 [DEBUG] (uiparser.py:120) -> pop widget QLabel nameLabel
2026-07-14 11:14:13,592 [DEBUG] (uiparser.py:128) -> new topwidget <client.windows.system.employees.employee_card.EmployeeCard object at 0x0000025D64321130>
2026-07-14 11:14:13,592 [DEBUG] (properties.py:415) -> setting property sizePolicy
2026-07-14 11:14:13,592 [DEBUG] (properties.py:415) -> setting property wordWrap
2026-07-14 11:14:13,592 [DEBUG] (properties.py:415) -> setting property styleSheet
2026-07-14 11:14:13,592 [DEBUG] (properties.py:415) -> setting property text
2026-07-14 11:14:13,592 [DEBUG] (uiparser.py:106) -> push QLabel positionLabel
2026-07-14 11:14:13,592 [DEBUG] (uiparser.py:120) -> pop widget QLabel positionLabel
2026-07-14 11:14:13,592 [DEBUG] (uiparser.py:128) -> new topwidget <client.windows.system.employees.employee_card.EmployeeCard object at 0x0000025D64321130>
2026-07-14 11:14:13,592 [DEBUG] (properties.py:415) -> setting property sizePolicy
2026-07-14 11:14:13,592 [DEBUG] (properties.py:415) -> setting property wordWrap
2026-07-14 11:14:13,592 [DEBUG] (properties.py:415) -> setting property styleSheet
2026-07-14 11:14:13,592 [DEBUG] (properties.py:415) -> setting property text
2026-07-14 11:14:13,593 [DEBUG] (uiparser.py:106) -> push QLabel departmentLabel
2026-07-14 11:14:13,593 [DEBUG] (uiparser.py:120) -> pop widget QLabel departmentLabel
2026-07-14 11:14:13,593 [DEBUG] (uiparser.py:128) -> new topwidget <client.windows.system.employees.employee_card.EmployeeCard object at 0x0000025D64321130>
2026-07-14 11:14:13,593 [DEBUG] (properties.py:415) -> setting property sizePolicy
2026-07-14 11:14:13,593 [DEBUG] (properties.py:415) -> setting property wordWrap
2026-07-14 11:14:13,597 [DEBUG] (properties.py:415) -> setting property styleSheet
2026-07-14 11:14:13,597 [DEBUG] (properties.py:415) -> setting property text
2026-07-14 11:14:13,597 [DEBUG] (uiparser.py:106) -> push QLabel workPhoneLabel
2026-07-14 11:14:13,597 [DEBUG] (uiparser.py:120) -> pop widget QLabel workPhoneLabel
2026-07-14 11:14:13,597 [DEBUG] (uiparser.py:128) -> new topwidget <client.windows.system.employees.employee_card.EmployeeCard object at 0x0000025D64321130>
2026-07-14 11:14:13,597 [DEBUG] (properties.py:415) -> setting property sizePolicy
2026-07-14 11:14:13,597 [DEBUG] (properties.py:415) -> setting property wordWrap
2026-07-14 11:14:13,597 [DEBUG] (properties.py:415) -> setting property styleSheet
2026-07-14 11:14:13,597 [DEBUG] (properties.py:415) -> setting property text
2026-07-14 11:14:13,597 [DEBUG] (uiparser.py:106) -> push QLabel emailLabel
2026-07-14 11:14:13,597 [DEBUG] (uiparser.py:120) -> pop widget QLabel emailLabel
2026-07-14 11:14:13,597 [DEBUG] (uiparser.py:128) -> new topwidget <client.windows.system.employees.employee_card.EmployeeCard object at 0x0000025D64321130>
2026-07-14 11:14:13,597 [DEBUG] (properties.py:415) -> setting property sizePolicy
2026-07-14 11:14:13,597 [DEBUG] (properties.py:415) -> setting property wordWrap
2026-07-14 11:14:13,597 [DEBUG] (properties.py:415) -> setting property styleSheet
2026-07-14 11:14:13,597 [DEBUG] (properties.py:415) -> setting property text
2026-07-14 11:14:13,597 [DEBUG] (uiparser.py:106) -> push QLabel rightsLabel
2026-07-14 11:14:13,597 [DEBUG] (uiparser.py:120) -> pop widget QLabel rightsLabel
2026-07-14 11:14:13,597 [DEBUG] (uiparser.py:128) -> new topwidget <client.windows.system.employees.employee_card.EmployeeCard object at 0x0000025D64321130>
2026-07-14 11:14:13,597 [DEBUG] (uiparser.py:114) -> pop layout QVBoxLayout infoLayout
2026-07-14 11:14:13,597 [DEBUG] (properties.py:415) -> setting property minimumSize
2026-07-14 11:14:13,597 [DEBUG] (properties.py:415) -> setting property maximumSize
2026-07-14 11:14:13,597 [DEBUG] (properties.py:415) -> setting property cursor
2026-07-14 11:14:13,597 [DEBUG] (properties.py:415) -> setting property styleSheet
2026-07-14 11:14:13,597 [DEBUG] (properties.py:415) -> setting property text
2026-07-14 11:14:13,597 [DEBUG] (uiparser.py:106) -> push QPushButton editBtn
2026-07-14 11:14:13,597 [DEBUG] (uiparser.py:120) -> pop widget QPushButton editBtn
2026-07-14 11:14:13,597 [DEBUG] (uiparser.py:128) -> new topwidget <client.windows.system.employees.employee_card.EmployeeCard object at 0x0000025D64321130>
2026-07-14 11:14:13,597 [DEBUG] (properties.py:415) -> setting property minimumSize
2026-07-14 11:14:13,597 [DEBUG] (properties.py:415) -> setting property maximumSize
2026-07-14 11:14:13,597 [DEBUG] (properties.py:415) -> setting property cursor
2026-07-14 11:14:13,597 [DEBUG] (properties.py:415) -> setting property styleSheet
2026-07-14 11:14:13,597 [DEBUG] (properties.py:415) -> setting property text
2026-07-14 11:14:13,597 [DEBUG] (uiparser.py:106) -> push QPushButton deleteBtn
2026-07-14 11:14:13,597 [DEBUG] (uiparser.py:120) -> pop widget QPushButton deleteBtn
2026-07-14 11:14:13,597 [DEBUG] (uiparser.py:128) -> new topwidget <client.windows.system.employees.employee_card.EmployeeCard object at 0x0000025D64321130>
2026-07-14 11:14:13,597 [DEBUG] (uiparser.py:114) -> pop layout QHBoxLayout buttonsLayout
2026-07-14 11:14:13,598 [DEBUG] (uiparser.py:114) -> pop layout QHBoxLayout horizontalLayout
2026-07-14 11:14:13,598 [DEBUG] (uiparser.py:120) -> pop widget EmployeeCard EmployeeCard
2026-07-14 11:14:13,598 [DEBUG] (uiparser.py:128) -> new topwidget None
2026-07-14 11:14:13,599 [DEBUG] (uiparser.py:838) -> toplevel widget is EmployeeCard
2026-07-14 11:14:13,599 [DEBUG] (properties.py:415) -> setting property geometry
2026-07-14 11:14:13,599 [DEBUG] (properties.py:415) -> setting property minimumSize
2026-07-14 11:14:13,599 [DEBUG] (properties.py:415) -> setting property maximumSize
2026-07-14 11:14:13,599 [DEBUG] (properties.py:415) -> setting property sizePolicy
2026-07-14 11:14:13,599 [DEBUG] (properties.py:415) -> setting property styleSheet
2026-07-14 11:14:13,599 [DEBUG] (uiparser.py:106) -> push EmployeeCard EmployeeCard
2026-07-14 11:14:13,599 [DEBUG] (properties.py:415) -> setting property spacing
2026-07-14 11:14:13,599 [DEBUG] (properties.py:415) -> setting property leftMargin
2026-07-14 11:14:13,599 [DEBUG] (properties.py:415) -> setting property topMargin
2026-07-14 11:14:13,599 [DEBUG] (properties.py:415) -> setting property rightMargin
2026-07-14 11:14:13,599 [DEBUG] (properties.py:415) -> setting property bottomMargin
2026-07-14 11:14:13,599 [DEBUG] (properties.py:415) -> setting property pyuicMargins
2026-07-14 11:14:13,599 [DEBUG] (properties.py:415) -> setting property pyuicSpacing
2026-07-14 11:14:13,599 [DEBUG] (uiparser.py:106) -> push QHBoxLayout horizontalLayout
2026-07-14 11:14:13,599 [DEBUG] (properties.py:415) -> setting property spacing
2026-07-14 11:14:13,599 [DEBUG] (properties.py:415) -> setting property pyuicSpacing
2026-07-14 11:14:13,599 [DEBUG] (uiparser.py:106) -> push QHBoxLayout buttonsLayout
2026-07-14 11:14:13,599 [DEBUG] (properties.py:415) -> setting property spacing
2026-07-14 11:14:13,599 [DEBUG] (properties.py:415) -> setting property topMargin
2026-07-14 11:14:13,599 [DEBUG] (properties.py:415) -> setting property bottomMargin
2026-07-14 11:14:13,599 [DEBUG] (properties.py:415) -> setting property pyuicMargins
2026-07-14 11:14:13,599 [DEBUG] (properties.py:415) -> setting property pyuicSpacing
2026-07-14 11:14:13,599 [DEBUG] (uiparser.py:106) -> push QVBoxLayout infoLayout
2026-07-14 11:14:13,599 [DEBUG] (properties.py:415) -> setting property sizePolicy
2026-07-14 11:14:13,599 [DEBUG] (properties.py:415) -> setting property wordWrap
2026-07-14 11:14:13,599 [DEBUG] (properties.py:415) -> setting property styleSheet
2026-07-14 11:14:13,599 [DEBUG] (properties.py:415) -> setting property text
2026-07-14 11:14:13,599 [DEBUG] (uiparser.py:106) -> push QLabel nameLabel
2026-07-14 11:14:13,600 [DEBUG] (uiparser.py:120) -> pop widget QLabel nameLabel
2026-07-14 11:14:13,600 [DEBUG] (uiparser.py:128) -> new topwidget <client.windows.system.employees.employee_card.EmployeeCard object at 0x0000025D64321A90>
2026-07-14 11:14:13,600 [DEBUG] (properties.py:415) -> setting property sizePolicy
2026-07-14 11:14:13,600 [DEBUG] (properties.py:415) -> setting property wordWrap
2026-07-14 11:14:13,600 [DEBUG] (properties.py:415) -> setting property styleSheet
2026-07-14 11:14:13,600 [DEBUG] (properties.py:415) -> setting property text
2026-07-14 11:14:13,600 [DEBUG] (uiparser.py:106) -> push QLabel positionLabel
2026-07-14 11:14:13,600 [DEBUG] (uiparser.py:120) -> pop widget QLabel positionLabel
2026-07-14 11:14:13,600 [DEBUG] (uiparser.py:128) -> new topwidget <client.windows.system.employees.employee_card.EmployeeCard object at 0x0000025D64321A90>
2026-07-14 11:14:13,600 [DEBUG] (properties.py:415) -> setting property sizePolicy
2026-07-14 11:14:13,600 [DEBUG] (properties.py:415) -> setting property wordWrap
2026-07-14 11:14:13,600 [DEBUG] (properties.py:415) -> setting property styleSheet
2026-07-14 11:14:13,600 [DEBUG] (properties.py:415) -> setting property text
2026-07-14 11:14:13,600 [DEBUG] (uiparser.py:106) -> push QLabel departmentLabel
2026-07-14 11:14:13,600 [DEBUG] (uiparser.py:120) -> pop widget QLabel departmentLabel
2026-07-14 11:14:13,600 [DEBUG] (uiparser.py:128) -> new topwidget <client.windows.system.employees.employee_card.EmployeeCard object at 0x0000025D64321A90>
2026-07-14 11:14:13,600 [DEBUG] (properties.py:415) -> setting property sizePolicy
2026-07-14 11:14:13,600 [DEBUG] (properties.py:415) -> setting property wordWrap
2026-07-14 11:14:13,604 [DEBUG] (properties.py:415) -> setting property styleSheet
2026-07-14 11:14:13,604 [DEBUG] (properties.py:415) -> setting property text
2026-07-14 11:14:13,604 [DEBUG] (uiparser.py:106) -> push QLabel workPhoneLabel
2026-07-14 11:14:13,604 [DEBUG] (uiparser.py:120) -> pop widget QLabel workPhoneLabel
2026-07-14 11:14:13,604 [DEBUG] (uiparser.py:128) -> new topwidget <client.windows.system.employees.employee_card.EmployeeCard object at 0x0000025D64321A90>
2026-07-14 11:14:13,604 [DEBUG] (properties.py:415) -> setting property sizePolicy
2026-07-14 11:14:13,604 [DEBUG] (properties.py:415) -> setting property wordWrap
2026-07-14 11:14:13,604 [DEBUG] (properties.py:415) -> setting property styleSheet
2026-07-14 11:14:13,604 [DEBUG] (properties.py:415) -> setting property text
2026-07-14 11:14:13,604 [DEBUG] (uiparser.py:106) -> push QLabel emailLabel
2026-07-14 11:14:13,604 [DEBUG] (uiparser.py:120) -> pop widget QLabel emailLabel
2026-07-14 11:14:13,604 [DEBUG] (uiparser.py:128) -> new topwidget <client.windows.system.employees.employee_card.EmployeeCard object at 0x0000025D64321A90>
2026-07-14 11:14:13,604 [DEBUG] (properties.py:415) -> setting property sizePolicy
2026-07-14 11:14:13,604 [DEBUG] (properties.py:415) -> setting property wordWrap
2026-07-14 11:14:13,604 [DEBUG] (properties.py:415) -> setting property styleSheet
2026-07-14 11:14:13,604 [DEBUG] (properties.py:415) -> setting property text
2026-07-14 11:14:13,604 [DEBUG] (uiparser.py:106) -> push QLabel rightsLabel
2026-07-14 11:14:13,604 [DEBUG] (uiparser.py:120) -> pop widget QLabel rightsLabel
2026-07-14 11:14:13,604 [DEBUG] (uiparser.py:128) -> new topwidget <client.windows.system.employees.employee_card.EmployeeCard object at 0x0000025D64321A90>
2026-07-14 11:14:13,604 [DEBUG] (uiparser.py:114) -> pop layout QVBoxLayout infoLayout
2026-07-14 11:14:13,604 [DEBUG] (properties.py:415) -> setting property minimumSize
2026-07-14 11:14:13,604 [DEBUG] (properties.py:415) -> setting property maximumSize
2026-07-14 11:14:13,604 [DEBUG] (properties.py:415) -> setting property cursor
2026-07-14 11:14:13,604 [DEBUG] (properties.py:415) -> setting property styleSheet
2026-07-14 11:14:13,604 [DEBUG] (properties.py:415) -> setting property text
2026-07-14 11:14:13,604 [DEBUG] (uiparser.py:106) -> push QPushButton editBtn
2026-07-14 11:14:13,604 [DEBUG] (uiparser.py:120) -> pop widget QPushButton editBtn
2026-07-14 11:14:13,604 [DEBUG] (uiparser.py:128) -> new topwidget <client.windows.system.employees.employee_card.EmployeeCard object at 0x0000025D64321A90>
2026-07-14 11:14:13,604 [DEBUG] (properties.py:415) -> setting property minimumSize
2026-07-14 11:14:13,604 [DEBUG] (properties.py:415) -> setting property maximumSize
2026-07-14 11:14:13,604 [DEBUG] (properties.py:415) -> setting property cursor
2026-07-14 11:14:13,604 [DEBUG] (properties.py:415) -> setting property styleSheet
2026-07-14 11:14:13,604 [DEBUG] (properties.py:415) -> setting property text
2026-07-14 11:14:13,604 [DEBUG] (uiparser.py:106) -> push QPushButton deleteBtn
2026-07-14 11:14:13,604 [DEBUG] (uiparser.py:120) -> pop widget QPushButton deleteBtn
2026-07-14 11:14:13,604 [DEBUG] (uiparser.py:128) -> new topwidget <client.windows.system.employees.employee_card.EmployeeCard object at 0x0000025D64321A90>
2026-07-14 11:14:13,604 [DEBUG] (uiparser.py:114) -> pop layout QHBoxLayout buttonsLayout
2026-07-14 11:14:13,605 [DEBUG] (uiparser.py:114) -> pop layout QHBoxLayout horizontalLayout
2026-07-14 11:14:13,605 [DEBUG] (uiparser.py:120) -> pop widget EmployeeCard EmployeeCard
2026-07-14 11:14:13,605 [DEBUG] (uiparser.py:128) -> new topwidget None
2026-07-14 11:14:13,606 [DEBUG] (uiparser.py:838) -> toplevel widget is EmployeeCard
2026-07-14 11:14:13,606 [DEBUG] (properties.py:415) -> setting property geometry
2026-07-14 11:14:13,606 [DEBUG] (properties.py:415) -> setting property minimumSize
2026-07-14 11:14:13,606 [DEBUG] (properties.py:415) -> setting property maximumSize
2026-07-14 11:14:13,606 [DEBUG] (properties.py:415) -> setting property sizePolicy
2026-07-14 11:14:13,606 [DEBUG] (properties.py:415) -> setting property styleSheet
2026-07-14 11:14:13,606 [DEBUG] (uiparser.py:106) -> push EmployeeCard EmployeeCard
2026-07-14 11:14:13,606 [DEBUG] (properties.py:415) -> setting property spacing
2026-07-14 11:14:13,606 [DEBUG] (properties.py:415) -> setting property leftMargin
2026-07-14 11:14:13,606 [DEBUG] (properties.py:415) -> setting property topMargin
2026-07-14 11:14:13,606 [DEBUG] (properties.py:415) -> setting property rightMargin
2026-07-14 11:14:13,606 [DEBUG] (properties.py:415) -> setting property bottomMargin
2026-07-14 11:14:13,606 [DEBUG] (properties.py:415) -> setting property pyuicMargins
2026-07-14 11:14:13,606 [DEBUG] (properties.py:415) -> setting property pyuicSpacing
2026-07-14 11:14:13,606 [DEBUG] (uiparser.py:106) -> push QHBoxLayout horizontalLayout
2026-07-14 11:14:13,606 [DEBUG] (properties.py:415) -> setting property spacing
2026-07-14 11:14:13,606 [DEBUG] (properties.py:415) -> setting property pyuicSpacing
2026-07-14 11:14:13,606 [DEBUG] (uiparser.py:106) -> push QHBoxLayout buttonsLayout
2026-07-14 11:14:13,606 [DEBUG] (properties.py:415) -> setting property spacing
2026-07-14 11:14:13,606 [DEBUG] (properties.py:415) -> setting property topMargin
2026-07-14 11:14:13,606 [DEBUG] (properties.py:415) -> setting property bottomMargin
2026-07-14 11:14:13,606 [DEBUG] (properties.py:415) -> setting property pyuicMargins
2026-07-14 11:14:13,606 [DEBUG] (properties.py:415) -> setting property pyuicSpacing
2026-07-14 11:14:13,606 [DEBUG] (uiparser.py:106) -> push QVBoxLayout infoLayout
2026-07-14 11:14:13,606 [DEBUG] (properties.py:415) -> setting property sizePolicy
2026-07-14 11:14:13,607 [DEBUG] (properties.py:415) -> setting property wordWrap
2026-07-14 11:14:13,607 [DEBUG] (properties.py:415) -> setting property styleSheet
2026-07-14 11:14:13,607 [DEBUG] (properties.py:415) -> setting property text
2026-07-14 11:14:13,607 [DEBUG] (uiparser.py:106) -> push QLabel nameLabel
2026-07-14 11:14:13,607 [DEBUG] (uiparser.py:120) -> pop widget QLabel nameLabel
2026-07-14 11:14:13,607 [DEBUG] (uiparser.py:128) -> new topwidget <client.windows.system.employees.employee_card.EmployeeCard object at 0x0000025D643223F0>
2026-07-14 11:14:13,607 [DEBUG] (properties.py:415) -> setting property sizePolicy
2026-07-14 11:14:13,607 [DEBUG] (properties.py:415) -> setting property wordWrap
2026-07-14 11:14:13,607 [DEBUG] (properties.py:415) -> setting property styleSheet
2026-07-14 11:14:13,607 [DEBUG] (properties.py:415) -> setting property text
2026-07-14 11:14:13,607 [DEBUG] (uiparser.py:106) -> push QLabel positionLabel
2026-07-14 11:14:13,607 [DEBUG] (uiparser.py:120) -> pop widget QLabel positionLabel
2026-07-14 11:14:13,607 [DEBUG] (uiparser.py:128) -> new topwidget <client.windows.system.employees.employee_card.EmployeeCard object at 0x0000025D643223F0>
2026-07-14 11:14:13,607 [DEBUG] (properties.py:415) -> setting property sizePolicy
2026-07-14 11:14:13,607 [DEBUG] (properties.py:415) -> setting property wordWrap
2026-07-14 11:14:13,607 [DEBUG] (properties.py:415) -> setting property styleSheet
2026-07-14 11:14:13,607 [DEBUG] (properties.py:415) -> setting property text
2026-07-14 11:14:13,607 [DEBUG] (uiparser.py:106) -> push QLabel departmentLabel
2026-07-14 11:14:13,607 [DEBUG] (uiparser.py:120) -> pop widget QLabel departmentLabel
2026-07-14 11:14:13,607 [DEBUG] (uiparser.py:128) -> new topwidget <client.windows.system.employees.employee_card.EmployeeCard object at 0x0000025D643223F0>
2026-07-14 11:14:13,607 [DEBUG] (properties.py:415) -> setting property sizePolicy
2026-07-14 11:14:13,607 [DEBUG] (properties.py:415) -> setting property wordWrap
2026-07-14 11:14:13,607 [DEBUG] (properties.py:415) -> setting property styleSheet
2026-07-14 11:14:13,607 [DEBUG] (properties.py:415) -> setting property text
2026-07-14 11:14:13,607 [DEBUG] (uiparser.py:106) -> push QLabel workPhoneLabel
2026-07-14 11:14:13,607 [DEBUG] (uiparser.py:120) -> pop widget QLabel workPhoneLabel
2026-07-14 11:14:13,607 [DEBUG] (uiparser.py:128) -> new topwidget <client.windows.system.employees.employee_card.EmployeeCard object at 0x0000025D643223F0>
2026-07-14 11:14:13,607 [DEBUG] (properties.py:415) -> setting property sizePolicy
2026-07-14 11:14:13,607 [DEBUG] (properties.py:415) -> setting property wordWrap
2026-07-14 11:14:13,607 [DEBUG] (properties.py:415) -> setting property styleSheet
2026-07-14 11:14:13,607 [DEBUG] (properties.py:415) -> setting property text
2026-07-14 11:14:13,607 [DEBUG] (uiparser.py:106) -> push QLabel emailLabel
2026-07-14 11:14:13,607 [DEBUG] (uiparser.py:120) -> pop widget QLabel emailLabel
2026-07-14 11:14:13,607 [DEBUG] (uiparser.py:128) -> new topwidget <client.windows.system.employees.employee_card.EmployeeCard object at 0x0000025D643223F0>
2026-07-14 11:14:13,607 [DEBUG] (properties.py:415) -> setting property sizePolicy
2026-07-14 11:14:13,607 [DEBUG] (properties.py:415) -> setting property wordWrap
2026-07-14 11:14:13,607 [DEBUG] (properties.py:415) -> setting property styleSheet
2026-07-14 11:14:13,607 [DEBUG] (properties.py:415) -> setting property text
2026-07-14 11:14:13,607 [DEBUG] (uiparser.py:106) -> push QLabel rightsLabel
2026-07-14 11:14:13,607 [DEBUG] (uiparser.py:120) -> pop widget QLabel rightsLabel
2026-07-14 11:14:13,607 [DEBUG] (uiparser.py:128) -> new topwidget <client.windows.system.employees.employee_card.EmployeeCard object at 0x0000025D643223F0>
2026-07-14 11:14:13,607 [DEBUG] (uiparser.py:114) -> pop layout QVBoxLayout infoLayout
2026-07-14 11:14:13,607 [DEBUG] (properties.py:415) -> setting property minimumSize
2026-07-14 11:14:13,607 [DEBUG] (properties.py:415) -> setting property maximumSize
2026-07-14 11:14:13,607 [DEBUG] (properties.py:415) -> setting property cursor
2026-07-14 11:14:13,607 [DEBUG] (properties.py:415) -> setting property styleSheet
2026-07-14 11:14:13,607 [DEBUG] (properties.py:415) -> setting property text
2026-07-14 11:14:13,607 [DEBUG] (uiparser.py:106) -> push QPushButton editBtn
2026-07-14 11:14:13,608 [DEBUG] (uiparser.py:120) -> pop widget QPushButton editBtn
2026-07-14 11:14:13,608 [DEBUG] (uiparser.py:128) -> new topwidget <client.windows.system.employees.employee_card.EmployeeCard object at 0x0000025D643223F0>
2026-07-14 11:14:13,608 [DEBUG] (properties.py:415) -> setting property minimumSize
2026-07-14 11:14:13,608 [DEBUG] (properties.py:415) -> setting property maximumSize
2026-07-14 11:14:13,608 [DEBUG] (properties.py:415) -> setting property cursor
2026-07-14 11:14:13,608 [DEBUG] (properties.py:415) -> setting property styleSheet
2026-07-14 11:14:13,608 [DEBUG] (properties.py:415) -> setting property text
2026-07-14 11:14:13,608 [DEBUG] (uiparser.py:106) -> push QPushButton deleteBtn
2026-07-14 11:14:13,608 [DEBUG] (uiparser.py:120) -> pop widget QPushButton deleteBtn
2026-07-14 11:14:13,608 [DEBUG] (uiparser.py:128) -> new topwidget <client.windows.system.employees.employee_card.EmployeeCard object at 0x0000025D643223F0>
2026-07-14 11:14:13,608 [DEBUG] (uiparser.py:114) -> pop layout QHBoxLayout buttonsLayout
2026-07-14 11:14:13,608 [DEBUG] (uiparser.py:114) -> pop layout QHBoxLayout horizontalLayout
2026-07-14 11:14:13,608 [DEBUG] (uiparser.py:120) -> pop widget EmployeeCard EmployeeCard
2026-07-14 11:14:13,608 [DEBUG] (uiparser.py:128) -> new topwidget None
2026-07-14 11:14:13,609 [DEBUG] (uiparser.py:838) -> toplevel widget is EmployeeCard
2026-07-14 11:14:13,609 [DEBUG] (properties.py:415) -> setting property geometry
2026-07-14 11:14:13,609 [DEBUG] (properties.py:415) -> setting property minimumSize
2026-07-14 11:14:13,609 [DEBUG] (properties.py:415) -> setting property maximumSize
2026-07-14 11:14:13,609 [DEBUG] (properties.py:415) -> setting property sizePolicy
2026-07-14 11:14:13,609 [DEBUG] (properties.py:415) -> setting property styleSheet
2026-07-14 11:14:13,609 [DEBUG] (uiparser.py:106) -> push EmployeeCard EmployeeCard
2026-07-14 11:14:13,610 [DEBUG] (properties.py:415) -> setting property spacing
2026-07-14 11:14:13,610 [DEBUG] (properties.py:415) -> setting property leftMargin
2026-07-14 11:14:13,610 [DEBUG] (properties.py:415) -> setting property topMargin
2026-07-14 11:14:13,610 [DEBUG] (properties.py:415) -> setting property rightMargin
2026-07-14 11:14:13,610 [DEBUG] (properties.py:415) -> setting property bottomMargin
2026-07-14 11:14:13,610 [DEBUG] (properties.py:415) -> setting property pyuicMargins
2026-07-14 11:14:13,610 [DEBUG] (properties.py:415) -> setting property pyuicSpacing
2026-07-14 11:14:13,610 [DEBUG] (uiparser.py:106) -> push QHBoxLayout horizontalLayout
2026-07-14 11:14:13,610 [DEBUG] (properties.py:415) -> setting property spacing
2026-07-14 11:14:13,610 [DEBUG] (properties.py:415) -> setting property pyuicSpacing
2026-07-14 11:14:13,610 [DEBUG] (uiparser.py:106) -> push QHBoxLayout buttonsLayout
2026-07-14 11:14:13,610 [DEBUG] (properties.py:415) -> setting property spacing
2026-07-14 11:14:13,610 [DEBUG] (properties.py:415) -> setting property topMargin
2026-07-14 11:14:13,610 [DEBUG] (properties.py:415) -> setting property bottomMargin
2026-07-14 11:14:13,610 [DEBUG] (properties.py:415) -> setting property pyuicMargins
2026-07-14 11:14:13,610 [DEBUG] (properties.py:415) -> setting property pyuicSpacing
2026-07-14 11:14:13,610 [DEBUG] (uiparser.py:106) -> push QVBoxLayout infoLayout
2026-07-14 11:14:13,610 [DEBUG] (properties.py:415) -> setting property sizePolicy
2026-07-14 11:14:13,610 [DEBUG] (properties.py:415) -> setting property wordWrap
2026-07-14 11:14:13,610 [DEBUG] (properties.py:415) -> setting property styleSheet
2026-07-14 11:14:13,610 [DEBUG] (properties.py:415) -> setting property text
2026-07-14 11:14:13,610 [DEBUG] (uiparser.py:106) -> push QLabel nameLabel
2026-07-14 11:14:13,610 [DEBUG] (uiparser.py:120) -> pop widget QLabel nameLabel
2026-07-14 11:14:13,610 [DEBUG] (uiparser.py:128) -> new topwidget <client.windows.system.employees.employee_card.EmployeeCard object at 0x0000025D64322D50>
2026-07-14 11:14:13,610 [DEBUG] (properties.py:415) -> setting property sizePolicy
2026-07-14 11:14:13,610 [DEBUG] (properties.py:415) -> setting property wordWrap
2026-07-14 11:14:13,610 [DEBUG] (properties.py:415) -> setting property styleSheet
2026-07-14 11:14:13,610 [DEBUG] (properties.py:415) -> setting property text
2026-07-14 11:14:13,610 [DEBUG] (uiparser.py:106) -> push QLabel positionLabel
2026-07-14 11:14:13,610 [DEBUG] (uiparser.py:120) -> pop widget QLabel positionLabel
2026-07-14 11:14:13,610 [DEBUG] (uiparser.py:128) -> new topwidget <client.windows.system.employees.employee_card.EmployeeCard object at 0x0000025D64322D50>
2026-07-14 11:14:13,610 [DEBUG] (properties.py:415) -> setting property sizePolicy
2026-07-14 11:14:13,610 [DEBUG] (properties.py:415) -> setting property wordWrap
2026-07-14 11:14:13,610 [DEBUG] (properties.py:415) -> setting property styleSheet
2026-07-14 11:14:13,610 [DEBUG] (properties.py:415) -> setting property text
2026-07-14 11:14:13,610 [DEBUG] (uiparser.py:106) -> push QLabel departmentLabel
2026-07-14 11:14:13,610 [DEBUG] (uiparser.py:120) -> pop widget QLabel departmentLabel
2026-07-14 11:14:13,610 [DEBUG] (uiparser.py:128) -> new topwidget <client.windows.system.employees.employee_card.EmployeeCard object at 0x0000025D64322D50>
2026-07-14 11:14:13,610 [DEBUG] (properties.py:415) -> setting property sizePolicy
2026-07-14 11:14:13,610 [DEBUG] (properties.py:415) -> setting property wordWrap
2026-07-14 11:14:13,610 [DEBUG] (properties.py:415) -> setting property styleSheet
2026-07-14 11:14:13,610 [DEBUG] (properties.py:415) -> setting property text
2026-07-14 11:14:13,610 [DEBUG] (uiparser.py:106) -> push QLabel workPhoneLabel
2026-07-14 11:14:13,610 [DEBUG] (uiparser.py:120) -> pop widget QLabel workPhoneLabel
2026-07-14 11:14:13,610 [DEBUG] (uiparser.py:128) -> new topwidget <client.windows.system.employees.employee_card.EmployeeCard object at 0x0000025D64322D50>
2026-07-14 11:14:13,610 [DEBUG] (properties.py:415) -> setting property sizePolicy
2026-07-14 11:14:13,610 [DEBUG] (properties.py:415) -> setting property wordWrap
2026-07-14 11:14:13,610 [DEBUG] (properties.py:415) -> setting property styleSheet
2026-07-14 11:14:13,610 [DEBUG] (properties.py:415) -> setting property text
2026-07-14 11:14:13,610 [DEBUG] (uiparser.py:106) -> push QLabel emailLabel
2026-07-14 11:14:13,610 [DEBUG] (uiparser.py:120) -> pop widget QLabel emailLabel
2026-07-14 11:14:13,611 [DEBUG] (uiparser.py:128) -> new topwidget <client.windows.system.employees.employee_card.EmployeeCard object at 0x0000025D64322D50>
2026-07-14 11:14:13,611 [DEBUG] (properties.py:415) -> setting property sizePolicy
2026-07-14 11:14:13,611 [DEBUG] (properties.py:415) -> setting property wordWrap
2026-07-14 11:14:13,611 [DEBUG] (properties.py:415) -> setting property styleSheet
2026-07-14 11:14:13,611 [DEBUG] (properties.py:415) -> setting property text
2026-07-14 11:14:13,611 [DEBUG] (uiparser.py:106) -> push QLabel rightsLabel
2026-07-14 11:14:13,611 [DEBUG] (uiparser.py:120) -> pop widget QLabel rightsLabel
2026-07-14 11:14:13,611 [DEBUG] (uiparser.py:128) -> new topwidget <client.windows.system.employees.employee_card.EmployeeCard object at 0x0000025D64322D50>
2026-07-14 11:14:13,611 [DEBUG] (uiparser.py:114) -> pop layout QVBoxLayout infoLayout
2026-07-14 11:14:13,611 [DEBUG] (properties.py:415) -> setting property minimumSize
2026-07-14 11:14:13,611 [DEBUG] (properties.py:415) -> setting property maximumSize
2026-07-14 11:14:13,611 [DEBUG] (properties.py:415) -> setting property cursor
2026-07-14 11:14:13,611 [DEBUG] (properties.py:415) -> setting property styleSheet
2026-07-14 11:14:13,611 [DEBUG] (properties.py:415) -> setting property text
2026-07-14 11:14:13,611 [DEBUG] (uiparser.py:106) -> push QPushButton editBtn
2026-07-14 11:14:13,611 [DEBUG] (uiparser.py:120) -> pop widget QPushButton editBtn
2026-07-14 11:14:13,611 [DEBUG] (uiparser.py:128) -> new topwidget <client.windows.system.employees.employee_card.EmployeeCard object at 0x0000025D64322D50>
2026-07-14 11:14:13,611 [DEBUG] (properties.py:415) -> setting property minimumSize
2026-07-14 11:14:13,611 [DEBUG] (properties.py:415) -> setting property maximumSize
2026-07-14 11:14:13,611 [DEBUG] (properties.py:415) -> setting property cursor
2026-07-14 11:14:13,611 [DEBUG] (properties.py:415) -> setting property styleSheet
2026-07-14 11:14:13,611 [DEBUG] (properties.py:415) -> setting property text
2026-07-14 11:14:13,611 [DEBUG] (uiparser.py:106) -> push QPushButton deleteBtn
2026-07-14 11:14:13,611 [DEBUG] (uiparser.py:120) -> pop widget QPushButton deleteBtn
2026-07-14 11:14:13,611 [DEBUG] (uiparser.py:128) -> new topwidget <client.windows.system.employees.employee_card.EmployeeCard object at 0x0000025D64322D50>
2026-07-14 11:14:13,611 [DEBUG] (uiparser.py:114) -> pop layout QHBoxLayout buttonsLayout
2026-07-14 11:14:13,611 [DEBUG] (uiparser.py:114) -> pop layout QHBoxLayout horizontalLayout
2026-07-14 11:14:13,611 [DEBUG] (uiparser.py:120) -> pop widget EmployeeCard EmployeeCard
2026-07-14 11:14:13,611 [DEBUG] (uiparser.py:128) -> new topwidget None
2026-07-14 11:14:13,615 [DEBUG] (uiparser.py:838) -> toplevel widget is EmployeeCard
2026-07-14 11:14:13,615 [DEBUG] (properties.py:415) -> setting property geometry
2026-07-14 11:14:13,615 [DEBUG] (properties.py:415) -> setting property minimumSize
2026-07-14 11:14:13,615 [DEBUG] (properties.py:415) -> setting property maximumSize
2026-07-14 11:14:13,615 [DEBUG] (properties.py:415) -> setting property sizePolicy
2026-07-14 11:14:13,615 [DEBUG] (properties.py:415) -> setting property styleSheet
2026-07-14 11:14:13,615 [DEBUG] (uiparser.py:106) -> push EmployeeCard EmployeeCard
2026-07-14 11:14:13,615 [DEBUG] (properties.py:415) -> setting property spacing
2026-07-14 11:14:13,615 [DEBUG] (properties.py:415) -> setting property leftMargin
2026-07-14 11:14:13,615 [DEBUG] (properties.py:415) -> setting property topMargin
2026-07-14 11:14:13,616 [DEBUG] (properties.py:415) -> setting property rightMargin
2026-07-14 11:14:13,616 [DEBUG] (properties.py:415) -> setting property bottomMargin
2026-07-14 11:14:13,616 [DEBUG] (properties.py:415) -> setting property pyuicMargins
2026-07-14 11:14:13,616 [DEBUG] (properties.py:415) -> setting property pyuicSpacing
2026-07-14 11:14:13,616 [DEBUG] (uiparser.py:106) -> push QHBoxLayout horizontalLayout
2026-07-14 11:14:13,616 [DEBUG] (properties.py:415) -> setting property spacing
2026-07-14 11:14:13,616 [DEBUG] (properties.py:415) -> setting property pyuicSpacing
2026-07-14 11:14:13,616 [DEBUG] (uiparser.py:106) -> push QHBoxLayout buttonsLayout
2026-07-14 11:14:13,616 [DEBUG] (properties.py:415) -> setting property spacing
2026-07-14 11:14:13,616 [DEBUG] (properties.py:415) -> setting property topMargin
2026-07-14 11:14:13,616 [DEBUG] (properties.py:415) -> setting property bottomMargin
2026-07-14 11:14:13,616 [DEBUG] (properties.py:415) -> setting property pyuicMargins
2026-07-14 11:14:13,616 [DEBUG] (properties.py:415) -> setting property pyuicSpacing
2026-07-14 11:14:13,616 [DEBUG] (uiparser.py:106) -> push QVBoxLayout infoLayout
2026-07-14 11:14:13,616 [DEBUG] (properties.py:415) -> setting property sizePolicy
2026-07-14 11:14:13,616 [DEBUG] (properties.py:415) -> setting property wordWrap
2026-07-14 11:14:13,616 [DEBUG] (properties.py:415) -> setting property styleSheet
2026-07-14 11:14:13,616 [DEBUG] (properties.py:415) -> setting property text
2026-07-14 11:14:13,616 [DEBUG] (uiparser.py:106) -> push QLabel nameLabel
2026-07-14 11:14:13,616 [DEBUG] (uiparser.py:120) -> pop widget QLabel nameLabel
2026-07-14 11:14:13,616 [DEBUG] (uiparser.py:128) -> new topwidget <client.windows.system.employees.employee_card.EmployeeCard object at 0x0000025D64323B10>
2026-07-14 11:14:13,616 [DEBUG] (properties.py:415) -> setting property sizePolicy
2026-07-14 11:14:13,616 [DEBUG] (properties.py:415) -> setting property wordWrap
2026-07-14 11:14:13,616 [DEBUG] (properties.py:415) -> setting property styleSheet
2026-07-14 11:14:13,616 [DEBUG] (properties.py:415) -> setting property text
2026-07-14 11:14:13,616 [DEBUG] (uiparser.py:106) -> push QLabel positionLabel
2026-07-14 11:14:13,616 [DEBUG] (uiparser.py:120) -> pop widget QLabel positionLabel
2026-07-14 11:14:13,616 [DEBUG] (uiparser.py:128) -> new topwidget <client.windows.system.employees.employee_card.EmployeeCard object at 0x0000025D64323B10>
2026-07-14 11:14:13,616 [DEBUG] (properties.py:415) -> setting property sizePolicy
2026-07-14 11:14:13,616 [DEBUG] (properties.py:415) -> setting property wordWrap
2026-07-14 11:14:13,616 [DEBUG] (properties.py:415) -> setting property styleSheet
2026-07-14 11:14:13,616 [DEBUG] (properties.py:415) -> setting property text
2026-07-14 11:14:13,616 [DEBUG] (uiparser.py:106) -> push QLabel departmentLabel
2026-07-14 11:14:13,616 [DEBUG] (uiparser.py:120) -> pop widget QLabel departmentLabel
2026-07-14 11:14:13,616 [DEBUG] (uiparser.py:128) -> new topwidget <client.windows.system.employees.employee_card.EmployeeCard object at 0x0000025D64323B10>
2026-07-14 11:14:13,616 [DEBUG] (properties.py:415) -> setting property sizePolicy
2026-07-14 11:14:13,616 [DEBUG] (properties.py:415) -> setting property wordWrap
2026-07-14 11:14:13,620 [DEBUG] (properties.py:415) -> setting property styleSheet
2026-07-14 11:14:13,620 [DEBUG] (properties.py:415) -> setting property text
2026-07-14 11:14:13,620 [DEBUG] (uiparser.py:106) -> push QLabel workPhoneLabel
2026-07-14 11:14:13,620 [DEBUG] (uiparser.py:120) -> pop widget QLabel workPhoneLabel
2026-07-14 11:14:13,620 [DEBUG] (uiparser.py:128) -> new topwidget <client.windows.system.employees.employee_card.EmployeeCard object at 0x0000025D64323B10>
2026-07-14 11:14:13,620 [DEBUG] (properties.py:415) -> setting property sizePolicy
2026-07-14 11:14:13,620 [DEBUG] (properties.py:415) -> setting property wordWrap
2026-07-14 11:14:13,620 [DEBUG] (properties.py:415) -> setting property styleSheet
2026-07-14 11:14:13,620 [DEBUG] (properties.py:415) -> setting property text
2026-07-14 11:14:13,620 [DEBUG] (uiparser.py:106) -> push QLabel emailLabel
2026-07-14 11:14:13,620 [DEBUG] (uiparser.py:120) -> pop widget QLabel emailLabel
2026-07-14 11:14:13,620 [DEBUG] (uiparser.py:128) -> new topwidget <client.windows.system.employees.employee_card.EmployeeCard object at 0x0000025D64323B10>
2026-07-14 11:14:13,620 [DEBUG] (properties.py:415) -> setting property sizePolicy
2026-07-14 11:14:13,620 [DEBUG] (properties.py:415) -> setting property wordWrap
2026-07-14 11:14:13,620 [DEBUG] (properties.py:415) -> setting property styleSheet
2026-07-14 11:14:13,620 [DEBUG] (properties.py:415) -> setting property text
2026-07-14 11:14:13,620 [DEBUG] (uiparser.py:106) -> push QLabel rightsLabel
2026-07-14 11:14:13,620 [DEBUG] (uiparser.py:120) -> pop widget QLabel rightsLabel
2026-07-14 11:14:13,620 [DEBUG] (uiparser.py:128) -> new topwidget <client.windows.system.employees.employee_card.EmployeeCard object at 0x0000025D64323B10>
2026-07-14 11:14:13,620 [DEBUG] (uiparser.py:114) -> pop layout QVBoxLayout infoLayout
2026-07-14 11:14:13,620 [DEBUG] (properties.py:415) -> setting property minimumSize
2026-07-14 11:14:13,620 [DEBUG] (properties.py:415) -> setting property maximumSize
2026-07-14 11:14:13,620 [DEBUG] (properties.py:415) -> setting property cursor
2026-07-14 11:14:13,620 [DEBUG] (properties.py:415) -> setting property styleSheet
2026-07-14 11:14:13,620 [DEBUG] (properties.py:415) -> setting property text
2026-07-14 11:14:13,620 [DEBUG] (uiparser.py:106) -> push QPushButton editBtn
2026-07-14 11:14:13,620 [DEBUG] (uiparser.py:120) -> pop widget QPushButton editBtn
2026-07-14 11:14:13,620 [DEBUG] (uiparser.py:128) -> new topwidget <client.windows.system.employees.employee_card.EmployeeCard object at 0x0000025D64323B10>
2026-07-14 11:14:13,620 [DEBUG] (properties.py:415) -> setting property minimumSize
2026-07-14 11:14:13,620 [DEBUG] (properties.py:415) -> setting property maximumSize
2026-07-14 11:14:13,620 [DEBUG] (properties.py:415) -> setting property cursor
2026-07-14 11:14:13,620 [DEBUG] (properties.py:415) -> setting property styleSheet
2026-07-14 11:14:13,620 [DEBUG] (properties.py:415) -> setting property text
2026-07-14 11:14:13,620 [DEBUG] (uiparser.py:106) -> push QPushButton deleteBtn
2026-07-14 11:14:13,620 [DEBUG] (uiparser.py:120) -> pop widget QPushButton deleteBtn
2026-07-14 11:14:13,620 [DEBUG] (uiparser.py:128) -> new topwidget <client.windows.system.employees.employee_card.EmployeeCard object at 0x0000025D64323B10>
2026-07-14 11:14:13,620 [DEBUG] (uiparser.py:114) -> pop layout QHBoxLayout buttonsLayout
2026-07-14 11:14:13,620 [DEBUG] (uiparser.py:114) -> pop layout QHBoxLayout horizontalLayout
2026-07-14 11:14:13,620 [DEBUG] (uiparser.py:120) -> pop widget EmployeeCard EmployeeCard
2026-07-14 11:14:13,621 [DEBUG] (uiparser.py:128) -> new topwidget None
2026-07-14 11:14:13,622 [DEBUG] (uiparser.py:838) -> toplevel widget is EmployeeCard
2026-07-14 11:14:13,622 [DEBUG] (properties.py:415) -> setting property geometry
2026-07-14 11:14:13,622 [DEBUG] (properties.py:415) -> setting property minimumSize
2026-07-14 11:14:13,622 [DEBUG] (properties.py:415) -> setting property maximumSize
2026-07-14 11:14:13,622 [DEBUG] (properties.py:415) -> setting property sizePolicy
2026-07-14 11:14:13,622 [DEBUG] (properties.py:415) -> setting property styleSheet
2026-07-14 11:14:13,622 [DEBUG] (uiparser.py:106) -> push EmployeeCard EmployeeCard
2026-07-14 11:14:13,622 [DEBUG] (properties.py:415) -> setting property spacing
2026-07-14 11:14:13,622 [DEBUG] (properties.py:415) -> setting property leftMargin
2026-07-14 11:14:13,622 [DEBUG] (properties.py:415) -> setting property topMargin
2026-07-14 11:14:13,622 [DEBUG] (properties.py:415) -> setting property rightMargin
2026-07-14 11:14:13,622 [DEBUG] (properties.py:415) -> setting property bottomMargin
2026-07-14 11:14:13,622 [DEBUG] (properties.py:415) -> setting property pyuicMargins
2026-07-14 11:14:13,622 [DEBUG] (properties.py:415) -> setting property pyuicSpacing
2026-07-14 11:14:13,622 [DEBUG] (uiparser.py:106) -> push QHBoxLayout horizontalLayout
2026-07-14 11:14:13,622 [DEBUG] (properties.py:415) -> setting property spacing
2026-07-14 11:14:13,622 [DEBUG] (properties.py:415) -> setting property pyuicSpacing
2026-07-14 11:14:13,622 [DEBUG] (uiparser.py:106) -> push QHBoxLayout buttonsLayout
2026-07-14 11:14:13,622 [DEBUG] (properties.py:415) -> setting property spacing
2026-07-14 11:14:13,622 [DEBUG] (properties.py:415) -> setting property topMargin
2026-07-14 11:14:13,622 [DEBUG] (properties.py:415) -> setting property bottomMargin
2026-07-14 11:14:13,622 [DEBUG] (properties.py:415) -> setting property pyuicMargins
2026-07-14 11:14:13,622 [DEBUG] (properties.py:415) -> setting property pyuicSpacing
2026-07-14 11:14:13,622 [DEBUG] (uiparser.py:106) -> push QVBoxLayout infoLayout
2026-07-14 11:14:13,622 [DEBUG] (properties.py:415) -> setting property sizePolicy
2026-07-14 11:14:13,622 [DEBUG] (properties.py:415) -> setting property wordWrap
2026-07-14 11:14:13,622 [DEBUG] (properties.py:415) -> setting property styleSheet
2026-07-14 11:14:13,622 [DEBUG] (properties.py:415) -> setting property text
2026-07-14 11:14:13,622 [DEBUG] (uiparser.py:106) -> push QLabel nameLabel
2026-07-14 11:14:13,622 [DEBUG] (uiparser.py:120) -> pop widget QLabel nameLabel
2026-07-14 11:14:13,622 [DEBUG] (uiparser.py:128) -> new topwidget <client.windows.system.employees.employee_card.EmployeeCard object at 0x0000025D643284B0>
2026-07-14 11:14:13,623 [DEBUG] (properties.py:415) -> setting property sizePolicy
2026-07-14 11:14:13,623 [DEBUG] (properties.py:415) -> setting property wordWrap
2026-07-14 11:14:13,623 [DEBUG] (properties.py:415) -> setting property styleSheet
2026-07-14 11:14:13,623 [DEBUG] (properties.py:415) -> setting property text
2026-07-14 11:14:13,623 [DEBUG] (uiparser.py:106) -> push QLabel positionLabel
2026-07-14 11:14:13,623 [DEBUG] (uiparser.py:120) -> pop widget QLabel positionLabel
2026-07-14 11:14:13,623 [DEBUG] (uiparser.py:128) -> new topwidget <client.windows.system.employees.employee_card.EmployeeCard object at 0x0000025D643284B0>
2026-07-14 11:14:13,623 [DEBUG] (properties.py:415) -> setting property sizePolicy
2026-07-14 11:14:13,623 [DEBUG] (properties.py:415) -> setting property wordWrap
2026-07-14 11:14:13,623 [DEBUG] (properties.py:415) -> setting property styleSheet
2026-07-14 11:14:13,623 [DEBUG] (properties.py:415) -> setting property text
2026-07-14 11:14:13,623 [DEBUG] (uiparser.py:106) -> push QLabel departmentLabel
2026-07-14 11:14:13,623 [DEBUG] (uiparser.py:120) -> pop widget QLabel departmentLabel
2026-07-14 11:14:13,623 [DEBUG] (uiparser.py:128) -> new topwidget <client.windows.system.employees.employee_card.EmployeeCard object at 0x0000025D643284B0>
2026-07-14 11:14:13,623 [DEBUG] (properties.py:415) -> setting property sizePolicy
2026-07-14 11:14:13,623 [DEBUG] (properties.py:415) -> setting property wordWrap
2026-07-14 11:14:13,623 [DEBUG] (properties.py:415) -> setting property styleSheet
2026-07-14 11:14:13,623 [DEBUG] (properties.py:415) -> setting property text
2026-07-14 11:14:13,623 [DEBUG] (uiparser.py:106) -> push QLabel workPhoneLabel
2026-07-14 11:14:13,623 [DEBUG] (uiparser.py:120) -> pop widget QLabel workPhoneLabel
2026-07-14 11:14:13,623 [DEBUG] (uiparser.py:128) -> new topwidget <client.windows.system.employees.employee_card.EmployeeCard object at 0x0000025D643284B0>
2026-07-14 11:14:13,623 [DEBUG] (properties.py:415) -> setting property sizePolicy
2026-07-14 11:14:13,623 [DEBUG] (properties.py:415) -> setting property wordWrap
2026-07-14 11:14:13,623 [DEBUG] (properties.py:415) -> setting property styleSheet
2026-07-14 11:14:13,623 [DEBUG] (properties.py:415) -> setting property text
2026-07-14 11:14:13,623 [DEBUG] (uiparser.py:106) -> push QLabel emailLabel
2026-07-14 11:14:13,623 [DEBUG] (uiparser.py:120) -> pop widget QLabel emailLabel
2026-07-14 11:14:13,623 [DEBUG] (uiparser.py:128) -> new topwidget <client.windows.system.employees.employee_card.EmployeeCard object at 0x0000025D643284B0>
2026-07-14 11:14:13,623 [DEBUG] (properties.py:415) -> setting property sizePolicy
2026-07-14 11:14:13,623 [DEBUG] (properties.py:415) -> setting property wordWrap
2026-07-14 11:14:13,623 [DEBUG] (properties.py:415) -> setting property styleSheet
2026-07-14 11:14:13,623 [DEBUG] (properties.py:415) -> setting property text
2026-07-14 11:14:13,623 [DEBUG] (uiparser.py:106) -> push QLabel rightsLabel
2026-07-14 11:14:13,623 [DEBUG] (uiparser.py:120) -> pop widget QLabel rightsLabel
2026-07-14 11:14:13,623 [DEBUG] (uiparser.py:128) -> new topwidget <client.windows.system.employees.employee_card.EmployeeCard object at 0x0000025D643284B0>
2026-07-14 11:14:13,623 [DEBUG] (uiparser.py:114) -> pop layout QVBoxLayout infoLayout
2026-07-14 11:14:13,623 [DEBUG] (properties.py:415) -> setting property minimumSize
2026-07-14 11:14:13,623 [DEBUG] (properties.py:415) -> setting property maximumSize
2026-07-14 11:14:13,623 [DEBUG] (properties.py:415) -> setting property cursor
2026-07-14 11:14:13,623 [DEBUG] (properties.py:415) -> setting property styleSheet
2026-07-14 11:14:13,623 [DEBUG] (properties.py:415) -> setting property text
2026-07-14 11:14:13,623 [DEBUG] (uiparser.py:106) -> push QPushButton editBtn
2026-07-14 11:14:13,623 [DEBUG] (uiparser.py:120) -> pop widget QPushButton editBtn
2026-07-14 11:14:13,623 [DEBUG] (uiparser.py:128) -> new topwidget <client.windows.system.employees.employee_card.EmployeeCard object at 0x0000025D643284B0>
2026-07-14 11:14:13,623 [DEBUG] (properties.py:415) -> setting property minimumSize
2026-07-14 11:14:13,623 [DEBUG] (properties.py:415) -> setting property maximumSize
2026-07-14 11:14:13,623 [DEBUG] (properties.py:415) -> setting property cursor
2026-07-14 11:14:13,623 [DEBUG] (properties.py:415) -> setting property styleSheet
2026-07-14 11:14:13,623 [DEBUG] (properties.py:415) -> setting property text
2026-07-14 11:14:13,624 [DEBUG] (uiparser.py:106) -> push QPushButton deleteBtn
2026-07-14 11:14:13,624 [DEBUG] (uiparser.py:120) -> pop widget QPushButton deleteBtn
2026-07-14 11:14:13,624 [DEBUG] (uiparser.py:128) -> new topwidget <client.windows.system.employees.employee_card.EmployeeCard object at 0x0000025D643284B0>
2026-07-14 11:14:13,624 [DEBUG] (uiparser.py:114) -> pop layout QHBoxLayout buttonsLayout
2026-07-14 11:14:13,624 [DEBUG] (uiparser.py:114) -> pop layout QHBoxLayout horizontalLayout
2026-07-14 11:14:13,624 [DEBUG] (uiparser.py:120) -> pop widget EmployeeCard EmployeeCard
2026-07-14 11:14:13,624 [DEBUG] (uiparser.py:128) -> new topwidget None
2026-07-14 11:14:13,626 [DEBUG] (uiparser.py:838) -> toplevel widget is EmployeeCard
2026-07-14 11:14:13,626 [DEBUG] (properties.py:415) -> setting property geometry
2026-07-14 11:14:13,626 [DEBUG] (properties.py:415) -> setting property minimumSize
2026-07-14 11:14:13,626 [DEBUG] (properties.py:415) -> setting property maximumSize
2026-07-14 11:14:13,626 [DEBUG] (properties.py:415) -> setting property sizePolicy
2026-07-14 11:14:13,626 [DEBUG] (properties.py:415) -> setting property styleSheet
2026-07-14 11:14:13,626 [DEBUG] (uiparser.py:106) -> push EmployeeCard EmployeeCard
2026-07-14 11:14:13,626 [DEBUG] (properties.py:415) -> setting property spacing
2026-07-14 11:14:13,626 [DEBUG] (properties.py:415) -> setting property leftMargin
2026-07-14 11:14:13,626 [DEBUG] (properties.py:415) -> setting property topMargin
2026-07-14 11:14:13,626 [DEBUG] (properties.py:415) -> setting property rightMargin
2026-07-14 11:14:13,626 [DEBUG] (properties.py:415) -> setting property bottomMargin
2026-07-14 11:14:13,626 [DEBUG] (properties.py:415) -> setting property pyuicMargins
2026-07-14 11:14:13,626 [DEBUG] (properties.py:415) -> setting property pyuicSpacing
2026-07-14 11:14:13,626 [DEBUG] (uiparser.py:106) -> push QHBoxLayout horizontalLayout
2026-07-14 11:14:13,626 [DEBUG] (properties.py:415) -> setting property spacing
2026-07-14 11:14:13,626 [DEBUG] (properties.py:415) -> setting property pyuicSpacing
2026-07-14 11:14:13,626 [DEBUG] (uiparser.py:106) -> push QHBoxLayout buttonsLayout
2026-07-14 11:14:13,626 [DEBUG] (properties.py:415) -> setting property spacing
2026-07-14 11:14:13,626 [DEBUG] (properties.py:415) -> setting property topMargin
2026-07-14 11:14:13,626 [DEBUG] (properties.py:415) -> setting property bottomMargin
2026-07-14 11:14:13,626 [DEBUG] (properties.py:415) -> setting property pyuicMargins
2026-07-14 11:14:13,626 [DEBUG] (properties.py:415) -> setting property pyuicSpacing
2026-07-14 11:14:13,626 [DEBUG] (uiparser.py:106) -> push QVBoxLayout infoLayout
2026-07-14 11:14:13,627 [DEBUG] (properties.py:415) -> setting property sizePolicy
2026-07-14 11:14:13,627 [DEBUG] (properties.py:415) -> setting property wordWrap
2026-07-14 11:14:13,627 [DEBUG] (properties.py:415) -> setting property styleSheet
2026-07-14 11:14:13,627 [DEBUG] (properties.py:415) -> setting property text
2026-07-14 11:14:13,627 [DEBUG] (uiparser.py:106) -> push QLabel nameLabel
2026-07-14 11:14:13,627 [DEBUG] (uiparser.py:120) -> pop widget QLabel nameLabel
2026-07-14 11:14:13,627 [DEBUG] (uiparser.py:128) -> new topwidget <client.windows.system.employees.employee_card.EmployeeCard object at 0x0000025D64329270>
2026-07-14 11:14:13,627 [DEBUG] (properties.py:415) -> setting property sizePolicy
2026-07-14 11:14:13,627 [DEBUG] (properties.py:415) -> setting property wordWrap
2026-07-14 11:14:13,627 [DEBUG] (properties.py:415) -> setting property styleSheet
2026-07-14 11:14:13,627 [DEBUG] (properties.py:415) -> setting property text
2026-07-14 11:14:13,627 [DEBUG] (uiparser.py:106) -> push QLabel positionLabel
2026-07-14 11:14:13,627 [DEBUG] (uiparser.py:120) -> pop widget QLabel positionLabel
2026-07-14 11:14:13,627 [DEBUG] (uiparser.py:128) -> new topwidget <client.windows.system.employees.employee_card.EmployeeCard object at 0x0000025D64329270>
2026-07-14 11:14:13,627 [DEBUG] (properties.py:415) -> setting property sizePolicy
2026-07-14 11:14:13,627 [DEBUG] (properties.py:415) -> setting property wordWrap
2026-07-14 11:14:13,627 [DEBUG] (properties.py:415) -> setting property styleSheet
2026-07-14 11:14:13,627 [DEBUG] (properties.py:415) -> setting property text
2026-07-14 11:14:13,627 [DEBUG] (uiparser.py:106) -> push QLabel departmentLabel
2026-07-14 11:14:13,627 [DEBUG] (uiparser.py:120) -> pop widget QLabel departmentLabel
2026-07-14 11:14:13,627 [DEBUG] (uiparser.py:128) -> new topwidget <client.windows.system.employees.employee_card.EmployeeCard object at 0x0000025D64329270>
2026-07-14 11:14:13,627 [DEBUG] (properties.py:415) -> setting property sizePolicy
2026-07-14 11:14:13,627 [DEBUG] (properties.py:415) -> setting property wordWrap
2026-07-14 11:14:13,628 [DEBUG] (properties.py:415) -> setting property styleSheet
2026-07-14 11:14:13,628 [DEBUG] (properties.py:415) -> setting property text
2026-07-14 11:14:13,628 [DEBUG] (uiparser.py:106) -> push QLabel workPhoneLabel
2026-07-14 11:14:13,628 [DEBUG] (uiparser.py:120) -> pop widget QLabel workPhoneLabel
2026-07-14 11:14:13,628 [DEBUG] (uiparser.py:128) -> new topwidget <client.windows.system.employees.employee_card.EmployeeCard object at 0x0000025D64329270>
2026-07-14 11:14:13,628 [DEBUG] (properties.py:415) -> setting property sizePolicy
2026-07-14 11:14:13,628 [DEBUG] (properties.py:415) -> setting property wordWrap
2026-07-14 11:14:13,628 [DEBUG] (properties.py:415) -> setting property styleSheet
2026-07-14 11:14:13,628 [DEBUG] (properties.py:415) -> setting property text
2026-07-14 11:14:13,628 [DEBUG] (uiparser.py:106) -> push QLabel emailLabel
2026-07-14 11:14:13,628 [DEBUG] (uiparser.py:120) -> pop widget QLabel emailLabel
2026-07-14 11:14:13,628 [DEBUG] (uiparser.py:128) -> new topwidget <client.windows.system.employees.employee_card.EmployeeCard object at 0x0000025D64329270>
2026-07-14 11:14:13,628 [DEBUG] (properties.py:415) -> setting property sizePolicy
2026-07-14 11:14:13,628 [DEBUG] (properties.py:415) -> setting property wordWrap
2026-07-14 11:14:13,628 [DEBUG] (properties.py:415) -> setting property styleSheet
2026-07-14 11:14:13,628 [DEBUG] (properties.py:415) -> setting property text
2026-07-14 11:14:13,628 [DEBUG] (uiparser.py:106) -> push QLabel rightsLabel
2026-07-14 11:14:13,628 [DEBUG] (uiparser.py:120) -> pop widget QLabel rightsLabel
2026-07-14 11:14:13,628 [DEBUG] (uiparser.py:128) -> new topwidget <client.windows.system.employees.employee_card.EmployeeCard object at 0x0000025D64329270>
2026-07-14 11:14:13,628 [DEBUG] (uiparser.py:114) -> pop layout QVBoxLayout infoLayout
2026-07-14 11:14:13,628 [DEBUG] (properties.py:415) -> setting property minimumSize
2026-07-14 11:14:13,628 [DEBUG] (properties.py:415) -> setting property maximumSize
2026-07-14 11:14:13,628 [DEBUG] (properties.py:415) -> setting property cursor
2026-07-14 11:14:13,628 [DEBUG] (properties.py:415) -> setting property styleSheet
2026-07-14 11:14:13,628 [DEBUG] (properties.py:415) -> setting property text
2026-07-14 11:14:13,628 [DEBUG] (uiparser.py:106) -> push QPushButton editBtn
2026-07-14 11:14:13,628 [DEBUG] (uiparser.py:120) -> pop widget QPushButton editBtn
2026-07-14 11:14:13,628 [DEBUG] (uiparser.py:128) -> new topwidget <client.windows.system.employees.employee_card.EmployeeCard object at 0x0000025D64329270>
2026-07-14 11:14:13,628 [DEBUG] (properties.py:415) -> setting property minimumSize
2026-07-14 11:14:13,628 [DEBUG] (properties.py:415) -> setting property maximumSize
2026-07-14 11:14:13,628 [DEBUG] (properties.py:415) -> setting property cursor
2026-07-14 11:14:13,628 [DEBUG] (properties.py:415) -> setting property styleSheet
2026-07-14 11:14:13,628 [DEBUG] (properties.py:415) -> setting property text
2026-07-14 11:14:13,628 [DEBUG] (uiparser.py:106) -> push QPushButton deleteBtn
2026-07-14 11:14:13,628 [DEBUG] (uiparser.py:120) -> pop widget QPushButton deleteBtn
2026-07-14 11:14:13,628 [DEBUG] (uiparser.py:128) -> new topwidget <client.windows.system.employees.employee_card.EmployeeCard object at 0x0000025D64329270>
2026-07-14 11:14:13,628 [DEBUG] (uiparser.py:114) -> pop layout QHBoxLayout buttonsLayout
2026-07-14 11:14:13,628 [DEBUG] (uiparser.py:114) -> pop layout QHBoxLayout horizontalLayout
2026-07-14 11:14:13,629 [DEBUG] (uiparser.py:120) -> pop widget EmployeeCard EmployeeCard
2026-07-14 11:14:13,629 [DEBUG] (uiparser.py:128) -> new topwidget None
2026-07-14 11:14:13,630 [DEBUG] (uiparser.py:838) -> toplevel widget is EmployeeCard
2026-07-14 11:14:13,630 [DEBUG] (properties.py:415) -> setting property geometry
2026-07-14 11:14:13,630 [DEBUG] (properties.py:415) -> setting property minimumSize
2026-07-14 11:14:13,630 [DEBUG] (properties.py:415) -> setting property maximumSize
2026-07-14 11:14:13,630 [DEBUG] (properties.py:415) -> setting property sizePolicy
2026-07-14 11:14:13,630 [DEBUG] (properties.py:415) -> setting property styleSheet
2026-07-14 11:14:13,630 [DEBUG] (uiparser.py:106) -> push EmployeeCard EmployeeCard
2026-07-14 11:14:13,630 [DEBUG] (properties.py:415) -> setting property spacing
2026-07-14 11:14:13,630 [DEBUG] (properties.py:415) -> setting property leftMargin
2026-07-14 11:14:13,630 [DEBUG] (properties.py:415) -> setting property topMargin
2026-07-14 11:14:13,630 [DEBUG] (properties.py:415) -> setting property rightMargin
2026-07-14 11:14:13,630 [DEBUG] (properties.py:415) -> setting property bottomMargin
2026-07-14 11:14:13,630 [DEBUG] (properties.py:415) -> setting property pyuicMargins
2026-07-14 11:14:13,630 [DEBUG] (properties.py:415) -> setting property pyuicSpacing
2026-07-14 11:14:13,630 [DEBUG] (uiparser.py:106) -> push QHBoxLayout horizontalLayout
2026-07-14 11:14:13,630 [DEBUG] (properties.py:415) -> setting property spacing
2026-07-14 11:14:13,630 [DEBUG] (properties.py:415) -> setting property pyuicSpacing
2026-07-14 11:14:13,630 [DEBUG] (uiparser.py:106) -> push QHBoxLayout buttonsLayout
2026-07-14 11:14:13,630 [DEBUG] (properties.py:415) -> setting property spacing
2026-07-14 11:14:13,630 [DEBUG] (properties.py:415) -> setting property topMargin
2026-07-14 11:14:13,630 [DEBUG] (properties.py:415) -> setting property bottomMargin
2026-07-14 11:14:13,630 [DEBUG] (properties.py:415) -> setting property pyuicMargins
2026-07-14 11:14:13,630 [DEBUG] (properties.py:415) -> setting property pyuicSpacing
2026-07-14 11:14:13,630 [DEBUG] (uiparser.py:106) -> push QVBoxLayout infoLayout
2026-07-14 11:14:13,630 [DEBUG] (properties.py:415) -> setting property sizePolicy
2026-07-14 11:14:13,630 [DEBUG] (properties.py:415) -> setting property wordWrap
2026-07-14 11:14:13,630 [DEBUG] (properties.py:415) -> setting property styleSheet
2026-07-14 11:14:13,630 [DEBUG] (properties.py:415) -> setting property text
2026-07-14 11:14:13,630 [DEBUG] (uiparser.py:106) -> push QLabel nameLabel
2026-07-14 11:14:13,630 [DEBUG] (uiparser.py:120) -> pop widget QLabel nameLabel
2026-07-14 11:14:13,631 [DEBUG] (uiparser.py:128) -> new topwidget <client.windows.system.employees.employee_card.EmployeeCard object at 0x0000025D64329BD0>
2026-07-14 11:14:13,631 [DEBUG] (properties.py:415) -> setting property sizePolicy
2026-07-14 11:14:13,631 [DEBUG] (properties.py:415) -> setting property wordWrap
2026-07-14 11:14:13,631 [DEBUG] (properties.py:415) -> setting property styleSheet
2026-07-14 11:14:13,631 [DEBUG] (properties.py:415) -> setting property text
2026-07-14 11:14:13,631 [DEBUG] (uiparser.py:106) -> push QLabel positionLabel
2026-07-14 11:14:13,631 [DEBUG] (uiparser.py:120) -> pop widget QLabel positionLabel
2026-07-14 11:14:13,631 [DEBUG] (uiparser.py:128) -> new topwidget <client.windows.system.employees.employee_card.EmployeeCard object at 0x0000025D64329BD0>
2026-07-14 11:14:13,631 [DEBUG] (properties.py:415) -> setting property sizePolicy
2026-07-14 11:14:13,631 [DEBUG] (properties.py:415) -> setting property wordWrap
2026-07-14 11:14:13,631 [DEBUG] (properties.py:415) -> setting property styleSheet
2026-07-14 11:14:13,631 [DEBUG] (properties.py:415) -> setting property text
2026-07-14 11:14:13,631 [DEBUG] (uiparser.py:106) -> push QLabel departmentLabel
2026-07-14 11:14:13,631 [DEBUG] (uiparser.py:120) -> pop widget QLabel departmentLabel
2026-07-14 11:14:13,631 [DEBUG] (uiparser.py:128) -> new topwidget <client.windows.system.employees.employee_card.EmployeeCard object at 0x0000025D64329BD0>
2026-07-14 11:14:13,631 [DEBUG] (properties.py:415) -> setting property sizePolicy
2026-07-14 11:14:13,631 [DEBUG] (properties.py:415) -> setting property wordWrap
2026-07-14 11:14:13,632 [DEBUG] (properties.py:415) -> setting property styleSheet
2026-07-14 11:14:13,632 [DEBUG] (properties.py:415) -> setting property text
2026-07-14 11:14:13,632 [DEBUG] (uiparser.py:106) -> push QLabel workPhoneLabel
2026-07-14 11:14:13,632 [DEBUG] (uiparser.py:120) -> pop widget QLabel workPhoneLabel
2026-07-14 11:14:13,632 [DEBUG] (uiparser.py:128) -> new topwidget <client.windows.system.employees.employee_card.EmployeeCard object at 0x0000025D64329BD0>
2026-07-14 11:14:13,632 [DEBUG] (properties.py:415) -> setting property sizePolicy
2026-07-14 11:14:13,632 [DEBUG] (properties.py:415) -> setting property wordWrap
2026-07-14 11:14:13,632 [DEBUG] (properties.py:415) -> setting property styleSheet
2026-07-14 11:14:13,632 [DEBUG] (properties.py:415) -> setting property text
2026-07-14 11:14:13,632 [DEBUG] (uiparser.py:106) -> push QLabel emailLabel
2026-07-14 11:14:13,632 [DEBUG] (uiparser.py:120) -> pop widget QLabel emailLabel
2026-07-14 11:14:13,632 [DEBUG] (uiparser.py:128) -> new topwidget <client.windows.system.employees.employee_card.EmployeeCard object at 0x0000025D64329BD0>
2026-07-14 11:14:13,632 [DEBUG] (properties.py:415) -> setting property sizePolicy
2026-07-14 11:14:13,632 [DEBUG] (properties.py:415) -> setting property wordWrap
2026-07-14 11:14:13,632 [DEBUG] (properties.py:415) -> setting property styleSheet
2026-07-14 11:14:13,632 [DEBUG] (properties.py:415) -> setting property text
2026-07-14 11:14:13,632 [DEBUG] (uiparser.py:106) -> push QLabel rightsLabel
2026-07-14 11:14:13,632 [DEBUG] (uiparser.py:120) -> pop widget QLabel rightsLabel
2026-07-14 11:14:13,632 [DEBUG] (uiparser.py:128) -> new topwidget <client.windows.system.employees.employee_card.EmployeeCard object at 0x0000025D64329BD0>
2026-07-14 11:14:13,632 [DEBUG] (uiparser.py:114) -> pop layout QVBoxLayout infoLayout
2026-07-14 11:14:13,632 [DEBUG] (properties.py:415) -> setting property minimumSize
2026-07-14 11:14:13,632 [DEBUG] (properties.py:415) -> setting property maximumSize
2026-07-14 11:14:13,632 [DEBUG] (properties.py:415) -> setting property cursor
2026-07-14 11:14:13,632 [DEBUG] (properties.py:415) -> setting property styleSheet
2026-07-14 11:14:13,632 [DEBUG] (properties.py:415) -> setting property text
2026-07-14 11:14:13,632 [DEBUG] (uiparser.py:106) -> push QPushButton editBtn
2026-07-14 11:14:13,632 [DEBUG] (uiparser.py:120) -> pop widget QPushButton editBtn
2026-07-14 11:14:13,632 [DEBUG] (uiparser.py:128) -> new topwidget <client.windows.system.employees.employee_card.EmployeeCard object at 0x0000025D64329BD0>
2026-07-14 11:14:13,633 [DEBUG] (properties.py:415) -> setting property minimumSize
2026-07-14 11:14:13,633 [DEBUG] (properties.py:415) -> setting property maximumSize
2026-07-14 11:14:13,633 [DEBUG] (properties.py:415) -> setting property cursor
2026-07-14 11:14:13,633 [DEBUG] (properties.py:415) -> setting property styleSheet
2026-07-14 11:14:13,633 [DEBUG] (properties.py:415) -> setting property text
2026-07-14 11:14:13,633 [DEBUG] (uiparser.py:106) -> push QPushButton deleteBtn
2026-07-14 11:14:13,633 [DEBUG] (uiparser.py:120) -> pop widget QPushButton deleteBtn
2026-07-14 11:14:13,633 [DEBUG] (uiparser.py:128) -> new topwidget <client.windows.system.employees.employee_card.EmployeeCard object at 0x0000025D64329BD0>
2026-07-14 11:14:13,633 [DEBUG] (uiparser.py:114) -> pop layout QHBoxLayout buttonsLayout
2026-07-14 11:14:13,633 [DEBUG] (uiparser.py:114) -> pop layout QHBoxLayout horizontalLayout
2026-07-14 11:14:13,633 [DEBUG] (uiparser.py:120) -> pop widget EmployeeCard EmployeeCard
2026-07-14 11:14:13,633 [DEBUG] (uiparser.py:128) -> new topwidget None
2026-07-14 11:14:13,634 [DEBUG] (uiparser.py:838) -> toplevel widget is EmployeeCard
2026-07-14 11:14:13,634 [DEBUG] (properties.py:415) -> setting property geometry
2026-07-14 11:14:13,634 [DEBUG] (properties.py:415) -> setting property minimumSize
2026-07-14 11:14:13,634 [DEBUG] (properties.py:415) -> setting property maximumSize
2026-07-14 11:14:13,634 [DEBUG] (properties.py:415) -> setting property sizePolicy
2026-07-14 11:14:13,634 [DEBUG] (properties.py:415) -> setting property styleSheet
2026-07-14 11:14:13,634 [DEBUG] (uiparser.py:106) -> push EmployeeCard EmployeeCard
2026-07-14 11:14:13,634 [DEBUG] (properties.py:415) -> setting property spacing
2026-07-14 11:14:13,634 [DEBUG] (properties.py:415) -> setting property leftMargin
2026-07-14 11:14:13,634 [DEBUG] (properties.py:415) -> setting property topMargin
2026-07-14 11:14:13,634 [DEBUG] (properties.py:415) -> setting property rightMargin
2026-07-14 11:14:13,634 [DEBUG] (properties.py:415) -> setting property bottomMargin
2026-07-14 11:14:13,634 [DEBUG] (properties.py:415) -> setting property pyuicMargins
2026-07-14 11:14:13,634 [DEBUG] (properties.py:415) -> setting property pyuicSpacing
2026-07-14 11:14:13,634 [DEBUG] (uiparser.py:106) -> push QHBoxLayout horizontalLayout
2026-07-14 11:14:13,634 [DEBUG] (properties.py:415) -> setting property spacing
2026-07-14 11:14:13,634 [DEBUG] (properties.py:415) -> setting property pyuicSpacing
2026-07-14 11:14:13,634 [DEBUG] (uiparser.py:106) -> push QHBoxLayout buttonsLayout
2026-07-14 11:14:13,634 [DEBUG] (properties.py:415) -> setting property spacing
2026-07-14 11:14:13,634 [DEBUG] (properties.py:415) -> setting property topMargin
2026-07-14 11:14:13,635 [DEBUG] (properties.py:415) -> setting property bottomMargin
2026-07-14 11:14:13,635 [DEBUG] (properties.py:415) -> setting property pyuicMargins
2026-07-14 11:14:13,635 [DEBUG] (properties.py:415) -> setting property pyuicSpacing
2026-07-14 11:14:13,635 [DEBUG] (uiparser.py:106) -> push QVBoxLayout infoLayout
2026-07-14 11:14:13,635 [DEBUG] (properties.py:415) -> setting property sizePolicy
2026-07-14 11:14:13,635 [DEBUG] (properties.py:415) -> setting property wordWrap
2026-07-14 11:14:13,635 [DEBUG] (properties.py:415) -> setting property styleSheet
2026-07-14 11:14:13,635 [DEBUG] (properties.py:415) -> setting property text
2026-07-14 11:14:13,635 [DEBUG] (uiparser.py:106) -> push QLabel nameLabel
2026-07-14 11:14:13,635 [DEBUG] (uiparser.py:120) -> pop widget QLabel nameLabel
2026-07-14 11:14:13,635 [DEBUG] (uiparser.py:128) -> new topwidget <client.windows.system.employees.employee_card.EmployeeCard object at 0x0000025D6432A530>
2026-07-14 11:14:13,635 [DEBUG] (properties.py:415) -> setting property sizePolicy
2026-07-14 11:14:13,635 [DEBUG] (properties.py:415) -> setting property wordWrap
2026-07-14 11:14:13,635 [DEBUG] (properties.py:415) -> setting property styleSheet
2026-07-14 11:14:13,635 [DEBUG] (properties.py:415) -> setting property text
2026-07-14 11:14:13,635 [DEBUG] (uiparser.py:106) -> push QLabel positionLabel
2026-07-14 11:14:13,635 [DEBUG] (uiparser.py:120) -> pop widget QLabel positionLabel
2026-07-14 11:14:13,635 [DEBUG] (uiparser.py:128) -> new topwidget <client.windows.system.employees.employee_card.EmployeeCard object at 0x0000025D6432A530>
2026-07-14 11:14:13,635 [DEBUG] (properties.py:415) -> setting property sizePolicy
2026-07-14 11:14:13,635 [DEBUG] (properties.py:415) -> setting property wordWrap
2026-07-14 11:14:13,635 [DEBUG] (properties.py:415) -> setting property styleSheet
2026-07-14 11:14:13,635 [DEBUG] (properties.py:415) -> setting property text
2026-07-14 11:14:13,635 [DEBUG] (uiparser.py:106) -> push QLabel departmentLabel
2026-07-14 11:14:13,635 [DEBUG] (uiparser.py:120) -> pop widget QLabel departmentLabel
2026-07-14 11:14:13,635 [DEBUG] (uiparser.py:128) -> new topwidget <client.windows.system.employees.employee_card.EmployeeCard object at 0x0000025D6432A530>
2026-07-14 11:14:13,635 [DEBUG] (properties.py:415) -> setting property sizePolicy
2026-07-14 11:14:13,635 [DEBUG] (properties.py:415) -> setting property wordWrap
2026-07-14 11:14:13,636 [DEBUG] (properties.py:415) -> setting property styleSheet
2026-07-14 11:14:13,636 [DEBUG] (properties.py:415) -> setting property text
2026-07-14 11:14:13,636 [DEBUG] (uiparser.py:106) -> push QLabel workPhoneLabel
2026-07-14 11:14:13,636 [DEBUG] (uiparser.py:120) -> pop widget QLabel workPhoneLabel
2026-07-14 11:14:13,636 [DEBUG] (uiparser.py:128) -> new topwidget <client.windows.system.employees.employee_card.EmployeeCard object at 0x0000025D6432A530>
2026-07-14 11:14:13,636 [DEBUG] (properties.py:415) -> setting property sizePolicy
2026-07-14 11:14:13,636 [DEBUG] (properties.py:415) -> setting property wordWrap
2026-07-14 11:14:13,636 [DEBUG] (properties.py:415) -> setting property styleSheet
2026-07-14 11:14:13,636 [DEBUG] (properties.py:415) -> setting property text
2026-07-14 11:14:13,636 [DEBUG] (uiparser.py:106) -> push QLabel emailLabel
2026-07-14 11:14:13,636 [DEBUG] (uiparser.py:120) -> pop widget QLabel emailLabel
2026-07-14 11:14:13,636 [DEBUG] (uiparser.py:128) -> new topwidget <client.windows.system.employees.employee_card.EmployeeCard object at 0x0000025D6432A530>
2026-07-14 11:14:13,636 [DEBUG] (properties.py:415) -> setting property sizePolicy
2026-07-14 11:14:13,636 [DEBUG] (properties.py:415) -> setting property wordWrap
2026-07-14 11:14:13,636 [DEBUG] (properties.py:415) -> setting property styleSheet
2026-07-14 11:14:13,636 [DEBUG] (properties.py:415) -> setting property text
2026-07-14 11:14:13,636 [DEBUG] (uiparser.py:106) -> push QLabel rightsLabel
2026-07-14 11:14:13,636 [DEBUG] (uiparser.py:120) -> pop widget QLabel rightsLabel
2026-07-14 11:14:13,636 [DEBUG] (uiparser.py:128) -> new topwidget <client.windows.system.employees.employee_card.EmployeeCard object at 0x0000025D6432A530>
2026-07-14 11:14:13,636 [DEBUG] (uiparser.py:114) -> pop layout QVBoxLayout infoLayout
2026-07-14 11:14:13,636 [DEBUG] (properties.py:415) -> setting property minimumSize
2026-07-14 11:14:13,636 [DEBUG] (properties.py:415) -> setting property maximumSize
2026-07-14 11:14:13,636 [DEBUG] (properties.py:415) -> setting property cursor
2026-07-14 11:14:13,636 [DEBUG] (properties.py:415) -> setting property styleSheet
2026-07-14 11:14:13,636 [DEBUG] (properties.py:415) -> setting property text
2026-07-14 11:14:13,636 [DEBUG] (uiparser.py:106) -> push QPushButton editBtn
2026-07-14 11:14:13,636 [DEBUG] (uiparser.py:120) -> pop widget QPushButton editBtn
2026-07-14 11:14:13,636 [DEBUG] (uiparser.py:128) -> new topwidget <client.windows.system.employees.employee_card.EmployeeCard object at 0x0000025D6432A530>
2026-07-14 11:14:13,636 [DEBUG] (properties.py:415) -> setting property minimumSize
2026-07-14 11:14:13,636 [DEBUG] (properties.py:415) -> setting property maximumSize
2026-07-14 11:14:13,636 [DEBUG] (properties.py:415) -> setting property cursor
2026-07-14 11:14:13,636 [DEBUG] (properties.py:415) -> setting property styleSheet
2026-07-14 11:14:13,636 [DEBUG] (properties.py:415) -> setting property text
2026-07-14 11:14:13,636 [DEBUG] (uiparser.py:106) -> push QPushButton deleteBtn
2026-07-14 11:14:13,636 [DEBUG] (uiparser.py:120) -> pop widget QPushButton deleteBtn
2026-07-14 11:14:13,636 [DEBUG] (uiparser.py:128) -> new topwidget <client.windows.system.employees.employee_card.EmployeeCard object at 0x0000025D6432A530>
2026-07-14 11:14:13,636 [DEBUG] (uiparser.py:114) -> pop layout QHBoxLayout buttonsLayout
2026-07-14 11:14:13,636 [DEBUG] (uiparser.py:114) -> pop layout QHBoxLayout horizontalLayout
2026-07-14 11:14:13,637 [DEBUG] (uiparser.py:120) -> pop widget EmployeeCard EmployeeCard
2026-07-14 11:14:13,637 [DEBUG] (uiparser.py:128) -> new topwidget None
2026-07-14 11:14:13,658 [DEBUG] (uiparser.py:838) -> toplevel widget is TagsPage
2026-07-14 11:14:13,658 [DEBUG] (properties.py:415) -> setting property geometry
2026-07-14 11:14:13,658 [DEBUG] (properties.py:415) -> setting property windowTitle
2026-07-14 11:14:13,659 [DEBUG] (properties.py:415) -> setting property styleSheet
2026-07-14 11:14:13,659 [DEBUG] (uiparser.py:106) -> push TagsPage TagsPage
2026-07-14 11:14:13,659 [DEBUG] (properties.py:415) -> setting property spacing
2026-07-14 11:14:13,659 [DEBUG] (properties.py:415) -> setting property leftMargin
2026-07-14 11:14:13,659 [DEBUG] (properties.py:415) -> setting property topMargin
2026-07-14 11:14:13,659 [DEBUG] (properties.py:415) -> setting property rightMargin
2026-07-14 11:14:13,659 [DEBUG] (properties.py:415) -> setting property bottomMargin
2026-07-14 11:14:13,659 [DEBUG] (properties.py:415) -> setting property pyuicMargins
2026-07-14 11:14:13,659 [DEBUG] (properties.py:415) -> setting property pyuicSpacing
2026-07-14 11:14:13,659 [DEBUG] (uiparser.py:106) -> push QVBoxLayout mainLayout
2026-07-14 11:14:13,659 [DEBUG] (properties.py:415) -> setting property spacing
2026-07-14 11:14:13,659 [DEBUG] (properties.py:415) -> setting property pyuicSpacing
2026-07-14 11:14:13,659 [DEBUG] (uiparser.py:106) -> push QHBoxLayout toolbarLayout
2026-07-14 11:14:13,659 [DEBUG] (properties.py:415) -> setting property minimumSize
2026-07-14 11:14:13,659 [DEBUG] (properties.py:415) -> setting property maximumSize
2026-07-14 11:14:13,659 [DEBUG] (properties.py:415) -> setting property styleSheet
2026-07-14 11:14:13,659 [DEBUG] (properties.py:415) -> setting property placeholderText
2026-07-14 11:14:13,659 [DEBUG] (uiparser.py:106) -> push QLineEdit searchEdit
2026-07-14 11:14:13,659 [DEBUG] (uiparser.py:120) -> pop widget QLineEdit searchEdit
2026-07-14 11:14:13,659 [DEBUG] (uiparser.py:128) -> new topwidget <client.windows.system.tags.tag_page.TagsPage object at 0x0000025D6432AE90>
2026-07-14 11:14:13,659 [DEBUG] (properties.py:415) -> setting property minimumSize
2026-07-14 11:14:13,659 [DEBUG] (properties.py:415) -> setting property styleSheet
2026-07-14 11:14:13,659 [DEBUG] (properties.py:415) -> setting property text
2026-07-14 11:14:13,659 [DEBUG] (uiparser.py:106) -> push QPushButton btnSort
2026-07-14 11:14:13,659 [DEBUG] (uiparser.py:120) -> pop widget QPushButton btnSort
2026-07-14 11:14:13,659 [DEBUG] (uiparser.py:128) -> new topwidget <client.windows.system.tags.tag_page.TagsPage object at 0x0000025D6432AE90>
2026-07-14 11:14:13,659 [DEBUG] (properties.py:415) -> setting property minimumSize
2026-07-14 11:14:13,659 [DEBUG] (properties.py:415) -> setting property maximumSize
2026-07-14 11:14:13,659 [DEBUG] (properties.py:415) -> setting property toolTip
2026-07-14 11:14:13,659 [DEBUG] (properties.py:415) -> setting property styleSheet
2026-07-14 11:14:13,659 [DEBUG] (properties.py:415) -> setting property text
2026-07-14 11:14:13,659 [DEBUG] (uiparser.py:106) -> push QPushButton btnResetFilters
2026-07-14 11:14:13,659 [DEBUG] (uiparser.py:120) -> pop widget QPushButton btnResetFilters
2026-07-14 11:14:13,659 [DEBUG] (uiparser.py:128) -> new topwidget <client.windows.system.tags.tag_page.TagsPage object at 0x0000025D6432AE90>
2026-07-14 11:14:13,659 [DEBUG] (uiparser.py:114) -> pop layout QHBoxLayout toolbarLayout
2026-07-14 11:14:13,659 [DEBUG] (properties.py:415) -> setting property styleSheet
2026-07-14 11:14:13,660 [DEBUG] (properties.py:415) -> setting property widgetResizable
2026-07-14 11:14:13,660 [DEBUG] (uiparser.py:106) -> push QScrollArea scrollArea
2026-07-14 11:14:13,660 [DEBUG] (properties.py:415) -> setting property geometry
2026-07-14 11:14:13,660 [DEBUG] (uiparser.py:106) -> push QWidget scrollAreaWidgetContents
2026-07-14 11:14:13,660 [DEBUG] (properties.py:415) -> setting property leftMargin
2026-07-14 11:14:13,660 [DEBUG] (properties.py:415) -> setting property topMargin
2026-07-14 11:14:13,660 [DEBUG] (properties.py:415) -> setting property rightMargin
2026-07-14 11:14:13,660 [DEBUG] (properties.py:415) -> setting property bottomMargin
2026-07-14 11:14:13,660 [DEBUG] (properties.py:415) -> setting property spacing
2026-07-14 11:14:13,660 [DEBUG] (properties.py:415) -> setting property pyuicMargins
2026-07-14 11:14:13,660 [DEBUG] (properties.py:415) -> setting property pyuicSpacing
2026-07-14 11:14:13,660 [DEBUG] (uiparser.py:106) -> push QGridLayout tagsGridLayout
2026-07-14 11:14:13,660 [DEBUG] (uiparser.py:114) -> pop layout QGridLayout tagsGridLayout
2026-07-14 11:14:13,660 [DEBUG] (uiparser.py:120) -> pop widget QWidget scrollAreaWidgetContents
2026-07-14 11:14:13,660 [DEBUG] (uiparser.py:128) -> new topwidget <PyQt6.QtWidgets.QScrollArea object at 0x0000025D6432B2F0>
2026-07-14 11:14:13,660 [DEBUG] (uiparser.py:120) -> pop widget QScrollArea scrollArea
2026-07-14 11:14:13,660 [DEBUG] (uiparser.py:128) -> new topwidget <client.windows.system.tags.tag_page.TagsPage object at 0x0000025D6432AE90>
2026-07-14 11:14:13,660 [DEBUG] (uiparser.py:114) -> pop layout QVBoxLayout mainLayout
2026-07-14 11:14:13,660 [DEBUG] (uiparser.py:120) -> pop widget TagsPage TagsPage
2026-07-14 11:14:13,660 [DEBUG] (uiparser.py:128) -> new topwidget None
2026-07-14 11:14:13,661 [DEBUG] (uiparser.py:838) -> toplevel widget is TagCard
2026-07-14 11:14:13,661 [DEBUG] (properties.py:415) -> setting property geometry
2026-07-14 11:14:13,661 [DEBUG] (properties.py:415) -> setting property minimumSize
2026-07-14 11:14:13,661 [DEBUG] (properties.py:415) -> setting property maximumSize
2026-07-14 11:14:13,661 [DEBUG] (properties.py:415) -> setting property styleSheet
2026-07-14 11:14:13,661 [DEBUG] (uiparser.py:106) -> push TagCard TagCard
2026-07-14 11:14:13,661 [DEBUG] (properties.py:415) -> setting property spacing
2026-07-14 11:14:13,661 [DEBUG] (properties.py:415) -> setting property leftMargin
2026-07-14 11:14:13,661 [DEBUG] (properties.py:415) -> setting property topMargin
2026-07-14 11:14:13,661 [DEBUG] (properties.py:415) -> setting property rightMargin
2026-07-14 11:14:13,661 [DEBUG] (properties.py:415) -> setting property bottomMargin
2026-07-14 11:14:13,661 [DEBUG] (properties.py:415) -> setting property pyuicMargins
2026-07-14 11:14:13,661 [DEBUG] (properties.py:415) -> setting property pyuicSpacing
2026-07-14 11:14:13,661 [DEBUG] (uiparser.py:106) -> push QHBoxLayout horizontalLayout
2026-07-14 11:14:13,662 [DEBUG] (properties.py:415) -> setting property minimumSize
2026-07-14 11:14:13,662 [DEBUG] (properties.py:415) -> setting property maximumSize
2026-07-14 11:14:13,662 [DEBUG] (properties.py:415) -> setting property cursor
2026-07-14 11:14:13,662 [DEBUG] (properties.py:415) -> setting property styleSheet
2026-07-14 11:14:13,662 [DEBUG] (properties.py:415) -> setting property text
2026-07-14 11:14:13,662 [DEBUG] (properties.py:415) -> setting property fixedSize
2026-07-14 11:14:13,662 [DEBUG] (uiparser.py:106) -> push QPushButton colorButton
2026-07-14 11:14:13,662 [DEBUG] (uiparser.py:120) -> pop widget QPushButton colorButton
2026-07-14 11:14:13,662 [DEBUG] (uiparser.py:128) -> new topwidget <client.windows.system.tags.tag_card.TagCard object at 0x0000025D6432BA70>
2026-07-14 11:14:13,662 [DEBUG] (properties.py:415) -> setting property styleSheet
2026-07-14 11:14:13,662 [DEBUG] (properties.py:415) -> setting property text
2026-07-14 11:14:13,662 [DEBUG] (uiparser.py:106) -> push QLabel nameLabel
2026-07-14 11:14:13,662 [DEBUG] (uiparser.py:120) -> pop widget QLabel nameLabel
2026-07-14 11:14:13,662 [DEBUG] (uiparser.py:128) -> new topwidget <client.windows.system.tags.tag_card.TagCard object at 0x0000025D6432BA70>
2026-07-14 11:14:13,662 [DEBUG] (properties.py:415) -> setting property styleSheet
2026-07-14 11:14:13,662 [DEBUG] (properties.py:415) -> setting property text
2026-07-14 11:14:13,662 [DEBUG] (uiparser.py:106) -> push QLabel countLabel
2026-07-14 11:14:13,662 [DEBUG] (uiparser.py:120) -> pop widget QLabel countLabel
2026-07-14 11:14:13,662 [DEBUG] (uiparser.py:128) -> new topwidget <client.windows.system.tags.tag_card.TagCard object at 0x0000025D6432BA70>
2026-07-14 11:14:13,662 [DEBUG] (properties.py:415) -> setting property spacing
2026-07-14 11:14:13,662 [DEBUG] (properties.py:415) -> setting property pyuicSpacing
2026-07-14 11:14:13,662 [DEBUG] (uiparser.py:106) -> push QHBoxLayout buttonsLayout
2026-07-14 11:14:13,662 [DEBUG] (properties.py:415) -> setting property minimumSize
2026-07-14 11:14:13,662 [DEBUG] (properties.py:415) -> setting property maximumSize
2026-07-14 11:14:13,662 [DEBUG] (properties.py:415) -> setting property cursor
2026-07-14 11:14:13,662 [DEBUG] (properties.py:415) -> setting property styleSheet
2026-07-14 11:14:13,662 [DEBUG] (properties.py:415) -> setting property text
2026-07-14 11:14:13,662 [DEBUG] (uiparser.py:106) -> push QPushButton editBtn
2026-07-14 11:14:13,662 [DEBUG] (uiparser.py:120) -> pop widget QPushButton editBtn
2026-07-14 11:14:13,662 [DEBUG] (uiparser.py:128) -> new topwidget <client.windows.system.tags.tag_card.TagCard object at 0x0000025D6432BA70>
2026-07-14 11:14:13,662 [DEBUG] (properties.py:415) -> setting property minimumSize
2026-07-14 11:14:13,662 [DEBUG] (properties.py:415) -> setting property maximumSize
2026-07-14 11:14:13,662 [DEBUG] (properties.py:415) -> setting property cursor
2026-07-14 11:14:13,662 [DEBUG] (properties.py:415) -> setting property styleSheet
2026-07-14 11:14:13,662 [DEBUG] (properties.py:415) -> setting property text
2026-07-14 11:14:13,662 [DEBUG] (uiparser.py:106) -> push QPushButton deleteBtn
2026-07-14 11:14:13,662 [DEBUG] (uiparser.py:120) -> pop widget QPushButton deleteBtn
2026-07-14 11:14:13,662 [DEBUG] (uiparser.py:128) -> new topwidget <client.windows.system.tags.tag_card.TagCard object at 0x0000025D6432BA70>
2026-07-14 11:14:13,662 [DEBUG] (uiparser.py:114) -> pop layout QHBoxLayout buttonsLayout
2026-07-14 11:14:13,662 [DEBUG] (uiparser.py:114) -> pop layout QHBoxLayout horizontalLayout
2026-07-14 11:14:13,662 [DEBUG] (uiparser.py:120) -> pop widget TagCard TagCard
2026-07-14 11:14:13,662 [DEBUG] (uiparser.py:128) -> new topwidget None
2026-07-14 11:14:13,664 [DEBUG] (uiparser.py:838) -> toplevel widget is TagCard
2026-07-14 11:14:13,664 [DEBUG] (properties.py:415) -> setting property geometry
2026-07-14 11:14:13,664 [DEBUG] (properties.py:415) -> setting property minimumSize
2026-07-14 11:14:13,664 [DEBUG] (properties.py:415) -> setting property maximumSize
2026-07-14 11:14:13,664 [DEBUG] (properties.py:415) -> setting property styleSheet
2026-07-14 11:14:13,664 [DEBUG] (uiparser.py:106) -> push TagCard TagCard
2026-07-14 11:14:13,664 [DEBUG] (properties.py:415) -> setting property spacing
2026-07-14 11:14:13,664 [DEBUG] (properties.py:415) -> setting property leftMargin
2026-07-14 11:14:13,664 [DEBUG] (properties.py:415) -> setting property topMargin
2026-07-14 11:14:13,664 [DEBUG] (properties.py:415) -> setting property rightMargin
2026-07-14 11:14:13,664 [DEBUG] (properties.py:415) -> setting property bottomMargin
2026-07-14 11:14:13,664 [DEBUG] (properties.py:415) -> setting property pyuicMargins
2026-07-14 11:14:13,664 [DEBUG] (properties.py:415) -> setting property pyuicSpacing
2026-07-14 11:14:13,664 [DEBUG] (uiparser.py:106) -> push QHBoxLayout horizontalLayout
2026-07-14 11:14:13,664 [DEBUG] (properties.py:415) -> setting property minimumSize
2026-07-14 11:14:13,664 [DEBUG] (properties.py:415) -> setting property maximumSize
2026-07-14 11:14:13,664 [DEBUG] (properties.py:415) -> setting property cursor
2026-07-14 11:14:13,664 [DEBUG] (properties.py:415) -> setting property styleSheet
2026-07-14 11:14:13,664 [DEBUG] (properties.py:415) -> setting property text
2026-07-14 11:14:13,664 [DEBUG] (properties.py:415) -> setting property fixedSize
2026-07-14 11:14:13,664 [DEBUG] (uiparser.py:106) -> push QPushButton colorButton
2026-07-14 11:14:13,664 [DEBUG] (uiparser.py:120) -> pop widget QPushButton colorButton
2026-07-14 11:14:13,664 [DEBUG] (uiparser.py:128) -> new topwidget <client.windows.system.tags.tag_card.TagCard object at 0x0000025D6432BD90>
2026-07-14 11:14:13,664 [DEBUG] (properties.py:415) -> setting property styleSheet
2026-07-14 11:14:13,664 [DEBUG] (properties.py:415) -> setting property text
2026-07-14 11:14:13,664 [DEBUG] (uiparser.py:106) -> push QLabel nameLabel
2026-07-14 11:14:13,664 [DEBUG] (uiparser.py:120) -> pop widget QLabel nameLabel
2026-07-14 11:14:13,664 [DEBUG] (uiparser.py:128) -> new topwidget <client.windows.system.tags.tag_card.TagCard object at 0x0000025D6432BD90>
2026-07-14 11:14:13,664 [DEBUG] (properties.py:415) -> setting property styleSheet
2026-07-14 11:14:13,664 [DEBUG] (properties.py:415) -> setting property text
2026-07-14 11:14:13,664 [DEBUG] (uiparser.py:106) -> push QLabel countLabel
2026-07-14 11:14:13,664 [DEBUG] (uiparser.py:120) -> pop widget QLabel countLabel
2026-07-14 11:14:13,664 [DEBUG] (uiparser.py:128) -> new topwidget <client.windows.system.tags.tag_card.TagCard object at 0x0000025D6432BD90>
2026-07-14 11:14:13,664 [DEBUG] (properties.py:415) -> setting property spacing
2026-07-14 11:14:13,664 [DEBUG] (properties.py:415) -> setting property pyuicSpacing
2026-07-14 11:14:13,665 [DEBUG] (uiparser.py:106) -> push QHBoxLayout buttonsLayout
2026-07-14 11:14:13,665 [DEBUG] (properties.py:415) -> setting property minimumSize
2026-07-14 11:14:13,665 [DEBUG] (properties.py:415) -> setting property maximumSize
2026-07-14 11:14:13,665 [DEBUG] (properties.py:415) -> setting property cursor
2026-07-14 11:14:13,665 [DEBUG] (properties.py:415) -> setting property styleSheet
2026-07-14 11:14:13,665 [DEBUG] (properties.py:415) -> setting property text
2026-07-14 11:14:13,665 [DEBUG] (uiparser.py:106) -> push QPushButton editBtn
2026-07-14 11:14:13,665 [DEBUG] (uiparser.py:120) -> pop widget QPushButton editBtn
2026-07-14 11:14:13,665 [DEBUG] (uiparser.py:128) -> new topwidget <client.windows.system.tags.tag_card.TagCard object at 0x0000025D6432BD90>
2026-07-14 11:14:13,665 [DEBUG] (properties.py:415) -> setting property minimumSize
2026-07-14 11:14:13,665 [DEBUG] (properties.py:415) -> setting property maximumSize
2026-07-14 11:14:13,665 [DEBUG] (properties.py:415) -> setting property cursor
2026-07-14 11:14:13,665 [DEBUG] (properties.py:415) -> setting property styleSheet
2026-07-14 11:14:13,665 [DEBUG] (properties.py:415) -> setting property text
2026-07-14 11:14:13,665 [DEBUG] (uiparser.py:106) -> push QPushButton deleteBtn
2026-07-14 11:14:13,665 [DEBUG] (uiparser.py:120) -> pop widget QPushButton deleteBtn
2026-07-14 11:14:13,665 [DEBUG] (uiparser.py:128) -> new topwidget <client.windows.system.tags.tag_card.TagCard object at 0x0000025D6432BD90>
2026-07-14 11:14:13,665 [DEBUG] (uiparser.py:114) -> pop layout QHBoxLayout buttonsLayout
2026-07-14 11:14:13,665 [DEBUG] (uiparser.py:114) -> pop layout QHBoxLayout horizontalLayout
2026-07-14 11:14:13,665 [DEBUG] (uiparser.py:120) -> pop widget TagCard TagCard
2026-07-14 11:14:13,665 [DEBUG] (uiparser.py:128) -> new topwidget None
2026-07-14 11:14:13,666 [DEBUG] (uiparser.py:838) -> toplevel widget is TagCard
2026-07-14 11:14:13,666 [DEBUG] (properties.py:415) -> setting property geometry
2026-07-14 11:14:13,666 [DEBUG] (properties.py:415) -> setting property minimumSize
2026-07-14 11:14:13,666 [DEBUG] (properties.py:415) -> setting property maximumSize
2026-07-14 11:14:13,666 [DEBUG] (properties.py:415) -> setting property styleSheet
2026-07-14 11:14:13,666 [DEBUG] (uiparser.py:106) -> push TagCard TagCard
2026-07-14 11:14:13,666 [DEBUG] (properties.py:415) -> setting property spacing
2026-07-14 11:14:13,666 [DEBUG] (properties.py:415) -> setting property leftMargin
2026-07-14 11:14:13,666 [DEBUG] (properties.py:415) -> setting property topMargin
2026-07-14 11:14:13,666 [DEBUG] (properties.py:415) -> setting property rightMargin
2026-07-14 11:14:13,666 [DEBUG] (properties.py:415) -> setting property bottomMargin
2026-07-14 11:14:13,666 [DEBUG] (properties.py:415) -> setting property pyuicMargins
2026-07-14 11:14:13,666 [DEBUG] (properties.py:415) -> setting property pyuicSpacing
2026-07-14 11:14:13,666 [DEBUG] (uiparser.py:106) -> push QHBoxLayout horizontalLayout
2026-07-14 11:14:13,667 [DEBUG] (properties.py:415) -> setting property minimumSize
2026-07-14 11:14:13,667 [DEBUG] (properties.py:415) -> setting property maximumSize
2026-07-14 11:14:13,667 [DEBUG] (properties.py:415) -> setting property cursor
2026-07-14 11:14:13,667 [DEBUG] (properties.py:415) -> setting property styleSheet
2026-07-14 11:14:13,667 [DEBUG] (properties.py:415) -> setting property text
2026-07-14 11:14:13,667 [DEBUG] (properties.py:415) -> setting property fixedSize
2026-07-14 11:14:13,667 [DEBUG] (uiparser.py:106) -> push QPushButton colorButton
2026-07-14 11:14:13,667 [DEBUG] (uiparser.py:120) -> pop widget QPushButton colorButton
2026-07-14 11:14:13,667 [DEBUG] (uiparser.py:128) -> new topwidget <client.windows.system.tags.tag_card.TagCard object at 0x0000025D6432BCF0>
2026-07-14 11:14:13,667 [DEBUG] (properties.py:415) -> setting property styleSheet
2026-07-14 11:14:13,667 [DEBUG] (properties.py:415) -> setting property text
2026-07-14 11:14:13,667 [DEBUG] (uiparser.py:106) -> push QLabel nameLabel
2026-07-14 11:14:13,667 [DEBUG] (uiparser.py:120) -> pop widget QLabel nameLabel
2026-07-14 11:14:13,667 [DEBUG] (uiparser.py:128) -> new topwidget <client.windows.system.tags.tag_card.TagCard object at 0x0000025D6432BCF0>
2026-07-14 11:14:13,667 [DEBUG] (properties.py:415) -> setting property styleSheet
2026-07-14 11:14:13,667 [DEBUG] (properties.py:415) -> setting property text
2026-07-14 11:14:13,667 [DEBUG] (uiparser.py:106) -> push QLabel countLabel
2026-07-14 11:14:13,667 [DEBUG] (uiparser.py:120) -> pop widget QLabel countLabel
2026-07-14 11:14:13,667 [DEBUG] (uiparser.py:128) -> new topwidget <client.windows.system.tags.tag_card.TagCard object at 0x0000025D6432BCF0>
2026-07-14 11:14:13,667 [DEBUG] (properties.py:415) -> setting property spacing
2026-07-14 11:14:13,667 [DEBUG] (properties.py:415) -> setting property pyuicSpacing
2026-07-14 11:14:13,667 [DEBUG] (uiparser.py:106) -> push QHBoxLayout buttonsLayout
2026-07-14 11:14:13,667 [DEBUG] (properties.py:415) -> setting property minimumSize
2026-07-14 11:14:13,667 [DEBUG] (properties.py:415) -> setting property maximumSize
2026-07-14 11:14:13,667 [DEBUG] (properties.py:415) -> setting property cursor
2026-07-14 11:14:13,667 [DEBUG] (properties.py:415) -> setting property styleSheet
2026-07-14 11:14:13,667 [DEBUG] (properties.py:415) -> setting property text
2026-07-14 11:14:13,667 [DEBUG] (uiparser.py:106) -> push QPushButton editBtn
2026-07-14 11:14:13,667 [DEBUG] (uiparser.py:120) -> pop widget QPushButton editBtn
2026-07-14 11:14:13,667 [DEBUG] (uiparser.py:128) -> new topwidget <client.windows.system.tags.tag_card.TagCard object at 0x0000025D6432BCF0>
2026-07-14 11:14:13,667 [DEBUG] (properties.py:415) -> setting property minimumSize
2026-07-14 11:14:13,667 [DEBUG] (properties.py:415) -> setting property maximumSize
2026-07-14 11:14:13,667 [DEBUG] (properties.py:415) -> setting property cursor
2026-07-14 11:14:13,667 [DEBUG] (properties.py:415) -> setting property styleSheet
2026-07-14 11:14:13,667 [DEBUG] (properties.py:415) -> setting property text
2026-07-14 11:14:13,667 [DEBUG] (uiparser.py:106) -> push QPushButton deleteBtn
2026-07-14 11:14:13,667 [DEBUG] (uiparser.py:120) -> pop widget QPushButton deleteBtn
2026-07-14 11:14:13,667 [DEBUG] (uiparser.py:128) -> new topwidget <client.windows.system.tags.tag_card.TagCard object at 0x0000025D6432BCF0>
2026-07-14 11:14:13,667 [DEBUG] (uiparser.py:114) -> pop layout QHBoxLayout buttonsLayout
2026-07-14 11:14:13,667 [DEBUG] (uiparser.py:114) -> pop layout QHBoxLayout horizontalLayout
2026-07-14 11:14:13,667 [DEBUG] (uiparser.py:120) -> pop widget TagCard TagCard
2026-07-14 11:14:13,667 [DEBUG] (uiparser.py:128) -> new topwidget None
2026-07-14 11:14:13,669 [DEBUG] (uiparser.py:838) -> toplevel widget is TagCard
2026-07-14 11:14:13,669 [DEBUG] (properties.py:415) -> setting property geometry
2026-07-14 11:14:13,669 [DEBUG] (properties.py:415) -> setting property minimumSize
2026-07-14 11:14:13,669 [DEBUG] (properties.py:415) -> setting property maximumSize
2026-07-14 11:14:13,669 [DEBUG] (properties.py:415) -> setting property styleSheet
2026-07-14 11:14:13,669 [DEBUG] (uiparser.py:106) -> push TagCard TagCard
2026-07-14 11:14:13,669 [DEBUG] (properties.py:415) -> setting property spacing
2026-07-14 11:14:13,669 [DEBUG] (properties.py:415) -> setting property leftMargin
2026-07-14 11:14:13,669 [DEBUG] (properties.py:415) -> setting property topMargin
2026-07-14 11:14:13,669 [DEBUG] (properties.py:415) -> setting property rightMargin
2026-07-14 11:14:13,669 [DEBUG] (properties.py:415) -> setting property bottomMargin
2026-07-14 11:14:13,669 [DEBUG] (properties.py:415) -> setting property pyuicMargins
2026-07-14 11:14:13,669 [DEBUG] (properties.py:415) -> setting property pyuicSpacing
2026-07-14 11:14:13,669 [DEBUG] (uiparser.py:106) -> push QHBoxLayout horizontalLayout
2026-07-14 11:14:13,669 [DEBUG] (properties.py:415) -> setting property minimumSize
2026-07-14 11:14:13,669 [DEBUG] (properties.py:415) -> setting property maximumSize
2026-07-14 11:14:13,669 [DEBUG] (properties.py:415) -> setting property cursor
2026-07-14 11:14:13,669 [DEBUG] (properties.py:415) -> setting property styleSheet
2026-07-14 11:14:13,669 [DEBUG] (properties.py:415) -> setting property text
2026-07-14 11:14:13,669 [DEBUG] (properties.py:415) -> setting property fixedSize
2026-07-14 11:14:13,669 [DEBUG] (uiparser.py:106) -> push QPushButton colorButton
2026-07-14 11:14:13,669 [DEBUG] (uiparser.py:120) -> pop widget QPushButton colorButton
2026-07-14 11:14:13,669 [DEBUG] (uiparser.py:128) -> new topwidget <client.windows.system.tags.tag_card.TagCard object at 0x0000025D6432CB90>
2026-07-14 11:14:13,669 [DEBUG] (properties.py:415) -> setting property styleSheet
2026-07-14 11:14:13,669 [DEBUG] (properties.py:415) -> setting property text
2026-07-14 11:14:13,669 [DEBUG] (uiparser.py:106) -> push QLabel nameLabel
2026-07-14 11:14:13,669 [DEBUG] (uiparser.py:120) -> pop widget QLabel nameLabel
2026-07-14 11:14:13,669 [DEBUG] (uiparser.py:128) -> new topwidget <client.windows.system.tags.tag_card.TagCard object at 0x0000025D6432CB90>
2026-07-14 11:14:13,669 [DEBUG] (properties.py:415) -> setting property styleSheet
2026-07-14 11:14:13,669 [DEBUG] (properties.py:415) -> setting property text
2026-07-14 11:14:13,669 [DEBUG] (uiparser.py:106) -> push QLabel countLabel
2026-07-14 11:14:13,669 [DEBUG] (uiparser.py:120) -> pop widget QLabel countLabel
2026-07-14 11:14:13,669 [DEBUG] (uiparser.py:128) -> new topwidget <client.windows.system.tags.tag_card.TagCard object at 0x0000025D6432CB90>
2026-07-14 11:14:13,669 [DEBUG] (properties.py:415) -> setting property spacing
2026-07-14 11:14:13,669 [DEBUG] (properties.py:415) -> setting property pyuicSpacing
2026-07-14 11:14:13,669 [DEBUG] (uiparser.py:106) -> push QHBoxLayout buttonsLayout
2026-07-14 11:14:13,669 [DEBUG] (properties.py:415) -> setting property minimumSize
2026-07-14 11:14:13,669 [DEBUG] (properties.py:415) -> setting property maximumSize
2026-07-14 11:14:13,669 [DEBUG] (properties.py:415) -> setting property cursor
2026-07-14 11:14:13,669 [DEBUG] (properties.py:415) -> setting property styleSheet
2026-07-14 11:14:13,670 [DEBUG] (properties.py:415) -> setting property text
2026-07-14 11:14:13,670 [DEBUG] (uiparser.py:106) -> push QPushButton editBtn
2026-07-14 11:14:13,670 [DEBUG] (uiparser.py:120) -> pop widget QPushButton editBtn
2026-07-14 11:14:13,670 [DEBUG] (uiparser.py:128) -> new topwidget <client.windows.system.tags.tag_card.TagCard object at 0x0000025D6432CB90>
2026-07-14 11:14:13,670 [DEBUG] (properties.py:415) -> setting property minimumSize
2026-07-14 11:14:13,670 [DEBUG] (properties.py:415) -> setting property maximumSize
2026-07-14 11:14:13,670 [DEBUG] (properties.py:415) -> setting property cursor
2026-07-14 11:14:13,670 [DEBUG] (properties.py:415) -> setting property styleSheet
2026-07-14 11:14:13,670 [DEBUG] (properties.py:415) -> setting property text
2026-07-14 11:14:13,670 [DEBUG] (uiparser.py:106) -> push QPushButton deleteBtn
2026-07-14 11:14:13,670 [DEBUG] (uiparser.py:120) -> pop widget QPushButton deleteBtn
2026-07-14 11:14:13,670 [DEBUG] (uiparser.py:128) -> new topwidget <client.windows.system.tags.tag_card.TagCard object at 0x0000025D6432CB90>
2026-07-14 11:14:13,670 [DEBUG] (uiparser.py:114) -> pop layout QHBoxLayout buttonsLayout
2026-07-14 11:14:13,670 [DEBUG] (uiparser.py:114) -> pop layout QHBoxLayout horizontalLayout
2026-07-14 11:14:13,670 [DEBUG] (uiparser.py:120) -> pop widget TagCard TagCard
2026-07-14 11:14:13,670 [DEBUG] (uiparser.py:128) -> new topwidget None
2026-07-14 11:14:13,671 [DEBUG] (uiparser.py:838) -> toplevel widget is TagCard
2026-07-14 11:14:13,671 [DEBUG] (properties.py:415) -> setting property geometry
2026-07-14 11:14:13,671 [DEBUG] (properties.py:415) -> setting property minimumSize
2026-07-14 11:14:13,671 [DEBUG] (properties.py:415) -> setting property maximumSize
2026-07-14 11:14:13,671 [DEBUG] (properties.py:415) -> setting property styleSheet
2026-07-14 11:14:13,671 [DEBUG] (uiparser.py:106) -> push TagCard TagCard
2026-07-14 11:14:13,671 [DEBUG] (properties.py:415) -> setting property spacing
2026-07-14 11:14:13,671 [DEBUG] (properties.py:415) -> setting property leftMargin
2026-07-14 11:14:13,671 [DEBUG] (properties.py:415) -> setting property topMargin
2026-07-14 11:14:13,671 [DEBUG] (properties.py:415) -> setting property rightMargin
2026-07-14 11:14:13,671 [DEBUG] (properties.py:415) -> setting property bottomMargin
2026-07-14 11:14:13,671 [DEBUG] (properties.py:415) -> setting property pyuicMargins
2026-07-14 11:14:13,671 [DEBUG] (properties.py:415) -> setting property pyuicSpacing
2026-07-14 11:14:13,671 [DEBUG] (uiparser.py:106) -> push QHBoxLayout horizontalLayout
2026-07-14 11:14:13,671 [DEBUG] (properties.py:415) -> setting property minimumSize
2026-07-14 11:14:13,671 [DEBUG] (properties.py:415) -> setting property maximumSize
2026-07-14 11:14:13,671 [DEBUG] (properties.py:415) -> setting property cursor
2026-07-14 11:14:13,671 [DEBUG] (properties.py:415) -> setting property styleSheet
2026-07-14 11:14:13,671 [DEBUG] (properties.py:415) -> setting property text
2026-07-14 11:14:13,671 [DEBUG] (properties.py:415) -> setting property fixedSize
2026-07-14 11:14:13,671 [DEBUG] (uiparser.py:106) -> push QPushButton colorButton
2026-07-14 11:14:13,671 [DEBUG] (uiparser.py:120) -> pop widget QPushButton colorButton
2026-07-14 11:14:13,672 [DEBUG] (uiparser.py:128) -> new topwidget <client.windows.system.tags.tag_card.TagCard object at 0x0000025D6432D130>
2026-07-14 11:14:13,672 [DEBUG] (properties.py:415) -> setting property styleSheet
2026-07-14 11:14:13,672 [DEBUG] (properties.py:415) -> setting property text
2026-07-14 11:14:13,672 [DEBUG] (uiparser.py:106) -> push QLabel nameLabel
2026-07-14 11:14:13,672 [DEBUG] (uiparser.py:120) -> pop widget QLabel nameLabel
2026-07-14 11:14:13,672 [DEBUG] (uiparser.py:128) -> new topwidget <client.windows.system.tags.tag_card.TagCard object at 0x0000025D6432D130>
2026-07-14 11:14:13,672 [DEBUG] (properties.py:415) -> setting property styleSheet
2026-07-14 11:14:13,672 [DEBUG] (properties.py:415) -> setting property text
2026-07-14 11:14:13,672 [DEBUG] (uiparser.py:106) -> push QLabel countLabel
2026-07-14 11:14:13,672 [DEBUG] (uiparser.py:120) -> pop widget QLabel countLabel
2026-07-14 11:14:13,672 [DEBUG] (uiparser.py:128) -> new topwidget <client.windows.system.tags.tag_card.TagCard object at 0x0000025D6432D130>
2026-07-14 11:14:13,672 [DEBUG] (properties.py:415) -> setting property spacing
2026-07-14 11:14:13,672 [DEBUG] (properties.py:415) -> setting property pyuicSpacing
2026-07-14 11:14:13,672 [DEBUG] (uiparser.py:106) -> push QHBoxLayout buttonsLayout
2026-07-14 11:14:13,672 [DEBUG] (properties.py:415) -> setting property minimumSize
2026-07-14 11:14:13,672 [DEBUG] (properties.py:415) -> setting property maximumSize
2026-07-14 11:14:13,672 [DEBUG] (properties.py:415) -> setting property cursor
2026-07-14 11:14:13,672 [DEBUG] (properties.py:415) -> setting property styleSheet
2026-07-14 11:14:13,672 [DEBUG] (properties.py:415) -> setting property text
2026-07-14 11:14:13,672 [DEBUG] (uiparser.py:106) -> push QPushButton editBtn
2026-07-14 11:14:13,672 [DEBUG] (uiparser.py:120) -> pop widget QPushButton editBtn
2026-07-14 11:14:13,672 [DEBUG] (uiparser.py:128) -> new topwidget <client.windows.system.tags.tag_card.TagCard object at 0x0000025D6432D130>
2026-07-14 11:14:13,672 [DEBUG] (properties.py:415) -> setting property minimumSize
2026-07-14 11:14:13,672 [DEBUG] (properties.py:415) -> setting property maximumSize
2026-07-14 11:14:13,672 [DEBUG] (properties.py:415) -> setting property cursor
2026-07-14 11:14:13,673 [DEBUG] (properties.py:415) -> setting property styleSheet
2026-07-14 11:14:13,673 [DEBUG] (properties.py:415) -> setting property text
2026-07-14 11:14:13,673 [DEBUG] (uiparser.py:106) -> push QPushButton deleteBtn
2026-07-14 11:14:13,673 [DEBUG] (uiparser.py:120) -> pop widget QPushButton deleteBtn
2026-07-14 11:14:13,673 [DEBUG] (uiparser.py:128) -> new topwidget <client.windows.system.tags.tag_card.TagCard object at 0x0000025D6432D130>
2026-07-14 11:14:13,673 [DEBUG] (uiparser.py:114) -> pop layout QHBoxLayout buttonsLayout
2026-07-14 11:14:13,673 [DEBUG] (uiparser.py:114) -> pop layout QHBoxLayout horizontalLayout
2026-07-14 11:14:13,673 [DEBUG] (uiparser.py:120) -> pop widget TagCard TagCard
2026-07-14 11:14:13,673 [DEBUG] (uiparser.py:128) -> new topwidget None
2026-07-14 11:14:13,674 [DEBUG] (uiparser.py:838) -> toplevel widget is TagCard
2026-07-14 11:14:13,674 [DEBUG] (properties.py:415) -> setting property geometry
2026-07-14 11:14:13,674 [DEBUG] (properties.py:415) -> setting property minimumSize
2026-07-14 11:14:13,674 [DEBUG] (properties.py:415) -> setting property maximumSize
2026-07-14 11:14:13,674 [DEBUG] (properties.py:415) -> setting property styleSheet
2026-07-14 11:14:13,674 [DEBUG] (uiparser.py:106) -> push TagCard TagCard
2026-07-14 11:14:13,675 [DEBUG] (properties.py:415) -> setting property spacing
2026-07-14 11:14:13,675 [DEBUG] (properties.py:415) -> setting property leftMargin
2026-07-14 11:14:13,675 [DEBUG] (properties.py:415) -> setting property topMargin
2026-07-14 11:14:13,675 [DEBUG] (properties.py:415) -> setting property rightMargin
2026-07-14 11:14:13,675 [DEBUG] (properties.py:415) -> setting property bottomMargin
2026-07-14 11:14:13,675 [DEBUG] (properties.py:415) -> setting property pyuicMargins
2026-07-14 11:14:13,675 [DEBUG] (properties.py:415) -> setting property pyuicSpacing
2026-07-14 11:14:13,675 [DEBUG] (uiparser.py:106) -> push QHBoxLayout horizontalLayout
2026-07-14 11:14:13,675 [DEBUG] (properties.py:415) -> setting property minimumSize
2026-07-14 11:14:13,675 [DEBUG] (properties.py:415) -> setting property maximumSize
2026-07-14 11:14:13,675 [DEBUG] (properties.py:415) -> setting property cursor
2026-07-14 11:14:13,675 [DEBUG] (properties.py:415) -> setting property styleSheet
2026-07-14 11:14:13,675 [DEBUG] (properties.py:415) -> setting property text
2026-07-14 11:14:13,675 [DEBUG] (properties.py:415) -> setting property fixedSize
2026-07-14 11:14:13,675 [DEBUG] (uiparser.py:106) -> push QPushButton colorButton
2026-07-14 11:14:13,675 [DEBUG] (uiparser.py:120) -> pop widget QPushButton colorButton
2026-07-14 11:14:13,675 [DEBUG] (uiparser.py:128) -> new topwidget <client.windows.system.tags.tag_card.TagCard object at 0x0000025D6432D6D0>
2026-07-14 11:14:13,675 [DEBUG] (properties.py:415) -> setting property styleSheet
2026-07-14 11:14:13,675 [DEBUG] (properties.py:415) -> setting property text
2026-07-14 11:14:13,675 [DEBUG] (uiparser.py:106) -> push QLabel nameLabel
2026-07-14 11:14:13,675 [DEBUG] (uiparser.py:120) -> pop widget QLabel nameLabel
2026-07-14 11:14:13,675 [DEBUG] (uiparser.py:128) -> new topwidget <client.windows.system.tags.tag_card.TagCard object at 0x0000025D6432D6D0>
2026-07-14 11:14:13,675 [DEBUG] (properties.py:415) -> setting property styleSheet
2026-07-14 11:14:13,675 [DEBUG] (properties.py:415) -> setting property text
2026-07-14 11:14:13,675 [DEBUG] (uiparser.py:106) -> push QLabel countLabel
2026-07-14 11:14:13,675 [DEBUG] (uiparser.py:120) -> pop widget QLabel countLabel
2026-07-14 11:14:13,675 [DEBUG] (uiparser.py:128) -> new topwidget <client.windows.system.tags.tag_card.TagCard object at 0x0000025D6432D6D0>
2026-07-14 11:14:13,675 [DEBUG] (properties.py:415) -> setting property spacing
2026-07-14 11:14:13,675 [DEBUG] (properties.py:415) -> setting property pyuicSpacing
2026-07-14 11:14:13,675 [DEBUG] (uiparser.py:106) -> push QHBoxLayout buttonsLayout
2026-07-14 11:14:13,675 [DEBUG] (properties.py:415) -> setting property minimumSize
2026-07-14 11:14:13,675 [DEBUG] (properties.py:415) -> setting property maximumSize
2026-07-14 11:14:13,675 [DEBUG] (properties.py:415) -> setting property cursor
2026-07-14 11:14:13,675 [DEBUG] (properties.py:415) -> setting property styleSheet
2026-07-14 11:14:13,675 [DEBUG] (properties.py:415) -> setting property text
2026-07-14 11:14:13,675 [DEBUG] (uiparser.py:106) -> push QPushButton editBtn
2026-07-14 11:14:13,675 [DEBUG] (uiparser.py:120) -> pop widget QPushButton editBtn
2026-07-14 11:14:13,675 [DEBUG] (uiparser.py:128) -> new topwidget <client.windows.system.tags.tag_card.TagCard object at 0x0000025D6432D6D0>
2026-07-14 11:14:13,675 [DEBUG] (properties.py:415) -> setting property minimumSize
2026-07-14 11:14:13,675 [DEBUG] (properties.py:415) -> setting property maximumSize
2026-07-14 11:14:13,675 [DEBUG] (properties.py:415) -> setting property cursor
2026-07-14 11:14:13,676 [DEBUG] (properties.py:415) -> setting property styleSheet
2026-07-14 11:14:13,676 [DEBUG] (properties.py:415) -> setting property text
2026-07-14 11:14:13,676 [DEBUG] (uiparser.py:106) -> push QPushButton deleteBtn
2026-07-14 11:14:13,676 [DEBUG] (uiparser.py:120) -> pop widget QPushButton deleteBtn
2026-07-14 11:14:13,676 [DEBUG] (uiparser.py:128) -> new topwidget <client.windows.system.tags.tag_card.TagCard object at 0x0000025D6432D6D0>
2026-07-14 11:14:13,676 [DEBUG] (uiparser.py:114) -> pop layout QHBoxLayout buttonsLayout
2026-07-14 11:14:13,676 [DEBUG] (uiparser.py:114) -> pop layout QHBoxLayout horizontalLayout
2026-07-14 11:14:13,676 [DEBUG] (uiparser.py:120) -> pop widget TagCard TagCard
2026-07-14 11:14:13,676 [DEBUG] (uiparser.py:128) -> new topwidget None
2026-07-14 11:14:13,677 [DEBUG] (uiparser.py:838) -> toplevel widget is TagCard
2026-07-14 11:14:13,677 [DEBUG] (properties.py:415) -> setting property geometry
2026-07-14 11:14:13,677 [DEBUG] (properties.py:415) -> setting property minimumSize
2026-07-14 11:14:13,677 [DEBUG] (properties.py:415) -> setting property maximumSize
2026-07-14 11:14:13,677 [DEBUG] (properties.py:415) -> setting property styleSheet
2026-07-14 11:14:13,677 [DEBUG] (uiparser.py:106) -> push TagCard TagCard
2026-07-14 11:14:13,677 [DEBUG] (properties.py:415) -> setting property spacing
2026-07-14 11:14:13,677 [DEBUG] (properties.py:415) -> setting property leftMargin
2026-07-14 11:14:13,677 [DEBUG] (properties.py:415) -> setting property topMargin
2026-07-14 11:14:13,677 [DEBUG] (properties.py:415) -> setting property rightMargin
2026-07-14 11:14:13,677 [DEBUG] (properties.py:415) -> setting property bottomMargin
2026-07-14 11:14:13,677 [DEBUG] (properties.py:415) -> setting property pyuicMargins
2026-07-14 11:14:13,677 [DEBUG] (properties.py:415) -> setting property pyuicSpacing
2026-07-14 11:14:13,677 [DEBUG] (uiparser.py:106) -> push QHBoxLayout horizontalLayout
2026-07-14 11:14:13,677 [DEBUG] (properties.py:415) -> setting property minimumSize
2026-07-14 11:14:13,677 [DEBUG] (properties.py:415) -> setting property maximumSize
2026-07-14 11:14:13,677 [DEBUG] (properties.py:415) -> setting property cursor
2026-07-14 11:14:13,677 [DEBUG] (properties.py:415) -> setting property styleSheet
2026-07-14 11:14:13,677 [DEBUG] (properties.py:415) -> setting property text
2026-07-14 11:14:13,677 [DEBUG] (properties.py:415) -> setting property fixedSize
2026-07-14 11:14:13,678 [DEBUG] (uiparser.py:106) -> push QPushButton colorButton
2026-07-14 11:14:13,678 [DEBUG] (uiparser.py:120) -> pop widget QPushButton colorButton
2026-07-14 11:14:13,678 [DEBUG] (uiparser.py:128) -> new topwidget <client.windows.system.tags.tag_card.TagCard object at 0x0000025D6432DC70>
2026-07-14 11:14:13,678 [DEBUG] (properties.py:415) -> setting property styleSheet
2026-07-14 11:14:13,678 [DEBUG] (properties.py:415) -> setting property text
2026-07-14 11:14:13,678 [DEBUG] (uiparser.py:106) -> push QLabel nameLabel
2026-07-14 11:14:13,678 [DEBUG] (uiparser.py:120) -> pop widget QLabel nameLabel
2026-07-14 11:14:13,678 [DEBUG] (uiparser.py:128) -> new topwidget <client.windows.system.tags.tag_card.TagCard object at 0x0000025D6432DC70>
2026-07-14 11:14:13,678 [DEBUG] (properties.py:415) -> setting property styleSheet
2026-07-14 11:14:13,678 [DEBUG] (properties.py:415) -> setting property text
2026-07-14 11:14:13,678 [DEBUG] (uiparser.py:106) -> push QLabel countLabel
2026-07-14 11:14:13,678 [DEBUG] (uiparser.py:120) -> pop widget QLabel countLabel
2026-07-14 11:14:13,678 [DEBUG] (uiparser.py:128) -> new topwidget <client.windows.system.tags.tag_card.TagCard object at 0x0000025D6432DC70>
2026-07-14 11:14:13,678 [DEBUG] (properties.py:415) -> setting property spacing
2026-07-14 11:14:13,678 [DEBUG] (properties.py:415) -> setting property pyuicSpacing
2026-07-14 11:14:13,678 [DEBUG] (uiparser.py:106) -> push QHBoxLayout buttonsLayout
2026-07-14 11:14:13,678 [DEBUG] (properties.py:415) -> setting property minimumSize
2026-07-14 11:14:13,678 [DEBUG] (properties.py:415) -> setting property maximumSize
2026-07-14 11:14:13,678 [DEBUG] (properties.py:415) -> setting property cursor
2026-07-14 11:14:13,678 [DEBUG] (properties.py:415) -> setting property styleSheet
2026-07-14 11:14:13,678 [DEBUG] (properties.py:415) -> setting property text
2026-07-14 11:14:13,678 [DEBUG] (uiparser.py:106) -> push QPushButton editBtn
2026-07-14 11:14:13,678 [DEBUG] (uiparser.py:120) -> pop widget QPushButton editBtn
2026-07-14 11:14:13,678 [DEBUG] (uiparser.py:128) -> new topwidget <client.windows.system.tags.tag_card.TagCard object at 0x0000025D6432DC70>
2026-07-14 11:14:13,678 [DEBUG] (properties.py:415) -> setting property minimumSize
2026-07-14 11:14:13,678 [DEBUG] (properties.py:415) -> setting property maximumSize
2026-07-14 11:14:13,678 [DEBUG] (properties.py:415) -> setting property cursor
2026-07-14 11:14:13,678 [DEBUG] (properties.py:415) -> setting property styleSheet
2026-07-14 11:14:13,678 [DEBUG] (properties.py:415) -> setting property text
2026-07-14 11:14:13,678 [DEBUG] (uiparser.py:106) -> push QPushButton deleteBtn
2026-07-14 11:14:13,678 [DEBUG] (uiparser.py:120) -> pop widget QPushButton deleteBtn
2026-07-14 11:14:13,678 [DEBUG] (uiparser.py:128) -> new topwidget <client.windows.system.tags.tag_card.TagCard object at 0x0000025D6432DC70>
2026-07-14 11:14:13,678 [DEBUG] (uiparser.py:114) -> pop layout QHBoxLayout buttonsLayout
2026-07-14 11:14:13,678 [DEBUG] (uiparser.py:114) -> pop layout QHBoxLayout horizontalLayout
2026-07-14 11:14:13,678 [DEBUG] (uiparser.py:120) -> pop widget TagCard TagCard
2026-07-14 11:14:13,678 [DEBUG] (uiparser.py:128) -> new topwidget None
2026-07-14 11:14:13,679 [DEBUG] (uiparser.py:838) -> toplevel widget is TagCard
2026-07-14 11:14:13,679 [DEBUG] (properties.py:415) -> setting property geometry
2026-07-14 11:14:13,679 [DEBUG] (properties.py:415) -> setting property minimumSize
2026-07-14 11:14:13,679 [DEBUG] (properties.py:415) -> setting property maximumSize
2026-07-14 11:14:13,679 [DEBUG] (properties.py:415) -> setting property styleSheet
2026-07-14 11:14:13,680 [DEBUG] (uiparser.py:106) -> push TagCard TagCard
2026-07-14 11:14:13,680 [DEBUG] (properties.py:415) -> setting property spacing
2026-07-14 11:14:13,680 [DEBUG] (properties.py:415) -> setting property leftMargin
2026-07-14 11:14:13,680 [DEBUG] (properties.py:415) -> setting property topMargin
2026-07-14 11:14:13,680 [DEBUG] (properties.py:415) -> setting property rightMargin
2026-07-14 11:14:13,680 [DEBUG] (properties.py:415) -> setting property bottomMargin
2026-07-14 11:14:13,680 [DEBUG] (properties.py:415) -> setting property pyuicMargins
2026-07-14 11:14:13,680 [DEBUG] (properties.py:415) -> setting property pyuicSpacing
2026-07-14 11:14:13,680 [DEBUG] (uiparser.py:106) -> push QHBoxLayout horizontalLayout
2026-07-14 11:14:13,680 [DEBUG] (properties.py:415) -> setting property minimumSize
2026-07-14 11:14:13,680 [DEBUG] (properties.py:415) -> setting property maximumSize
2026-07-14 11:14:13,680 [DEBUG] (properties.py:415) -> setting property cursor
2026-07-14 11:14:13,680 [DEBUG] (properties.py:415) -> setting property styleSheet
2026-07-14 11:14:13,680 [DEBUG] (properties.py:415) -> setting property text
2026-07-14 11:14:13,680 [DEBUG] (properties.py:415) -> setting property fixedSize
2026-07-14 11:14:13,680 [DEBUG] (uiparser.py:106) -> push QPushButton colorButton
2026-07-14 11:14:13,680 [DEBUG] (uiparser.py:120) -> pop widget QPushButton colorButton
2026-07-14 11:14:13,680 [DEBUG] (uiparser.py:128) -> new topwidget <client.windows.system.tags.tag_card.TagCard object at 0x0000025D6432E210>
2026-07-14 11:14:13,680 [DEBUG] (properties.py:415) -> setting property styleSheet
2026-07-14 11:14:13,680 [DEBUG] (properties.py:415) -> setting property text
2026-07-14 11:14:13,680 [DEBUG] (uiparser.py:106) -> push QLabel nameLabel
2026-07-14 11:14:13,680 [DEBUG] (uiparser.py:120) -> pop widget QLabel nameLabel
2026-07-14 11:14:13,680 [DEBUG] (uiparser.py:128) -> new topwidget <client.windows.system.tags.tag_card.TagCard object at 0x0000025D6432E210>
2026-07-14 11:14:13,680 [DEBUG] (properties.py:415) -> setting property styleSheet
2026-07-14 11:14:13,680 [DEBUG] (properties.py:415) -> setting property text
2026-07-14 11:14:13,680 [DEBUG] (uiparser.py:106) -> push QLabel countLabel
2026-07-14 11:14:13,680 [DEBUG] (uiparser.py:120) -> pop widget QLabel countLabel
2026-07-14 11:14:13,680 [DEBUG] (uiparser.py:128) -> new topwidget <client.windows.system.tags.tag_card.TagCard object at 0x0000025D6432E210>
2026-07-14 11:14:13,680 [DEBUG] (properties.py:415) -> setting property spacing
2026-07-14 11:14:13,680 [DEBUG] (properties.py:415) -> setting property pyuicSpacing
2026-07-14 11:14:13,680 [DEBUG] (uiparser.py:106) -> push QHBoxLayout buttonsLayout
2026-07-14 11:14:13,680 [DEBUG] (properties.py:415) -> setting property minimumSize
2026-07-14 11:14:13,680 [DEBUG] (properties.py:415) -> setting property maximumSize
2026-07-14 11:14:13,680 [DEBUG] (properties.py:415) -> setting property cursor
2026-07-14 11:14:13,680 [DEBUG] (properties.py:415) -> setting property styleSheet
2026-07-14 11:14:13,680 [DEBUG] (properties.py:415) -> setting property text
2026-07-14 11:14:13,680 [DEBUG] (uiparser.py:106) -> push QPushButton editBtn
2026-07-14 11:14:13,680 [DEBUG] (uiparser.py:120) -> pop widget QPushButton editBtn
2026-07-14 11:14:13,680 [DEBUG] (uiparser.py:128) -> new topwidget <client.windows.system.tags.tag_card.TagCard object at 0x0000025D6432E210>
2026-07-14 11:14:13,680 [DEBUG] (properties.py:415) -> setting property minimumSize
2026-07-14 11:14:13,680 [DEBUG] (properties.py:415) -> setting property maximumSize
2026-07-14 11:14:13,680 [DEBUG] (properties.py:415) -> setting property cursor
2026-07-14 11:14:13,681 [DEBUG] (properties.py:415) -> setting property styleSheet
2026-07-14 11:14:13,681 [DEBUG] (properties.py:415) -> setting property text
2026-07-14 11:14:13,681 [DEBUG] (uiparser.py:106) -> push QPushButton deleteBtn
2026-07-14 11:14:13,681 [DEBUG] (uiparser.py:120) -> pop widget QPushButton deleteBtn
2026-07-14 11:14:13,681 [DEBUG] (uiparser.py:128) -> new topwidget <client.windows.system.tags.tag_card.TagCard object at 0x0000025D6432E210>
2026-07-14 11:14:13,681 [DEBUG] (uiparser.py:114) -> pop layout QHBoxLayout buttonsLayout
2026-07-14 11:14:13,681 [DEBUG] (uiparser.py:114) -> pop layout QHBoxLayout horizontalLayout
2026-07-14 11:14:13,681 [DEBUG] (uiparser.py:120) -> pop widget TagCard TagCard
2026-07-14 11:14:13,681 [DEBUG] (uiparser.py:128) -> new topwidget None
2026-07-14 11:14:13,682 [DEBUG] (uiparser.py:838) -> toplevel widget is TagCard
2026-07-14 11:14:13,682 [DEBUG] (properties.py:415) -> setting property geometry
2026-07-14 11:14:13,682 [DEBUG] (properties.py:415) -> setting property minimumSize
2026-07-14 11:14:13,682 [DEBUG] (properties.py:415) -> setting property maximumSize
2026-07-14 11:14:13,682 [DEBUG] (properties.py:415) -> setting property styleSheet
2026-07-14 11:14:13,682 [DEBUG] (uiparser.py:106) -> push TagCard TagCard
2026-07-14 11:14:13,682 [DEBUG] (properties.py:415) -> setting property spacing
2026-07-14 11:14:13,682 [DEBUG] (properties.py:415) -> setting property leftMargin
2026-07-14 11:14:13,682 [DEBUG] (properties.py:415) -> setting property topMargin
2026-07-14 11:14:13,682 [DEBUG] (properties.py:415) -> setting property rightMargin
2026-07-14 11:14:13,682 [DEBUG] (properties.py:415) -> setting property bottomMargin
2026-07-14 11:14:13,682 [DEBUG] (properties.py:415) -> setting property pyuicMargins
2026-07-14 11:14:13,682 [DEBUG] (properties.py:415) -> setting property pyuicSpacing
2026-07-14 11:14:13,682 [DEBUG] (uiparser.py:106) -> push QHBoxLayout horizontalLayout
2026-07-14 11:14:13,682 [DEBUG] (properties.py:415) -> setting property minimumSize
2026-07-14 11:14:13,682 [DEBUG] (properties.py:415) -> setting property maximumSize
2026-07-14 11:14:13,682 [DEBUG] (properties.py:415) -> setting property cursor
2026-07-14 11:14:13,682 [DEBUG] (properties.py:415) -> setting property styleSheet
2026-07-14 11:14:13,682 [DEBUG] (properties.py:415) -> setting property text
2026-07-14 11:14:13,682 [DEBUG] (properties.py:415) -> setting property fixedSize
2026-07-14 11:14:13,682 [DEBUG] (uiparser.py:106) -> push QPushButton colorButton
2026-07-14 11:14:13,682 [DEBUG] (uiparser.py:120) -> pop widget QPushButton colorButton
2026-07-14 11:14:13,682 [DEBUG] (uiparser.py:128) -> new topwidget <client.windows.system.tags.tag_card.TagCard object at 0x0000025D6432E7B0>
2026-07-14 11:14:13,682 [DEBUG] (properties.py:415) -> setting property styleSheet
2026-07-14 11:14:13,682 [DEBUG] (properties.py:415) -> setting property text
2026-07-14 11:14:13,682 [DEBUG] (uiparser.py:106) -> push QLabel nameLabel
2026-07-14 11:14:13,682 [DEBUG] (uiparser.py:120) -> pop widget QLabel nameLabel
2026-07-14 11:14:13,683 [DEBUG] (uiparser.py:128) -> new topwidget <client.windows.system.tags.tag_card.TagCard object at 0x0000025D6432E7B0>
2026-07-14 11:14:13,683 [DEBUG] (properties.py:415) -> setting property styleSheet
2026-07-14 11:14:13,683 [DEBUG] (properties.py:415) -> setting property text
2026-07-14 11:14:13,683 [DEBUG] (uiparser.py:106) -> push QLabel countLabel
2026-07-14 11:14:13,683 [DEBUG] (uiparser.py:120) -> pop widget QLabel countLabel
2026-07-14 11:14:13,683 [DEBUG] (uiparser.py:128) -> new topwidget <client.windows.system.tags.tag_card.TagCard object at 0x0000025D6432E7B0>
2026-07-14 11:14:13,683 [DEBUG] (properties.py:415) -> setting property spacing
2026-07-14 11:14:13,683 [DEBUG] (properties.py:415) -> setting property pyuicSpacing
2026-07-14 11:14:13,683 [DEBUG] (uiparser.py:106) -> push QHBoxLayout buttonsLayout
2026-07-14 11:14:13,683 [DEBUG] (properties.py:415) -> setting property minimumSize
2026-07-14 11:14:13,683 [DEBUG] (properties.py:415) -> setting property maximumSize
2026-07-14 11:14:13,683 [DEBUG] (properties.py:415) -> setting property cursor
2026-07-14 11:14:13,683 [DEBUG] (properties.py:415) -> setting property styleSheet
2026-07-14 11:14:13,683 [DEBUG] (properties.py:415) -> setting property text
2026-07-14 11:14:13,683 [DEBUG] (uiparser.py:106) -> push QPushButton editBtn
2026-07-14 11:14:13,683 [DEBUG] (uiparser.py:120) -> pop widget QPushButton editBtn
2026-07-14 11:14:13,683 [DEBUG] (uiparser.py:128) -> new topwidget <client.windows.system.tags.tag_card.TagCard object at 0x0000025D6432E7B0>
2026-07-14 11:14:13,683 [DEBUG] (properties.py:415) -> setting property minimumSize
2026-07-14 11:14:13,683 [DEBUG] (properties.py:415) -> setting property maximumSize
2026-07-14 11:14:13,683 [DEBUG] (properties.py:415) -> setting property cursor
2026-07-14 11:14:13,683 [DEBUG] (properties.py:415) -> setting property styleSheet
2026-07-14 11:14:13,683 [DEBUG] (properties.py:415) -> setting property text
2026-07-14 11:14:13,683 [DEBUG] (uiparser.py:106) -> push QPushButton deleteBtn
2026-07-14 11:14:13,683 [DEBUG] (uiparser.py:120) -> pop widget QPushButton deleteBtn
2026-07-14 11:14:13,683 [DEBUG] (uiparser.py:128) -> new topwidget <client.windows.system.tags.tag_card.TagCard object at 0x0000025D6432E7B0>
2026-07-14 11:14:13,683 [DEBUG] (uiparser.py:114) -> pop layout QHBoxLayout buttonsLayout
2026-07-14 11:14:13,683 [DEBUG] (uiparser.py:114) -> pop layout QHBoxLayout horizontalLayout
2026-07-14 11:14:13,683 [DEBUG] (uiparser.py:120) -> pop widget TagCard TagCard
2026-07-14 11:14:13,683 [DEBUG] (uiparser.py:128) -> new topwidget None
2026-07-14 11:14:13,684 [DEBUG] (uiparser.py:838) -> toplevel widget is TagCard
2026-07-14 11:14:13,684 [DEBUG] (properties.py:415) -> setting property geometry
2026-07-14 11:14:13,684 [DEBUG] (properties.py:415) -> setting property minimumSize
2026-07-14 11:14:13,685 [DEBUG] (properties.py:415) -> setting property maximumSize
2026-07-14 11:14:13,685 [DEBUG] (properties.py:415) -> setting property styleSheet
2026-07-14 11:14:13,685 [DEBUG] (uiparser.py:106) -> push TagCard TagCard
2026-07-14 11:14:13,685 [DEBUG] (properties.py:415) -> setting property spacing
2026-07-14 11:14:13,685 [DEBUG] (properties.py:415) -> setting property leftMargin
2026-07-14 11:14:13,685 [DEBUG] (properties.py:415) -> setting property topMargin
2026-07-14 11:14:13,685 [DEBUG] (properties.py:415) -> setting property rightMargin
2026-07-14 11:14:13,685 [DEBUG] (properties.py:415) -> setting property bottomMargin
2026-07-14 11:14:13,685 [DEBUG] (properties.py:415) -> setting property pyuicMargins
2026-07-14 11:14:13,685 [DEBUG] (properties.py:415) -> setting property pyuicSpacing
2026-07-14 11:14:13,685 [DEBUG] (uiparser.py:106) -> push QHBoxLayout horizontalLayout
2026-07-14 11:14:13,685 [DEBUG] (properties.py:415) -> setting property minimumSize
2026-07-14 11:14:13,685 [DEBUG] (properties.py:415) -> setting property maximumSize
2026-07-14 11:14:13,685 [DEBUG] (properties.py:415) -> setting property cursor
2026-07-14 11:14:13,685 [DEBUG] (properties.py:415) -> setting property styleSheet
2026-07-14 11:14:13,685 [DEBUG] (properties.py:415) -> setting property text
2026-07-14 11:14:13,685 [DEBUG] (properties.py:415) -> setting property fixedSize
2026-07-14 11:14:13,685 [DEBUG] (uiparser.py:106) -> push QPushButton colorButton
2026-07-14 11:14:13,685 [DEBUG] (uiparser.py:120) -> pop widget QPushButton colorButton
2026-07-14 11:14:13,685 [DEBUG] (uiparser.py:128) -> new topwidget <client.windows.system.tags.tag_card.TagCard object at 0x0000025D6432ED50>
2026-07-14 11:14:13,685 [DEBUG] (properties.py:415) -> setting property styleSheet
2026-07-14 11:14:13,685 [DEBUG] (properties.py:415) -> setting property text
2026-07-14 11:14:13,685 [DEBUG] (uiparser.py:106) -> push QLabel nameLabel
2026-07-14 11:14:13,685 [DEBUG] (uiparser.py:120) -> pop widget QLabel nameLabel
2026-07-14 11:14:13,685 [DEBUG] (uiparser.py:128) -> new topwidget <client.windows.system.tags.tag_card.TagCard object at 0x0000025D6432ED50>
2026-07-14 11:14:13,685 [DEBUG] (properties.py:415) -> setting property styleSheet
2026-07-14 11:14:13,685 [DEBUG] (properties.py:415) -> setting property text
2026-07-14 11:14:13,685 [DEBUG] (uiparser.py:106) -> push QLabel countLabel
2026-07-14 11:14:13,685 [DEBUG] (uiparser.py:120) -> pop widget QLabel countLabel
2026-07-14 11:14:13,685 [DEBUG] (uiparser.py:128) -> new topwidget <client.windows.system.tags.tag_card.TagCard object at 0x0000025D6432ED50>
2026-07-14 11:14:13,685 [DEBUG] (properties.py:415) -> setting property spacing
2026-07-14 11:14:13,685 [DEBUG] (properties.py:415) -> setting property pyuicSpacing
2026-07-14 11:14:13,685 [DEBUG] (uiparser.py:106) -> push QHBoxLayout buttonsLayout
2026-07-14 11:14:13,685 [DEBUG] (properties.py:415) -> setting property minimumSize
2026-07-14 11:14:13,685 [DEBUG] (properties.py:415) -> setting property maximumSize
2026-07-14 11:14:13,685 [DEBUG] (properties.py:415) -> setting property cursor
2026-07-14 11:14:13,685 [DEBUG] (properties.py:415) -> setting property styleSheet
2026-07-14 11:14:13,685 [DEBUG] (properties.py:415) -> setting property text
2026-07-14 11:14:13,685 [DEBUG] (uiparser.py:106) -> push QPushButton editBtn
2026-07-14 11:14:13,686 [DEBUG] (uiparser.py:120) -> pop widget QPushButton editBtn
2026-07-14 11:14:13,686 [DEBUG] (uiparser.py:128) -> new topwidget <client.windows.system.tags.tag_card.TagCard object at 0x0000025D6432ED50>
2026-07-14 11:14:13,686 [DEBUG] (properties.py:415) -> setting property minimumSize
2026-07-14 11:14:13,686 [DEBUG] (properties.py:415) -> setting property maximumSize
2026-07-14 11:14:13,686 [DEBUG] (properties.py:415) -> setting property cursor
2026-07-14 11:14:13,686 [DEBUG] (properties.py:415) -> setting property styleSheet
2026-07-14 11:14:13,686 [DEBUG] (properties.py:415) -> setting property text
2026-07-14 11:14:13,686 [DEBUG] (uiparser.py:106) -> push QPushButton deleteBtn
2026-07-14 11:14:13,686 [DEBUG] (uiparser.py:120) -> pop widget QPushButton deleteBtn
2026-07-14 11:14:13,686 [DEBUG] (uiparser.py:128) -> new topwidget <client.windows.system.tags.tag_card.TagCard object at 0x0000025D6432ED50>
2026-07-14 11:14:13,686 [DEBUG] (uiparser.py:114) -> pop layout QHBoxLayout buttonsLayout
2026-07-14 11:14:13,687 [DEBUG] (uiparser.py:114) -> pop layout QHBoxLayout horizontalLayout
2026-07-14 11:14:13,687 [DEBUG] (uiparser.py:120) -> pop widget TagCard TagCard
2026-07-14 11:14:13,687 [DEBUG] (uiparser.py:128) -> new topwidget None
2026-07-14 11:14:13,689 [DEBUG] (uiparser.py:838) -> toplevel widget is TagCard
2026-07-14 11:14:13,689 [DEBUG] (properties.py:415) -> setting property geometry
2026-07-14 11:14:13,689 [DEBUG] (properties.py:415) -> setting property minimumSize
2026-07-14 11:14:13,690 [DEBUG] (properties.py:415) -> setting property maximumSize
2026-07-14 11:14:13,690 [DEBUG] (properties.py:415) -> setting property styleSheet
2026-07-14 11:14:13,690 [DEBUG] (uiparser.py:106) -> push TagCard TagCard
2026-07-14 11:14:13,690 [DEBUG] (properties.py:415) -> setting property spacing
2026-07-14 11:14:13,690 [DEBUG] (properties.py:415) -> setting property leftMargin
2026-07-14 11:14:13,690 [DEBUG] (properties.py:415) -> setting property topMargin
2026-07-14 11:14:13,690 [DEBUG] (properties.py:415) -> setting property rightMargin
2026-07-14 11:14:13,690 [DEBUG] (properties.py:415) -> setting property bottomMargin
2026-07-14 11:14:13,690 [DEBUG] (properties.py:415) -> setting property pyuicMargins
2026-07-14 11:14:13,690 [DEBUG] (properties.py:415) -> setting property pyuicSpacing
2026-07-14 11:14:13,690 [DEBUG] (uiparser.py:106) -> push QHBoxLayout horizontalLayout
2026-07-14 11:14:13,690 [DEBUG] (properties.py:415) -> setting property minimumSize
2026-07-14 11:14:13,690 [DEBUG] (properties.py:415) -> setting property maximumSize
2026-07-14 11:14:13,690 [DEBUG] (properties.py:415) -> setting property cursor
2026-07-14 11:14:13,690 [DEBUG] (properties.py:415) -> setting property styleSheet
2026-07-14 11:14:13,690 [DEBUG] (properties.py:415) -> setting property text
2026-07-14 11:14:13,690 [DEBUG] (properties.py:415) -> setting property fixedSize
2026-07-14 11:14:13,690 [DEBUG] (uiparser.py:106) -> push QPushButton colorButton
2026-07-14 11:14:13,691 [DEBUG] (uiparser.py:120) -> pop widget QPushButton colorButton
2026-07-14 11:14:13,691 [DEBUG] (uiparser.py:128) -> new topwidget <client.windows.system.tags.tag_card.TagCard object at 0x0000025D6432F2F0>
2026-07-14 11:14:13,691 [DEBUG] (properties.py:415) -> setting property styleSheet
2026-07-14 11:14:13,691 [DEBUG] (properties.py:415) -> setting property text
2026-07-14 11:14:13,691 [DEBUG] (uiparser.py:106) -> push QLabel nameLabel
2026-07-14 11:14:13,691 [DEBUG] (uiparser.py:120) -> pop widget QLabel nameLabel
2026-07-14 11:14:13,691 [DEBUG] (uiparser.py:128) -> new topwidget <client.windows.system.tags.tag_card.TagCard object at 0x0000025D6432F2F0>
2026-07-14 11:14:13,691 [DEBUG] (properties.py:415) -> setting property styleSheet
2026-07-14 11:14:13,691 [DEBUG] (properties.py:415) -> setting property text
2026-07-14 11:14:13,691 [DEBUG] (uiparser.py:106) -> push QLabel countLabel
2026-07-14 11:14:13,691 [DEBUG] (uiparser.py:120) -> pop widget QLabel countLabel
2026-07-14 11:14:13,691 [DEBUG] (uiparser.py:128) -> new topwidget <client.windows.system.tags.tag_card.TagCard object at 0x0000025D6432F2F0>
2026-07-14 11:14:13,691 [DEBUG] (properties.py:415) -> setting property spacing
2026-07-14 11:14:13,691 [DEBUG] (properties.py:415) -> setting property pyuicSpacing
2026-07-14 11:14:13,691 [DEBUG] (uiparser.py:106) -> push QHBoxLayout buttonsLayout
2026-07-14 11:14:13,691 [DEBUG] (properties.py:415) -> setting property minimumSize
2026-07-14 11:14:13,691 [DEBUG] (properties.py:415) -> setting property maximumSize
2026-07-14 11:14:13,691 [DEBUG] (properties.py:415) -> setting property cursor
2026-07-14 11:14:13,692 [DEBUG] (properties.py:415) -> setting property styleSheet
2026-07-14 11:14:13,692 [DEBUG] (properties.py:415) -> setting property text
2026-07-14 11:14:13,692 [DEBUG] (uiparser.py:106) -> push QPushButton editBtn
2026-07-14 11:14:13,692 [DEBUG] (uiparser.py:120) -> pop widget QPushButton editBtn
2026-07-14 11:14:13,692 [DEBUG] (uiparser.py:128) -> new topwidget <client.windows.system.tags.tag_card.TagCard object at 0x0000025D6432F2F0>
2026-07-14 11:14:13,692 [DEBUG] (properties.py:415) -> setting property minimumSize
2026-07-14 11:14:13,692 [DEBUG] (properties.py:415) -> setting property maximumSize
2026-07-14 11:14:13,692 [DEBUG] (properties.py:415) -> setting property cursor
2026-07-14 11:14:13,692 [DEBUG] (properties.py:415) -> setting property styleSheet
2026-07-14 11:14:13,692 [DEBUG] (properties.py:415) -> setting property text
2026-07-14 11:14:13,692 [DEBUG] (uiparser.py:106) -> push QPushButton deleteBtn
2026-07-14 11:14:13,692 [DEBUG] (uiparser.py:120) -> pop widget QPushButton deleteBtn
2026-07-14 11:14:13,692 [DEBUG] (uiparser.py:128) -> new topwidget <client.windows.system.tags.tag_card.TagCard object at 0x0000025D6432F2F0>
2026-07-14 11:14:13,692 [DEBUG] (uiparser.py:114) -> pop layout QHBoxLayout buttonsLayout
2026-07-14 11:14:13,692 [DEBUG] (uiparser.py:114) -> pop layout QHBoxLayout horizontalLayout
2026-07-14 11:14:13,692 [DEBUG] (uiparser.py:120) -> pop widget TagCard TagCard
2026-07-14 11:14:13,692 [DEBUG] (uiparser.py:128) -> new topwidget None
2026-07-14 11:14:13,694 [DEBUG] (uiparser.py:838) -> toplevel widget is TagCard
2026-07-14 11:14:13,694 [DEBUG] (properties.py:415) -> setting property geometry
2026-07-14 11:14:13,694 [DEBUG] (properties.py:415) -> setting property minimumSize
2026-07-14 11:14:13,694 [DEBUG] (properties.py:415) -> setting property maximumSize
2026-07-14 11:14:13,694 [DEBUG] (properties.py:415) -> setting property styleSheet
2026-07-14 11:14:13,694 [DEBUG] (uiparser.py:106) -> push TagCard TagCard
2026-07-14 11:14:13,694 [DEBUG] (properties.py:415) -> setting property spacing
2026-07-14 11:14:13,694 [DEBUG] (properties.py:415) -> setting property leftMargin
2026-07-14 11:14:13,694 [DEBUG] (properties.py:415) -> setting property topMargin
2026-07-14 11:14:13,694 [DEBUG] (properties.py:415) -> setting property rightMargin
2026-07-14 11:14:13,695 [DEBUG] (properties.py:415) -> setting property bottomMargin
2026-07-14 11:14:13,695 [DEBUG] (properties.py:415) -> setting property pyuicMargins
2026-07-14 11:14:13,695 [DEBUG] (properties.py:415) -> setting property pyuicSpacing
2026-07-14 11:14:13,695 [DEBUG] (uiparser.py:106) -> push QHBoxLayout horizontalLayout
2026-07-14 11:14:13,695 [DEBUG] (properties.py:415) -> setting property minimumSize
2026-07-14 11:14:13,695 [DEBUG] (properties.py:415) -> setting property maximumSize
2026-07-14 11:14:13,695 [DEBUG] (properties.py:415) -> setting property cursor
2026-07-14 11:14:13,695 [DEBUG] (properties.py:415) -> setting property styleSheet
2026-07-14 11:14:13,695 [DEBUG] (properties.py:415) -> setting property text
2026-07-14 11:14:13,695 [DEBUG] (properties.py:415) -> setting property fixedSize
2026-07-14 11:14:13,695 [DEBUG] (uiparser.py:106) -> push QPushButton colorButton
2026-07-14 11:14:13,695 [DEBUG] (uiparser.py:120) -> pop widget QPushButton colorButton
2026-07-14 11:14:13,695 [DEBUG] (uiparser.py:128) -> new topwidget <client.windows.system.tags.tag_card.TagCard object at 0x0000025D6432F890>
2026-07-14 11:14:13,695 [DEBUG] (properties.py:415) -> setting property styleSheet
2026-07-14 11:14:13,695 [DEBUG] (properties.py:415) -> setting property text
2026-07-14 11:14:13,695 [DEBUG] (uiparser.py:106) -> push QLabel nameLabel
2026-07-14 11:14:13,695 [DEBUG] (uiparser.py:120) -> pop widget QLabel nameLabel
2026-07-14 11:14:13,695 [DEBUG] (uiparser.py:128) -> new topwidget <client.windows.system.tags.tag_card.TagCard object at 0x0000025D6432F890>
2026-07-14 11:14:13,695 [DEBUG] (properties.py:415) -> setting property styleSheet
2026-07-14 11:14:13,695 [DEBUG] (properties.py:415) -> setting property text
2026-07-14 11:14:13,695 [DEBUG] (uiparser.py:106) -> push QLabel countLabel
2026-07-14 11:14:13,695 [DEBUG] (uiparser.py:120) -> pop widget QLabel countLabel
2026-07-14 11:14:13,695 [DEBUG] (uiparser.py:128) -> new topwidget <client.windows.system.tags.tag_card.TagCard object at 0x0000025D6432F890>
2026-07-14 11:14:13,695 [DEBUG] (properties.py:415) -> setting property spacing
2026-07-14 11:14:13,695 [DEBUG] (properties.py:415) -> setting property pyuicSpacing
2026-07-14 11:14:13,695 [DEBUG] (uiparser.py:106) -> push QHBoxLayout buttonsLayout
2026-07-14 11:14:13,695 [DEBUG] (properties.py:415) -> setting property minimumSize
2026-07-14 11:14:13,695 [DEBUG] (properties.py:415) -> setting property maximumSize
2026-07-14 11:14:13,695 [DEBUG] (properties.py:415) -> setting property cursor
2026-07-14 11:14:13,695 [DEBUG] (properties.py:415) -> setting property styleSheet
2026-07-14 11:14:13,695 [DEBUG] (properties.py:415) -> setting property text
2026-07-14 11:14:13,695 [DEBUG] (uiparser.py:106) -> push QPushButton editBtn
2026-07-14 11:14:13,695 [DEBUG] (uiparser.py:120) -> pop widget QPushButton editBtn
2026-07-14 11:14:13,695 [DEBUG] (uiparser.py:128) -> new topwidget <client.windows.system.tags.tag_card.TagCard object at 0x0000025D6432F890>
2026-07-14 11:14:13,695 [DEBUG] (properties.py:415) -> setting property minimumSize
2026-07-14 11:14:13,695 [DEBUG] (properties.py:415) -> setting property maximumSize
2026-07-14 11:14:13,695 [DEBUG] (properties.py:415) -> setting property cursor
2026-07-14 11:14:13,699 [DEBUG] (properties.py:415) -> setting property styleSheet
2026-07-14 11:14:13,699 [DEBUG] (properties.py:415) -> setting property text
2026-07-14 11:14:13,699 [DEBUG] (uiparser.py:106) -> push QPushButton deleteBtn
2026-07-14 11:14:13,699 [DEBUG] (uiparser.py:120) -> pop widget QPushButton deleteBtn
2026-07-14 11:14:13,699 [DEBUG] (uiparser.py:128) -> new topwidget <client.windows.system.tags.tag_card.TagCard object at 0x0000025D6432F890>
2026-07-14 11:14:13,699 [DEBUG] (uiparser.py:114) -> pop layout QHBoxLayout buttonsLayout
2026-07-14 11:14:13,699 [DEBUG] (uiparser.py:114) -> pop layout QHBoxLayout horizontalLayout
2026-07-14 11:14:13,699 [DEBUG] (uiparser.py:120) -> pop widget TagCard TagCard
2026-07-14 11:14:13,699 [DEBUG] (uiparser.py:128) -> new topwidget None
2026-07-14 11:14:13,701 [DEBUG] (uiparser.py:838) -> toplevel widget is TagCard
2026-07-14 11:14:13,701 [DEBUG] (properties.py:415) -> setting property geometry
2026-07-14 11:14:13,701 [DEBUG] (properties.py:415) -> setting property minimumSize
2026-07-14 11:14:13,701 [DEBUG] (properties.py:415) -> setting property maximumSize
2026-07-14 11:14:13,701 [DEBUG] (properties.py:415) -> setting property styleSheet
2026-07-14 11:14:13,701 [DEBUG] (uiparser.py:106) -> push TagCard TagCard
2026-07-14 11:14:13,701 [DEBUG] (properties.py:415) -> setting property spacing
2026-07-14 11:14:13,701 [DEBUG] (properties.py:415) -> setting property leftMargin
2026-07-14 11:14:13,701 [DEBUG] (properties.py:415) -> setting property topMargin
2026-07-14 11:14:13,701 [DEBUG] (properties.py:415) -> setting property rightMargin
2026-07-14 11:14:13,701 [DEBUG] (properties.py:415) -> setting property bottomMargin
2026-07-14 11:14:13,701 [DEBUG] (properties.py:415) -> setting property pyuicMargins
2026-07-14 11:14:13,701 [DEBUG] (properties.py:415) -> setting property pyuicSpacing
2026-07-14 11:14:13,701 [DEBUG] (uiparser.py:106) -> push QHBoxLayout horizontalLayout
2026-07-14 11:14:13,701 [DEBUG] (properties.py:415) -> setting property minimumSize
2026-07-14 11:14:13,701 [DEBUG] (properties.py:415) -> setting property maximumSize
2026-07-14 11:14:13,701 [DEBUG] (properties.py:415) -> setting property cursor
2026-07-14 11:14:13,701 [DEBUG] (properties.py:415) -> setting property styleSheet
2026-07-14 11:14:13,701 [DEBUG] (properties.py:415) -> setting property text
2026-07-14 11:14:13,701 [DEBUG] (properties.py:415) -> setting property fixedSize
2026-07-14 11:14:13,701 [DEBUG] (uiparser.py:106) -> push QPushButton colorButton
2026-07-14 11:14:13,701 [DEBUG] (uiparser.py:120) -> pop widget QPushButton colorButton
2026-07-14 11:14:13,701 [DEBUG] (uiparser.py:128) -> new topwidget <client.windows.system.tags.tag_card.TagCard object at 0x0000025D6432FE30>
2026-07-14 11:14:13,701 [DEBUG] (properties.py:415) -> setting property styleSheet
2026-07-14 11:14:13,701 [DEBUG] (properties.py:415) -> setting property text
2026-07-14 11:14:13,701 [DEBUG] (uiparser.py:106) -> push QLabel nameLabel
2026-07-14 11:14:13,701 [DEBUG] (uiparser.py:120) -> pop widget QLabel nameLabel
2026-07-14 11:14:13,701 [DEBUG] (uiparser.py:128) -> new topwidget <client.windows.system.tags.tag_card.TagCard object at 0x0000025D6432FE30>
2026-07-14 11:14:13,701 [DEBUG] (properties.py:415) -> setting property styleSheet
2026-07-14 11:14:13,701 [DEBUG] (properties.py:415) -> setting property text
2026-07-14 11:14:13,701 [DEBUG] (uiparser.py:106) -> push QLabel countLabel
2026-07-14 11:14:13,701 [DEBUG] (uiparser.py:120) -> pop widget QLabel countLabel
2026-07-14 11:14:13,702 [DEBUG] (uiparser.py:128) -> new topwidget <client.windows.system.tags.tag_card.TagCard object at 0x0000025D6432FE30>
2026-07-14 11:14:13,702 [DEBUG] (properties.py:415) -> setting property spacing
2026-07-14 11:14:13,702 [DEBUG] (properties.py:415) -> setting property pyuicSpacing
2026-07-14 11:14:13,702 [DEBUG] (uiparser.py:106) -> push QHBoxLayout buttonsLayout
2026-07-14 11:14:13,702 [DEBUG] (properties.py:415) -> setting property minimumSize
2026-07-14 11:14:13,702 [DEBUG] (properties.py:415) -> setting property maximumSize
2026-07-14 11:14:13,702 [DEBUG] (properties.py:415) -> setting property cursor
2026-07-14 11:14:13,702 [DEBUG] (properties.py:415) -> setting property styleSheet
2026-07-14 11:14:13,702 [DEBUG] (properties.py:415) -> setting property text
2026-07-14 11:14:13,702 [DEBUG] (uiparser.py:106) -> push QPushButton editBtn
2026-07-14 11:14:13,702 [DEBUG] (uiparser.py:120) -> pop widget QPushButton editBtn
2026-07-14 11:14:13,702 [DEBUG] (uiparser.py:128) -> new topwidget <client.windows.system.tags.tag_card.TagCard object at 0x0000025D6432FE30>
2026-07-14 11:14:13,702 [DEBUG] (properties.py:415) -> setting property minimumSize
2026-07-14 11:14:13,702 [DEBUG] (properties.py:415) -> setting property maximumSize
2026-07-14 11:14:13,702 [DEBUG] (properties.py:415) -> setting property cursor
2026-07-14 11:14:13,702 [DEBUG] (properties.py:415) -> setting property styleSheet
2026-07-14 11:14:13,702 [DEBUG] (properties.py:415) -> setting property text
2026-07-14 11:14:13,702 [DEBUG] (uiparser.py:106) -> push QPushButton deleteBtn
2026-07-14 11:14:13,702 [DEBUG] (uiparser.py:120) -> pop widget QPushButton deleteBtn
2026-07-14 11:14:13,702 [DEBUG] (uiparser.py:128) -> new topwidget <client.windows.system.tags.tag_card.TagCard object at 0x0000025D6432FE30>
2026-07-14 11:14:13,702 [DEBUG] (uiparser.py:114) -> pop layout QHBoxLayout buttonsLayout
2026-07-14 11:14:13,702 [DEBUG] (uiparser.py:114) -> pop layout QHBoxLayout horizontalLayout
2026-07-14 11:14:13,702 [DEBUG] (uiparser.py:120) -> pop widget TagCard TagCard
2026-07-14 11:14:13,702 [DEBUG] (uiparser.py:128) -> new topwidget None
2026-07-14 11:14:13,703 [DEBUG] (uiparser.py:838) -> toplevel widget is TagCard
2026-07-14 11:14:13,703 [DEBUG] (properties.py:415) -> setting property geometry
2026-07-14 11:14:13,703 [DEBUG] (properties.py:415) -> setting property minimumSize
2026-07-14 11:14:13,703 [DEBUG] (properties.py:415) -> setting property maximumSize
2026-07-14 11:14:13,704 [DEBUG] (properties.py:415) -> setting property styleSheet
2026-07-14 11:14:13,704 [DEBUG] (uiparser.py:106) -> push TagCard TagCard
2026-07-14 11:14:13,704 [DEBUG] (properties.py:415) -> setting property spacing
2026-07-14 11:14:13,704 [DEBUG] (properties.py:415) -> setting property leftMargin
2026-07-14 11:14:13,704 [DEBUG] (properties.py:415) -> setting property topMargin
2026-07-14 11:14:13,704 [DEBUG] (properties.py:415) -> setting property rightMargin
2026-07-14 11:14:13,704 [DEBUG] (properties.py:415) -> setting property bottomMargin
2026-07-14 11:14:13,704 [DEBUG] (properties.py:415) -> setting property pyuicMargins
2026-07-14 11:14:13,704 [DEBUG] (properties.py:415) -> setting property pyuicSpacing
2026-07-14 11:14:13,704 [DEBUG] (uiparser.py:106) -> push QHBoxLayout horizontalLayout
2026-07-14 11:14:13,704 [DEBUG] (properties.py:415) -> setting property minimumSize
2026-07-14 11:14:13,704 [DEBUG] (properties.py:415) -> setting property maximumSize
2026-07-14 11:14:13,704 [DEBUG] (properties.py:415) -> setting property cursor
2026-07-14 11:14:13,704 [DEBUG] (properties.py:415) -> setting property styleSheet
2026-07-14 11:14:13,704 [DEBUG] (properties.py:415) -> setting property text
2026-07-14 11:14:13,704 [DEBUG] (properties.py:415) -> setting property fixedSize
2026-07-14 11:14:13,704 [DEBUG] (uiparser.py:106) -> push QPushButton colorButton
2026-07-14 11:14:13,704 [DEBUG] (uiparser.py:120) -> pop widget QPushButton colorButton
2026-07-14 11:14:13,704 [DEBUG] (uiparser.py:128) -> new topwidget <client.windows.system.tags.tag_card.TagCard object at 0x0000025D64338410>
2026-07-14 11:14:13,704 [DEBUG] (properties.py:415) -> setting property styleSheet
2026-07-14 11:14:13,704 [DEBUG] (properties.py:415) -> setting property text
2026-07-14 11:14:13,704 [DEBUG] (uiparser.py:106) -> push QLabel nameLabel
2026-07-14 11:14:13,704 [DEBUG] (uiparser.py:120) -> pop widget QLabel nameLabel
2026-07-14 11:14:13,704 [DEBUG] (uiparser.py:128) -> new topwidget <client.windows.system.tags.tag_card.TagCard object at 0x0000025D64338410>
2026-07-14 11:14:13,704 [DEBUG] (properties.py:415) -> setting property styleSheet
2026-07-14 11:14:13,704 [DEBUG] (properties.py:415) -> setting property text
2026-07-14 11:14:13,704 [DEBUG] (uiparser.py:106) -> push QLabel countLabel
2026-07-14 11:14:13,704 [DEBUG] (uiparser.py:120) -> pop widget QLabel countLabel
2026-07-14 11:14:13,704 [DEBUG] (uiparser.py:128) -> new topwidget <client.windows.system.tags.tag_card.TagCard object at 0x0000025D64338410>
2026-07-14 11:14:13,704 [DEBUG] (properties.py:415) -> setting property spacing
2026-07-14 11:14:13,704 [DEBUG] (properties.py:415) -> setting property pyuicSpacing
2026-07-14 11:14:13,704 [DEBUG] (uiparser.py:106) -> push QHBoxLayout buttonsLayout
2026-07-14 11:14:13,704 [DEBUG] (properties.py:415) -> setting property minimumSize
2026-07-14 11:14:13,704 [DEBUG] (properties.py:415) -> setting property maximumSize
2026-07-14 11:14:13,704 [DEBUG] (properties.py:415) -> setting property cursor
2026-07-14 11:14:13,704 [DEBUG] (properties.py:415) -> setting property styleSheet
2026-07-14 11:14:13,704 [DEBUG] (properties.py:415) -> setting property text
2026-07-14 11:14:13,704 [DEBUG] (uiparser.py:106) -> push QPushButton editBtn
2026-07-14 11:14:13,704 [DEBUG] (uiparser.py:120) -> pop widget QPushButton editBtn
2026-07-14 11:14:13,704 [DEBUG] (uiparser.py:128) -> new topwidget <client.windows.system.tags.tag_card.TagCard object at 0x0000025D64338410>
2026-07-14 11:14:13,705 [DEBUG] (properties.py:415) -> setting property minimumSize
2026-07-14 11:14:13,705 [DEBUG] (properties.py:415) -> setting property maximumSize
2026-07-14 11:14:13,705 [DEBUG] (properties.py:415) -> setting property cursor
2026-07-14 11:14:13,705 [DEBUG] (properties.py:415) -> setting property styleSheet
2026-07-14 11:14:13,705 [DEBUG] (properties.py:415) -> setting property text
2026-07-14 11:14:13,705 [DEBUG] (uiparser.py:106) -> push QPushButton deleteBtn
2026-07-14 11:14:13,705 [DEBUG] (uiparser.py:120) -> pop widget QPushButton deleteBtn
2026-07-14 11:14:13,705 [DEBUG] (uiparser.py:128) -> new topwidget <client.windows.system.tags.tag_card.TagCard object at 0x0000025D64338410>
2026-07-14 11:14:13,705 [DEBUG] (uiparser.py:114) -> pop layout QHBoxLayout buttonsLayout
2026-07-14 11:14:13,706 [DEBUG] (uiparser.py:114) -> pop layout QHBoxLayout horizontalLayout
2026-07-14 11:14:13,706 [DEBUG] (uiparser.py:120) -> pop widget TagCard TagCard
2026-07-14 11:14:13,706 [DEBUG] (uiparser.py:128) -> new topwidget None
2026-07-14 11:14:13,707 [DEBUG] (uiparser.py:838) -> toplevel widget is TagCard
2026-07-14 11:14:13,707 [DEBUG] (properties.py:415) -> setting property geometry
2026-07-14 11:14:13,707 [DEBUG] (properties.py:415) -> setting property minimumSize
2026-07-14 11:14:13,707 [DEBUG] (properties.py:415) -> setting property maximumSize
2026-07-14 11:14:13,707 [DEBUG] (properties.py:415) -> setting property styleSheet
2026-07-14 11:14:13,707 [DEBUG] (uiparser.py:106) -> push TagCard TagCard
2026-07-14 11:14:13,707 [DEBUG] (properties.py:415) -> setting property spacing
2026-07-14 11:14:13,707 [DEBUG] (properties.py:415) -> setting property leftMargin
2026-07-14 11:14:13,707 [DEBUG] (properties.py:415) -> setting property topMargin
2026-07-14 11:14:13,707 [DEBUG] (properties.py:415) -> setting property rightMargin
2026-07-14 11:14:13,707 [DEBUG] (properties.py:415) -> setting property bottomMargin
2026-07-14 11:14:13,707 [DEBUG] (properties.py:415) -> setting property pyuicMargins
2026-07-14 11:14:13,707 [DEBUG] (properties.py:415) -> setting property pyuicSpacing
2026-07-14 11:14:13,707 [DEBUG] (uiparser.py:106) -> push QHBoxLayout horizontalLayout
2026-07-14 11:14:13,707 [DEBUG] (properties.py:415) -> setting property minimumSize
2026-07-14 11:14:13,707 [DEBUG] (properties.py:415) -> setting property maximumSize
2026-07-14 11:14:13,708 [DEBUG] (properties.py:415) -> setting property cursor
2026-07-14 11:14:13,708 [DEBUG] (properties.py:415) -> setting property styleSheet
2026-07-14 11:14:13,708 [DEBUG] (properties.py:415) -> setting property text
2026-07-14 11:14:13,708 [DEBUG] (properties.py:415) -> setting property fixedSize
2026-07-14 11:14:13,708 [DEBUG] (uiparser.py:106) -> push QPushButton colorButton
2026-07-14 11:14:13,708 [DEBUG] (uiparser.py:120) -> pop widget QPushButton colorButton
2026-07-14 11:14:13,708 [DEBUG] (uiparser.py:128) -> new topwidget <client.windows.system.tags.tag_card.TagCard object at 0x0000025D643389B0>
2026-07-14 11:14:13,708 [DEBUG] (properties.py:415) -> setting property styleSheet
2026-07-14 11:14:13,708 [DEBUG] (properties.py:415) -> setting property text
2026-07-14 11:14:13,708 [DEBUG] (uiparser.py:106) -> push QLabel nameLabel
2026-07-14 11:14:13,708 [DEBUG] (uiparser.py:120) -> pop widget QLabel nameLabel
2026-07-14 11:14:13,708 [DEBUG] (uiparser.py:128) -> new topwidget <client.windows.system.tags.tag_card.TagCard object at 0x0000025D643389B0>
2026-07-14 11:14:13,708 [DEBUG] (properties.py:415) -> setting property styleSheet
2026-07-14 11:14:13,708 [DEBUG] (properties.py:415) -> setting property text
2026-07-14 11:14:13,708 [DEBUG] (uiparser.py:106) -> push QLabel countLabel
2026-07-14 11:14:13,708 [DEBUG] (uiparser.py:120) -> pop widget QLabel countLabel
2026-07-14 11:14:13,708 [DEBUG] (uiparser.py:128) -> new topwidget <client.windows.system.tags.tag_card.TagCard object at 0x0000025D643389B0>
2026-07-14 11:14:13,708 [DEBUG] (properties.py:415) -> setting property spacing
2026-07-14 11:14:13,708 [DEBUG] (properties.py:415) -> setting property pyuicSpacing
2026-07-14 11:14:13,708 [DEBUG] (uiparser.py:106) -> push QHBoxLayout buttonsLayout
2026-07-14 11:14:13,708 [DEBUG] (properties.py:415) -> setting property minimumSize
2026-07-14 11:14:13,708 [DEBUG] (properties.py:415) -> setting property maximumSize
2026-07-14 11:14:13,708 [DEBUG] (properties.py:415) -> setting property cursor
2026-07-14 11:14:13,708 [DEBUG] (properties.py:415) -> setting property styleSheet
2026-07-14 11:14:13,708 [DEBUG] (properties.py:415) -> setting property text
2026-07-14 11:14:13,708 [DEBUG] (uiparser.py:106) -> push QPushButton editBtn
2026-07-14 11:14:13,708 [DEBUG] (uiparser.py:120) -> pop widget QPushButton editBtn
2026-07-14 11:14:13,708 [DEBUG] (uiparser.py:128) -> new topwidget <client.windows.system.tags.tag_card.TagCard object at 0x0000025D643389B0>
2026-07-14 11:14:13,708 [DEBUG] (properties.py:415) -> setting property minimumSize
2026-07-14 11:14:13,708 [DEBUG] (properties.py:415) -> setting property maximumSize
2026-07-14 11:14:13,708 [DEBUG] (properties.py:415) -> setting property cursor
2026-07-14 11:14:13,709 [DEBUG] (properties.py:415) -> setting property styleSheet
2026-07-14 11:14:13,709 [DEBUG] (properties.py:415) -> setting property text
2026-07-14 11:14:13,709 [DEBUG] (uiparser.py:106) -> push QPushButton deleteBtn
2026-07-14 11:14:13,709 [DEBUG] (uiparser.py:120) -> pop widget QPushButton deleteBtn
2026-07-14 11:14:13,709 [DEBUG] (uiparser.py:128) -> new topwidget <client.windows.system.tags.tag_card.TagCard object at 0x0000025D643389B0>
2026-07-14 11:14:13,709 [DEBUG] (uiparser.py:114) -> pop layout QHBoxLayout buttonsLayout
2026-07-14 11:14:13,709 [DEBUG] (uiparser.py:114) -> pop layout QHBoxLayout horizontalLayout
2026-07-14 11:14:13,709 [DEBUG] (uiparser.py:120) -> pop widget TagCard TagCard
2026-07-14 11:14:13,709 [DEBUG] (uiparser.py:128) -> new topwidget None
2026-07-14 11:14:13,710 [DEBUG] (uiparser.py:838) -> toplevel widget is TagCard
2026-07-14 11:14:13,710 [DEBUG] (properties.py:415) -> setting property geometry
2026-07-14 11:14:13,710 [DEBUG] (properties.py:415) -> setting property minimumSize
2026-07-14 11:14:13,710 [DEBUG] (properties.py:415) -> setting property maximumSize
2026-07-14 11:14:13,710 [DEBUG] (properties.py:415) -> setting property styleSheet
2026-07-14 11:14:13,710 [DEBUG] (uiparser.py:106) -> push TagCard TagCard
2026-07-14 11:14:13,710 [DEBUG] (properties.py:415) -> setting property spacing
2026-07-14 11:14:13,710 [DEBUG] (properties.py:415) -> setting property leftMargin
2026-07-14 11:14:13,710 [DEBUG] (properties.py:415) -> setting property topMargin
2026-07-14 11:14:13,710 [DEBUG] (properties.py:415) -> setting property rightMargin
2026-07-14 11:14:13,711 [DEBUG] (properties.py:415) -> setting property bottomMargin
2026-07-14 11:14:13,711 [DEBUG] (properties.py:415) -> setting property pyuicMargins
2026-07-14 11:14:13,711 [DEBUG] (properties.py:415) -> setting property pyuicSpacing
2026-07-14 11:14:13,711 [DEBUG] (uiparser.py:106) -> push QHBoxLayout horizontalLayout
2026-07-14 11:14:13,711 [DEBUG] (properties.py:415) -> setting property minimumSize
2026-07-14 11:14:13,711 [DEBUG] (properties.py:415) -> setting property maximumSize
2026-07-14 11:14:13,711 [DEBUG] (properties.py:415) -> setting property cursor
2026-07-14 11:14:13,711 [DEBUG] (properties.py:415) -> setting property styleSheet
2026-07-14 11:14:13,711 [DEBUG] (properties.py:415) -> setting property text
2026-07-14 11:14:13,711 [DEBUG] (properties.py:415) -> setting property fixedSize
2026-07-14 11:14:13,711 [DEBUG] (uiparser.py:106) -> push QPushButton colorButton
2026-07-14 11:14:13,711 [DEBUG] (uiparser.py:120) -> pop widget QPushButton colorButton
2026-07-14 11:14:13,711 [DEBUG] (uiparser.py:128) -> new topwidget <client.windows.system.tags.tag_card.TagCard object at 0x0000025D64338F50>
2026-07-14 11:14:13,711 [DEBUG] (properties.py:415) -> setting property styleSheet
2026-07-14 11:14:13,711 [DEBUG] (properties.py:415) -> setting property text
2026-07-14 11:14:13,711 [DEBUG] (uiparser.py:106) -> push QLabel nameLabel
2026-07-14 11:14:13,711 [DEBUG] (uiparser.py:120) -> pop widget QLabel nameLabel
2026-07-14 11:14:13,711 [DEBUG] (uiparser.py:128) -> new topwidget <client.windows.system.tags.tag_card.TagCard object at 0x0000025D64338F50>
2026-07-14 11:14:13,711 [DEBUG] (properties.py:415) -> setting property styleSheet
2026-07-14 11:14:13,711 [DEBUG] (properties.py:415) -> setting property text
2026-07-14 11:14:13,711 [DEBUG] (uiparser.py:106) -> push QLabel countLabel
2026-07-14 11:14:13,711 [DEBUG] (uiparser.py:120) -> pop widget QLabel countLabel
2026-07-14 11:14:13,711 [DEBUG] (uiparser.py:128) -> new topwidget <client.windows.system.tags.tag_card.TagCard object at 0x0000025D64338F50>
2026-07-14 11:14:13,711 [DEBUG] (properties.py:415) -> setting property spacing
2026-07-14 11:14:13,711 [DEBUG] (properties.py:415) -> setting property pyuicSpacing
2026-07-14 11:14:13,711 [DEBUG] (uiparser.py:106) -> push QHBoxLayout buttonsLayout
2026-07-14 11:14:13,711 [DEBUG] (properties.py:415) -> setting property minimumSize
2026-07-14 11:14:13,711 [DEBUG] (properties.py:415) -> setting property maximumSize
2026-07-14 11:14:13,711 [DEBUG] (properties.py:415) -> setting property cursor
2026-07-14 11:14:13,711 [DEBUG] (properties.py:415) -> setting property styleSheet
2026-07-14 11:14:13,711 [DEBUG] (properties.py:415) -> setting property text
2026-07-14 11:14:13,711 [DEBUG] (uiparser.py:106) -> push QPushButton editBtn
2026-07-14 11:14:13,711 [DEBUG] (uiparser.py:120) -> pop widget QPushButton editBtn
2026-07-14 11:14:13,711 [DEBUG] (uiparser.py:128) -> new topwidget <client.windows.system.tags.tag_card.TagCard object at 0x0000025D64338F50>
2026-07-14 11:14:13,711 [DEBUG] (properties.py:415) -> setting property minimumSize
2026-07-14 11:14:13,711 [DEBUG] (properties.py:415) -> setting property maximumSize
2026-07-14 11:14:13,711 [DEBUG] (properties.py:415) -> setting property cursor
2026-07-14 11:14:13,711 [DEBUG] (properties.py:415) -> setting property styleSheet
2026-07-14 11:14:13,711 [DEBUG] (properties.py:415) -> setting property text
2026-07-14 11:14:13,711 [DEBUG] (uiparser.py:106) -> push QPushButton deleteBtn
2026-07-14 11:14:13,711 [DEBUG] (uiparser.py:120) -> pop widget QPushButton deleteBtn
2026-07-14 11:14:13,712 [DEBUG] (uiparser.py:128) -> new topwidget <client.windows.system.tags.tag_card.TagCard object at 0x0000025D64338F50>
2026-07-14 11:14:13,712 [DEBUG] (uiparser.py:114) -> pop layout QHBoxLayout buttonsLayout
2026-07-14 11:14:13,712 [DEBUG] (uiparser.py:114) -> pop layout QHBoxLayout horizontalLayout
2026-07-14 11:14:13,712 [DEBUG] (uiparser.py:120) -> pop widget TagCard TagCard
2026-07-14 11:14:13,712 [DEBUG] (uiparser.py:128) -> new topwidget None
2026-07-14 11:14:13,713 [DEBUG] (uiparser.py:838) -> toplevel widget is TagCard
2026-07-14 11:14:13,713 [DEBUG] (properties.py:415) -> setting property geometry
2026-07-14 11:14:13,713 [DEBUG] (properties.py:415) -> setting property minimumSize
2026-07-14 11:14:13,713 [DEBUG] (properties.py:415) -> setting property maximumSize
2026-07-14 11:14:13,713 [DEBUG] (properties.py:415) -> setting property styleSheet
2026-07-14 11:14:13,713 [DEBUG] (uiparser.py:106) -> push TagCard TagCard
2026-07-14 11:14:13,713 [DEBUG] (properties.py:415) -> setting property spacing
2026-07-14 11:14:13,713 [DEBUG] (properties.py:415) -> setting property leftMargin
2026-07-14 11:14:13,713 [DEBUG] (properties.py:415) -> setting property topMargin
2026-07-14 11:14:13,713 [DEBUG] (properties.py:415) -> setting property rightMargin
2026-07-14 11:14:13,713 [DEBUG] (properties.py:415) -> setting property bottomMargin
2026-07-14 11:14:13,713 [DEBUG] (properties.py:415) -> setting property pyuicMargins
2026-07-14 11:14:13,713 [DEBUG] (properties.py:415) -> setting property pyuicSpacing
2026-07-14 11:14:13,713 [DEBUG] (uiparser.py:106) -> push QHBoxLayout horizontalLayout
2026-07-14 11:14:13,713 [DEBUG] (properties.py:415) -> setting property minimumSize
2026-07-14 11:14:13,713 [DEBUG] (properties.py:415) -> setting property maximumSize
2026-07-14 11:14:13,713 [DEBUG] (properties.py:415) -> setting property cursor
2026-07-14 11:14:13,713 [DEBUG] (properties.py:415) -> setting property styleSheet
2026-07-14 11:14:13,713 [DEBUG] (properties.py:415) -> setting property text
2026-07-14 11:14:13,713 [DEBUG] (properties.py:415) -> setting property fixedSize
2026-07-14 11:14:13,713 [DEBUG] (uiparser.py:106) -> push QPushButton colorButton
2026-07-14 11:14:13,713 [DEBUG] (uiparser.py:120) -> pop widget QPushButton colorButton
2026-07-14 11:14:13,714 [DEBUG] (uiparser.py:128) -> new topwidget <client.windows.system.tags.tag_card.TagCard object at 0x0000025D643394F0>
2026-07-14 11:14:13,714 [DEBUG] (properties.py:415) -> setting property styleSheet
2026-07-14 11:14:13,714 [DEBUG] (properties.py:415) -> setting property text
2026-07-14 11:14:13,714 [DEBUG] (uiparser.py:106) -> push QLabel nameLabel
2026-07-14 11:14:13,714 [DEBUG] (uiparser.py:120) -> pop widget QLabel nameLabel
2026-07-14 11:14:13,714 [DEBUG] (uiparser.py:128) -> new topwidget <client.windows.system.tags.tag_card.TagCard object at 0x0000025D643394F0>
2026-07-14 11:14:13,714 [DEBUG] (properties.py:415) -> setting property styleSheet
2026-07-14 11:14:13,714 [DEBUG] (properties.py:415) -> setting property text
2026-07-14 11:14:13,714 [DEBUG] (uiparser.py:106) -> push QLabel countLabel
2026-07-14 11:14:13,714 [DEBUG] (uiparser.py:120) -> pop widget QLabel countLabel
2026-07-14 11:14:13,714 [DEBUG] (uiparser.py:128) -> new topwidget <client.windows.system.tags.tag_card.TagCard object at 0x0000025D643394F0>
2026-07-14 11:14:13,714 [DEBUG] (properties.py:415) -> setting property spacing
2026-07-14 11:14:13,714 [DEBUG] (properties.py:415) -> setting property pyuicSpacing
2026-07-14 11:14:13,714 [DEBUG] (uiparser.py:106) -> push QHBoxLayout buttonsLayout
2026-07-14 11:14:13,714 [DEBUG] (properties.py:415) -> setting property minimumSize
2026-07-14 11:14:13,714 [DEBUG] (properties.py:415) -> setting property maximumSize
2026-07-14 11:14:13,714 [DEBUG] (properties.py:415) -> setting property cursor
2026-07-14 11:14:13,714 [DEBUG] (properties.py:415) -> setting property styleSheet
2026-07-14 11:14:13,714 [DEBUG] (properties.py:415) -> setting property text
2026-07-14 11:14:13,714 [DEBUG] (uiparser.py:106) -> push QPushButton editBtn
2026-07-14 11:14:13,714 [DEBUG] (uiparser.py:120) -> pop widget QPushButton editBtn
2026-07-14 11:14:13,714 [DEBUG] (uiparser.py:128) -> new topwidget <client.windows.system.tags.tag_card.TagCard object at 0x0000025D643394F0>
2026-07-14 11:14:13,714 [DEBUG] (properties.py:415) -> setting property minimumSize
2026-07-14 11:14:13,714 [DEBUG] (properties.py:415) -> setting property maximumSize
2026-07-14 11:14:13,714 [DEBUG] (properties.py:415) -> setting property cursor
2026-07-14 11:14:13,715 [DEBUG] (properties.py:415) -> setting property styleSheet
2026-07-14 11:14:13,715 [DEBUG] (properties.py:415) -> setting property text
2026-07-14 11:14:13,715 [DEBUG] (uiparser.py:106) -> push QPushButton deleteBtn
2026-07-14 11:14:13,715 [DEBUG] (uiparser.py:120) -> pop widget QPushButton deleteBtn
2026-07-14 11:14:13,715 [DEBUG] (uiparser.py:128) -> new topwidget <client.windows.system.tags.tag_card.TagCard object at 0x0000025D643394F0>
2026-07-14 11:14:13,715 [DEBUG] (uiparser.py:114) -> pop layout QHBoxLayout buttonsLayout
2026-07-14 11:14:13,715 [DEBUG] (uiparser.py:114) -> pop layout QHBoxLayout horizontalLayout
2026-07-14 11:14:13,715 [DEBUG] (uiparser.py:120) -> pop widget TagCard TagCard
2026-07-14 11:14:13,715 [DEBUG] (uiparser.py:128) -> new topwidget None
2026-07-14 11:14:13,716 [DEBUG] (uiparser.py:838) -> toplevel widget is TagCard
2026-07-14 11:14:13,716 [DEBUG] (properties.py:415) -> setting property geometry
2026-07-14 11:14:13,716 [DEBUG] (properties.py:415) -> setting property minimumSize
2026-07-14 11:14:13,716 [DEBUG] (properties.py:415) -> setting property maximumSize
2026-07-14 11:14:13,716 [DEBUG] (properties.py:415) -> setting property styleSheet
2026-07-14 11:14:13,717 [DEBUG] (uiparser.py:106) -> push TagCard TagCard
2026-07-14 11:14:13,717 [DEBUG] (properties.py:415) -> setting property spacing
2026-07-14 11:14:13,717 [DEBUG] (properties.py:415) -> setting property leftMargin
2026-07-14 11:14:13,717 [DEBUG] (properties.py:415) -> setting property topMargin
2026-07-14 11:14:13,717 [DEBUG] (properties.py:415) -> setting property rightMargin
2026-07-14 11:14:13,717 [DEBUG] (properties.py:415) -> setting property bottomMargin
2026-07-14 11:14:13,717 [DEBUG] (properties.py:415) -> setting property pyuicMargins
2026-07-14 11:14:13,717 [DEBUG] (properties.py:415) -> setting property pyuicSpacing
2026-07-14 11:14:13,717 [DEBUG] (uiparser.py:106) -> push QHBoxLayout horizontalLayout
2026-07-14 11:14:13,717 [DEBUG] (properties.py:415) -> setting property minimumSize
2026-07-14 11:14:13,717 [DEBUG] (properties.py:415) -> setting property maximumSize
2026-07-14 11:14:13,717 [DEBUG] (properties.py:415) -> setting property cursor
2026-07-14 11:14:13,717 [DEBUG] (properties.py:415) -> setting property styleSheet
2026-07-14 11:14:13,717 [DEBUG] (properties.py:415) -> setting property text
2026-07-14 11:14:13,717 [DEBUG] (properties.py:415) -> setting property fixedSize
2026-07-14 11:14:13,717 [DEBUG] (uiparser.py:106) -> push QPushButton colorButton
2026-07-14 11:14:13,717 [DEBUG] (uiparser.py:120) -> pop widget QPushButton colorButton
2026-07-14 11:14:13,717 [DEBUG] (uiparser.py:128) -> new topwidget <client.windows.system.tags.tag_card.TagCard object at 0x0000025D64339A90>
2026-07-14 11:14:13,717 [DEBUG] (properties.py:415) -> setting property styleSheet
2026-07-14 11:14:13,717 [DEBUG] (properties.py:415) -> setting property text
2026-07-14 11:14:13,717 [DEBUG] (uiparser.py:106) -> push QLabel nameLabel
2026-07-14 11:14:13,717 [DEBUG] (uiparser.py:120) -> pop widget QLabel nameLabel
2026-07-14 11:14:13,717 [DEBUG] (uiparser.py:128) -> new topwidget <client.windows.system.tags.tag_card.TagCard object at 0x0000025D64339A90>
2026-07-14 11:14:13,717 [DEBUG] (properties.py:415) -> setting property styleSheet
2026-07-14 11:14:13,717 [DEBUG] (properties.py:415) -> setting property text
2026-07-14 11:14:13,717 [DEBUG] (uiparser.py:106) -> push QLabel countLabel
2026-07-14 11:14:13,717 [DEBUG] (uiparser.py:120) -> pop widget QLabel countLabel
2026-07-14 11:14:13,717 [DEBUG] (uiparser.py:128) -> new topwidget <client.windows.system.tags.tag_card.TagCard object at 0x0000025D64339A90>
2026-07-14 11:14:13,717 [DEBUG] (properties.py:415) -> setting property spacing
2026-07-14 11:14:13,717 [DEBUG] (properties.py:415) -> setting property pyuicSpacing
2026-07-14 11:14:13,717 [DEBUG] (uiparser.py:106) -> push QHBoxLayout buttonsLayout
2026-07-14 11:14:13,717 [DEBUG] (properties.py:415) -> setting property minimumSize
2026-07-14 11:14:13,717 [DEBUG] (properties.py:415) -> setting property maximumSize
2026-07-14 11:14:13,717 [DEBUG] (properties.py:415) -> setting property cursor
2026-07-14 11:14:13,717 [DEBUG] (properties.py:415) -> setting property styleSheet
2026-07-14 11:14:13,717 [DEBUG] (properties.py:415) -> setting property text
2026-07-14 11:14:13,717 [DEBUG] (uiparser.py:106) -> push QPushButton editBtn
2026-07-14 11:14:13,717 [DEBUG] (uiparser.py:120) -> pop widget QPushButton editBtn
2026-07-14 11:14:13,717 [DEBUG] (uiparser.py:128) -> new topwidget <client.windows.system.tags.tag_card.TagCard object at 0x0000025D64339A90>
2026-07-14 11:14:13,717 [DEBUG] (properties.py:415) -> setting property minimumSize
2026-07-14 11:14:13,717 [DEBUG] (properties.py:415) -> setting property maximumSize
2026-07-14 11:14:13,717 [DEBUG] (properties.py:415) -> setting property cursor
2026-07-14 11:14:13,718 [DEBUG] (properties.py:415) -> setting property styleSheet
2026-07-14 11:14:13,718 [DEBUG] (properties.py:415) -> setting property text
2026-07-14 11:14:13,718 [DEBUG] (uiparser.py:106) -> push QPushButton deleteBtn
2026-07-14 11:14:13,718 [DEBUG] (uiparser.py:120) -> pop widget QPushButton deleteBtn
2026-07-14 11:14:13,718 [DEBUG] (uiparser.py:128) -> new topwidget <client.windows.system.tags.tag_card.TagCard object at 0x0000025D64339A90>
2026-07-14 11:14:13,718 [DEBUG] (uiparser.py:114) -> pop layout QHBoxLayout buttonsLayout
2026-07-14 11:14:13,718 [DEBUG] (uiparser.py:114) -> pop layout QHBoxLayout horizontalLayout
2026-07-14 11:14:13,718 [DEBUG] (uiparser.py:120) -> pop widget TagCard TagCard
2026-07-14 11:14:13,718 [DEBUG] (uiparser.py:128) -> new topwidget None
2026-07-14 11:14:13,719 [DEBUG] (uiparser.py:838) -> toplevel widget is TagCard
2026-07-14 11:14:13,719 [DEBUG] (properties.py:415) -> setting property geometry
2026-07-14 11:14:13,719 [DEBUG] (properties.py:415) -> setting property minimumSize
2026-07-14 11:14:13,719 [DEBUG] (properties.py:415) -> setting property maximumSize
2026-07-14 11:14:13,719 [DEBUG] (properties.py:415) -> setting property styleSheet
2026-07-14 11:14:13,719 [DEBUG] (uiparser.py:106) -> push TagCard TagCard
2026-07-14 11:14:13,719 [DEBUG] (properties.py:415) -> setting property spacing
2026-07-14 11:14:13,719 [DEBUG] (properties.py:415) -> setting property leftMargin
2026-07-14 11:14:13,719 [DEBUG] (properties.py:415) -> setting property topMargin
2026-07-14 11:14:13,719 [DEBUG] (properties.py:415) -> setting property rightMargin
2026-07-14 11:14:13,719 [DEBUG] (properties.py:415) -> setting property bottomMargin
2026-07-14 11:14:13,719 [DEBUG] (properties.py:415) -> setting property pyuicMargins
2026-07-14 11:14:13,719 [DEBUG] (properties.py:415) -> setting property pyuicSpacing
2026-07-14 11:14:13,719 [DEBUG] (uiparser.py:106) -> push QHBoxLayout horizontalLayout
2026-07-14 11:14:13,719 [DEBUG] (properties.py:415) -> setting property minimumSize
2026-07-14 11:14:13,719 [DEBUG] (properties.py:415) -> setting property maximumSize
2026-07-14 11:14:13,719 [DEBUG] (properties.py:415) -> setting property cursor
2026-07-14 11:14:13,719 [DEBUG] (properties.py:415) -> setting property styleSheet
2026-07-14 11:14:13,719 [DEBUG] (properties.py:415) -> setting property text
2026-07-14 11:14:13,720 [DEBUG] (properties.py:415) -> setting property fixedSize
2026-07-14 11:14:13,720 [DEBUG] (uiparser.py:106) -> push QPushButton colorButton
2026-07-14 11:14:13,720 [DEBUG] (uiparser.py:120) -> pop widget QPushButton colorButton
2026-07-14 11:14:13,720 [DEBUG] (uiparser.py:128) -> new topwidget <client.windows.system.tags.tag_card.TagCard object at 0x0000025D6433A030>
2026-07-14 11:14:13,720 [DEBUG] (properties.py:415) -> setting property styleSheet
2026-07-14 11:14:13,720 [DEBUG] (properties.py:415) -> setting property text
2026-07-14 11:14:13,720 [DEBUG] (uiparser.py:106) -> push QLabel nameLabel
2026-07-14 11:14:13,720 [DEBUG] (uiparser.py:120) -> pop widget QLabel nameLabel
2026-07-14 11:14:13,720 [DEBUG] (uiparser.py:128) -> new topwidget <client.windows.system.tags.tag_card.TagCard object at 0x0000025D6433A030>
2026-07-14 11:14:13,720 [DEBUG] (properties.py:415) -> setting property styleSheet
2026-07-14 11:14:13,720 [DEBUG] (properties.py:415) -> setting property text
2026-07-14 11:14:13,720 [DEBUG] (uiparser.py:106) -> push QLabel countLabel
2026-07-14 11:14:13,720 [DEBUG] (uiparser.py:120) -> pop widget QLabel countLabel
2026-07-14 11:14:13,720 [DEBUG] (uiparser.py:128) -> new topwidget <client.windows.system.tags.tag_card.TagCard object at 0x0000025D6433A030>
2026-07-14 11:14:13,720 [DEBUG] (properties.py:415) -> setting property spacing
2026-07-14 11:14:13,720 [DEBUG] (properties.py:415) -> setting property pyuicSpacing
2026-07-14 11:14:13,720 [DEBUG] (uiparser.py:106) -> push QHBoxLayout buttonsLayout
2026-07-14 11:14:13,720 [DEBUG] (properties.py:415) -> setting property minimumSize
2026-07-14 11:14:13,720 [DEBUG] (properties.py:415) -> setting property maximumSize
2026-07-14 11:14:13,720 [DEBUG] (properties.py:415) -> setting property cursor
2026-07-14 11:14:13,720 [DEBUG] (properties.py:415) -> setting property styleSheet
2026-07-14 11:14:13,720 [DEBUG] (properties.py:415) -> setting property text
2026-07-14 11:14:13,720 [DEBUG] (uiparser.py:106) -> push QPushButton editBtn
2026-07-14 11:14:13,720 [DEBUG] (uiparser.py:120) -> pop widget QPushButton editBtn
2026-07-14 11:14:13,720 [DEBUG] (uiparser.py:128) -> new topwidget <client.windows.system.tags.tag_card.TagCard object at 0x0000025D6433A030>
2026-07-14 11:14:13,720 [DEBUG] (properties.py:415) -> setting property minimumSize
2026-07-14 11:14:13,720 [DEBUG] (properties.py:415) -> setting property maximumSize
2026-07-14 11:14:13,720 [DEBUG] (properties.py:415) -> setting property cursor
2026-07-14 11:14:13,721 [DEBUG] (properties.py:415) -> setting property styleSheet
2026-07-14 11:14:13,721 [DEBUG] (properties.py:415) -> setting property text
2026-07-14 11:14:13,721 [DEBUG] (uiparser.py:106) -> push QPushButton deleteBtn
2026-07-14 11:14:13,721 [DEBUG] (uiparser.py:120) -> pop widget QPushButton deleteBtn
2026-07-14 11:14:13,721 [DEBUG] (uiparser.py:128) -> new topwidget <client.windows.system.tags.tag_card.TagCard object at 0x0000025D6433A030>
2026-07-14 11:14:13,721 [DEBUG] (uiparser.py:114) -> pop layout QHBoxLayout buttonsLayout
2026-07-14 11:14:13,721 [DEBUG] (uiparser.py:114) -> pop layout QHBoxLayout horizontalLayout
2026-07-14 11:14:13,721 [DEBUG] (uiparser.py:120) -> pop widget TagCard TagCard
2026-07-14 11:14:13,721 [DEBUG] (uiparser.py:128) -> new topwidget None
2026-07-14 11:14:13,722 [DEBUG] (uiparser.py:838) -> toplevel widget is TagCard
2026-07-14 11:14:13,722 [DEBUG] (properties.py:415) -> setting property geometry
2026-07-14 11:14:13,722 [DEBUG] (properties.py:415) -> setting property minimumSize
2026-07-14 11:14:13,722 [DEBUG] (properties.py:415) -> setting property maximumSize
2026-07-14 11:14:13,722 [DEBUG] (properties.py:415) -> setting property styleSheet
2026-07-14 11:14:13,722 [DEBUG] (uiparser.py:106) -> push TagCard TagCard
2026-07-14 11:14:13,722 [DEBUG] (properties.py:415) -> setting property spacing
2026-07-14 11:14:13,722 [DEBUG] (properties.py:415) -> setting property leftMargin
2026-07-14 11:14:13,722 [DEBUG] (properties.py:415) -> setting property topMargin
2026-07-14 11:14:13,722 [DEBUG] (properties.py:415) -> setting property rightMargin
2026-07-14 11:14:13,722 [DEBUG] (properties.py:415) -> setting property bottomMargin
2026-07-14 11:14:13,722 [DEBUG] (properties.py:415) -> setting property pyuicMargins
2026-07-14 11:14:13,722 [DEBUG] (properties.py:415) -> setting property pyuicSpacing
2026-07-14 11:14:13,723 [DEBUG] (uiparser.py:106) -> push QHBoxLayout horizontalLayout
2026-07-14 11:14:13,723 [DEBUG] (properties.py:415) -> setting property minimumSize
2026-07-14 11:14:13,723 [DEBUG] (properties.py:415) -> setting property maximumSize
2026-07-14 11:14:13,723 [DEBUG] (properties.py:415) -> setting property cursor
2026-07-14 11:14:13,723 [DEBUG] (properties.py:415) -> setting property styleSheet
2026-07-14 11:14:13,723 [DEBUG] (properties.py:415) -> setting property text
2026-07-14 11:14:13,723 [DEBUG] (properties.py:415) -> setting property fixedSize
2026-07-14 11:14:13,723 [DEBUG] (uiparser.py:106) -> push QPushButton colorButton
2026-07-14 11:14:13,723 [DEBUG] (uiparser.py:120) -> pop widget QPushButton colorButton
2026-07-14 11:14:13,723 [DEBUG] (uiparser.py:128) -> new topwidget <client.windows.system.tags.tag_card.TagCard object at 0x0000025D6433A5D0>
2026-07-14 11:14:13,723 [DEBUG] (properties.py:415) -> setting property styleSheet
2026-07-14 11:14:13,723 [DEBUG] (properties.py:415) -> setting property text
2026-07-14 11:14:13,723 [DEBUG] (uiparser.py:106) -> push QLabel nameLabel
2026-07-14 11:14:13,723 [DEBUG] (uiparser.py:120) -> pop widget QLabel nameLabel
2026-07-14 11:14:13,723 [DEBUG] (uiparser.py:128) -> new topwidget <client.windows.system.tags.tag_card.TagCard object at 0x0000025D6433A5D0>
2026-07-14 11:14:13,723 [DEBUG] (properties.py:415) -> setting property styleSheet
2026-07-14 11:14:13,723 [DEBUG] (properties.py:415) -> setting property text
2026-07-14 11:14:13,723 [DEBUG] (uiparser.py:106) -> push QLabel countLabel
2026-07-14 11:14:13,723 [DEBUG] (uiparser.py:120) -> pop widget QLabel countLabel
2026-07-14 11:14:13,723 [DEBUG] (uiparser.py:128) -> new topwidget <client.windows.system.tags.tag_card.TagCard object at 0x0000025D6433A5D0>
2026-07-14 11:14:13,723 [DEBUG] (properties.py:415) -> setting property spacing
2026-07-14 11:14:13,723 [DEBUG] (properties.py:415) -> setting property pyuicSpacing
2026-07-14 11:14:13,723 [DEBUG] (uiparser.py:106) -> push QHBoxLayout buttonsLayout
2026-07-14 11:14:13,723 [DEBUG] (properties.py:415) -> setting property minimumSize
2026-07-14 11:14:13,723 [DEBUG] (properties.py:415) -> setting property maximumSize
2026-07-14 11:14:13,723 [DEBUG] (properties.py:415) -> setting property cursor
2026-07-14 11:14:13,723 [DEBUG] (properties.py:415) -> setting property styleSheet
2026-07-14 11:14:13,723 [DEBUG] (properties.py:415) -> setting property text
2026-07-14 11:14:13,723 [DEBUG] (uiparser.py:106) -> push QPushButton editBtn
2026-07-14 11:14:13,723 [DEBUG] (uiparser.py:120) -> pop widget QPushButton editBtn
2026-07-14 11:14:13,723 [DEBUG] (uiparser.py:128) -> new topwidget <client.windows.system.tags.tag_card.TagCard object at 0x0000025D6433A5D0>
2026-07-14 11:14:13,723 [DEBUG] (properties.py:415) -> setting property minimumSize
2026-07-14 11:14:13,723 [DEBUG] (properties.py:415) -> setting property maximumSize
2026-07-14 11:14:13,723 [DEBUG] (properties.py:415) -> setting property cursor
2026-07-14 11:14:13,723 [DEBUG] (properties.py:415) -> setting property styleSheet
2026-07-14 11:14:13,723 [DEBUG] (properties.py:415) -> setting property text
2026-07-14 11:14:13,723 [DEBUG] (uiparser.py:106) -> push QPushButton deleteBtn
2026-07-14 11:14:13,723 [DEBUG] (uiparser.py:120) -> pop widget QPushButton deleteBtn
2026-07-14 11:14:13,723 [DEBUG] (uiparser.py:128) -> new topwidget <client.windows.system.tags.tag_card.TagCard object at 0x0000025D6433A5D0>
2026-07-14 11:14:13,723 [DEBUG] (uiparser.py:114) -> pop layout QHBoxLayout buttonsLayout
2026-07-14 11:14:13,723 [DEBUG] (uiparser.py:114) -> pop layout QHBoxLayout horizontalLayout
2026-07-14 11:14:13,723 [DEBUG] (uiparser.py:120) -> pop widget TagCard TagCard
2026-07-14 11:14:13,723 [DEBUG] (uiparser.py:128) -> new topwidget None
2026-07-14 11:14:13,725 [DEBUG] (uiparser.py:838) -> toplevel widget is TagCard
2026-07-14 11:14:13,725 [DEBUG] (properties.py:415) -> setting property geometry
2026-07-14 11:14:13,725 [DEBUG] (properties.py:415) -> setting property minimumSize
2026-07-14 11:14:13,725 [DEBUG] (properties.py:415) -> setting property maximumSize
2026-07-14 11:14:13,725 [DEBUG] (properties.py:415) -> setting property styleSheet
2026-07-14 11:14:13,725 [DEBUG] (uiparser.py:106) -> push TagCard TagCard
2026-07-14 11:14:13,725 [DEBUG] (properties.py:415) -> setting property spacing
2026-07-14 11:14:13,725 [DEBUG] (properties.py:415) -> setting property leftMargin
2026-07-14 11:14:13,725 [DEBUG] (properties.py:415) -> setting property topMargin
2026-07-14 11:14:13,725 [DEBUG] (properties.py:415) -> setting property rightMargin
2026-07-14 11:14:13,725 [DEBUG] (properties.py:415) -> setting property bottomMargin
2026-07-14 11:14:13,725 [DEBUG] (properties.py:415) -> setting property pyuicMargins
2026-07-14 11:14:13,725 [DEBUG] (properties.py:415) -> setting property pyuicSpacing
2026-07-14 11:14:13,725 [DEBUG] (uiparser.py:106) -> push QHBoxLayout horizontalLayout
2026-07-14 11:14:13,725 [DEBUG] (properties.py:415) -> setting property minimumSize
2026-07-14 11:14:13,725 [DEBUG] (properties.py:415) -> setting property maximumSize
2026-07-14 11:14:13,725 [DEBUG] (properties.py:415) -> setting property cursor
2026-07-14 11:14:13,725 [DEBUG] (properties.py:415) -> setting property styleSheet
2026-07-14 11:14:13,725 [DEBUG] (properties.py:415) -> setting property text
2026-07-14 11:14:13,725 [DEBUG] (properties.py:415) -> setting property fixedSize
2026-07-14 11:14:13,725 [DEBUG] (uiparser.py:106) -> push QPushButton colorButton
2026-07-14 11:14:13,725 [DEBUG] (uiparser.py:120) -> pop widget QPushButton colorButton
2026-07-14 11:14:13,725 [DEBUG] (uiparser.py:128) -> new topwidget <client.windows.system.tags.tag_card.TagCard object at 0x0000025D6433AB70>
2026-07-14 11:14:13,725 [DEBUG] (properties.py:415) -> setting property styleSheet
2026-07-14 11:14:13,725 [DEBUG] (properties.py:415) -> setting property text
2026-07-14 11:14:13,725 [DEBUG] (uiparser.py:106) -> push QLabel nameLabel
2026-07-14 11:14:13,725 [DEBUG] (uiparser.py:120) -> pop widget QLabel nameLabel
2026-07-14 11:14:13,725 [DEBUG] (uiparser.py:128) -> new topwidget <client.windows.system.tags.tag_card.TagCard object at 0x0000025D6433AB70>
2026-07-14 11:14:13,725 [DEBUG] (properties.py:415) -> setting property styleSheet
2026-07-14 11:14:13,725 [DEBUG] (properties.py:415) -> setting property text
2026-07-14 11:14:13,725 [DEBUG] (uiparser.py:106) -> push QLabel countLabel
2026-07-14 11:14:13,725 [DEBUG] (uiparser.py:120) -> pop widget QLabel countLabel
2026-07-14 11:14:13,726 [DEBUG] (uiparser.py:128) -> new topwidget <client.windows.system.tags.tag_card.TagCard object at 0x0000025D6433AB70>
2026-07-14 11:14:13,726 [DEBUG] (properties.py:415) -> setting property spacing
2026-07-14 11:14:13,726 [DEBUG] (properties.py:415) -> setting property pyuicSpacing
2026-07-14 11:14:13,726 [DEBUG] (uiparser.py:106) -> push QHBoxLayout buttonsLayout
2026-07-14 11:14:13,726 [DEBUG] (properties.py:415) -> setting property minimumSize
2026-07-14 11:14:13,726 [DEBUG] (properties.py:415) -> setting property maximumSize
2026-07-14 11:14:13,726 [DEBUG] (properties.py:415) -> setting property cursor
2026-07-14 11:14:13,726 [DEBUG] (properties.py:415) -> setting property styleSheet
2026-07-14 11:14:13,726 [DEBUG] (properties.py:415) -> setting property text
2026-07-14 11:14:13,726 [DEBUG] (uiparser.py:106) -> push QPushButton editBtn
2026-07-14 11:14:13,726 [DEBUG] (uiparser.py:120) -> pop widget QPushButton editBtn
2026-07-14 11:14:13,726 [DEBUG] (uiparser.py:128) -> new topwidget <client.windows.system.tags.tag_card.TagCard object at 0x0000025D6433AB70>
2026-07-14 11:14:13,726 [DEBUG] (properties.py:415) -> setting property minimumSize
2026-07-14 11:14:13,726 [DEBUG] (properties.py:415) -> setting property maximumSize
2026-07-14 11:14:13,726 [DEBUG] (properties.py:415) -> setting property cursor
2026-07-14 11:14:13,727 [DEBUG] (properties.py:415) -> setting property styleSheet
2026-07-14 11:14:13,727 [DEBUG] (properties.py:415) -> setting property text
2026-07-14 11:14:13,727 [DEBUG] (uiparser.py:106) -> push QPushButton deleteBtn
2026-07-14 11:14:13,727 [DEBUG] (uiparser.py:120) -> pop widget QPushButton deleteBtn
2026-07-14 11:14:13,727 [DEBUG] (uiparser.py:128) -> new topwidget <client.windows.system.tags.tag_card.TagCard object at 0x0000025D6433AB70>
2026-07-14 11:14:13,727 [DEBUG] (uiparser.py:114) -> pop layout QHBoxLayout buttonsLayout
2026-07-14 11:14:13,727 [DEBUG] (uiparser.py:114) -> pop layout QHBoxLayout horizontalLayout
2026-07-14 11:14:13,727 [DEBUG] (uiparser.py:120) -> pop widget TagCard TagCard
2026-07-14 11:14:13,727 [DEBUG] (uiparser.py:128) -> new topwidget None
2026-07-14 11:14:13,728 [DEBUG] (uiparser.py:838) -> toplevel widget is TagCard
2026-07-14 11:14:13,728 [DEBUG] (properties.py:415) -> setting property geometry
2026-07-14 11:14:13,728 [DEBUG] (properties.py:415) -> setting property minimumSize
2026-07-14 11:14:13,728 [DEBUG] (properties.py:415) -> setting property maximumSize
2026-07-14 11:14:13,728 [DEBUG] (properties.py:415) -> setting property styleSheet
2026-07-14 11:14:13,729 [DEBUG] (uiparser.py:106) -> push TagCard TagCard
2026-07-14 11:14:13,729 [DEBUG] (properties.py:415) -> setting property spacing
2026-07-14 11:14:13,729 [DEBUG] (properties.py:415) -> setting property leftMargin
2026-07-14 11:14:13,729 [DEBUG] (properties.py:415) -> setting property topMargin
2026-07-14 11:14:13,729 [DEBUG] (properties.py:415) -> setting property rightMargin
2026-07-14 11:14:13,729 [DEBUG] (properties.py:415) -> setting property bottomMargin
2026-07-14 11:14:13,729 [DEBUG] (properties.py:415) -> setting property pyuicMargins
2026-07-14 11:14:13,729 [DEBUG] (properties.py:415) -> setting property pyuicSpacing
2026-07-14 11:14:13,729 [DEBUG] (uiparser.py:106) -> push QHBoxLayout horizontalLayout
2026-07-14 11:14:13,729 [DEBUG] (properties.py:415) -> setting property minimumSize
2026-07-14 11:14:13,729 [DEBUG] (properties.py:415) -> setting property maximumSize
2026-07-14 11:14:13,729 [DEBUG] (properties.py:415) -> setting property cursor
2026-07-14 11:14:13,729 [DEBUG] (properties.py:415) -> setting property styleSheet
2026-07-14 11:14:13,729 [DEBUG] (properties.py:415) -> setting property text
2026-07-14 11:14:13,729 [DEBUG] (properties.py:415) -> setting property fixedSize
2026-07-14 11:14:13,729 [DEBUG] (uiparser.py:106) -> push QPushButton colorButton
2026-07-14 11:14:13,729 [DEBUG] (uiparser.py:120) -> pop widget QPushButton colorButton
2026-07-14 11:14:13,729 [DEBUG] (uiparser.py:128) -> new topwidget <client.windows.system.tags.tag_card.TagCard object at 0x0000025D6433B110>
2026-07-14 11:14:13,729 [DEBUG] (properties.py:415) -> setting property styleSheet
2026-07-14 11:14:13,729 [DEBUG] (properties.py:415) -> setting property text
2026-07-14 11:14:13,729 [DEBUG] (uiparser.py:106) -> push QLabel nameLabel
2026-07-14 11:14:13,729 [DEBUG] (uiparser.py:120) -> pop widget QLabel nameLabel
2026-07-14 11:14:13,729 [DEBUG] (uiparser.py:128) -> new topwidget <client.windows.system.tags.tag_card.TagCard object at 0x0000025D6433B110>
2026-07-14 11:14:13,729 [DEBUG] (properties.py:415) -> setting property styleSheet
2026-07-14 11:14:13,729 [DEBUG] (properties.py:415) -> setting property text
2026-07-14 11:14:13,729 [DEBUG] (uiparser.py:106) -> push QLabel countLabel
2026-07-14 11:14:13,729 [DEBUG] (uiparser.py:120) -> pop widget QLabel countLabel
2026-07-14 11:14:13,729 [DEBUG] (uiparser.py:128) -> new topwidget <client.windows.system.tags.tag_card.TagCard object at 0x0000025D6433B110>
2026-07-14 11:14:13,729 [DEBUG] (properties.py:415) -> setting property spacing
2026-07-14 11:14:13,729 [DEBUG] (properties.py:415) -> setting property pyuicSpacing
2026-07-14 11:14:13,729 [DEBUG] (uiparser.py:106) -> push QHBoxLayout buttonsLayout
2026-07-14 11:14:13,729 [DEBUG] (properties.py:415) -> setting property minimumSize
2026-07-14 11:14:13,729 [DEBUG] (properties.py:415) -> setting property maximumSize
2026-07-14 11:14:13,729 [DEBUG] (properties.py:415) -> setting property cursor
2026-07-14 11:14:13,729 [DEBUG] (properties.py:415) -> setting property styleSheet
2026-07-14 11:14:13,729 [DEBUG] (properties.py:415) -> setting property text
2026-07-14 11:14:13,730 [DEBUG] (uiparser.py:106) -> push QPushButton editBtn
2026-07-14 11:14:13,730 [DEBUG] (uiparser.py:120) -> pop widget QPushButton editBtn
2026-07-14 11:14:13,730 [DEBUG] (uiparser.py:128) -> new topwidget <client.windows.system.tags.tag_card.TagCard object at 0x0000025D6433B110>
2026-07-14 11:14:13,730 [DEBUG] (properties.py:415) -> setting property minimumSize
2026-07-14 11:14:13,730 [DEBUG] (properties.py:415) -> setting property maximumSize
2026-07-14 11:14:13,730 [DEBUG] (properties.py:415) -> setting property cursor
2026-07-14 11:14:13,730 [DEBUG] (properties.py:415) -> setting property styleSheet
2026-07-14 11:14:13,730 [DEBUG] (properties.py:415) -> setting property text
2026-07-14 11:14:13,730 [DEBUG] (uiparser.py:106) -> push QPushButton deleteBtn
2026-07-14 11:14:13,730 [DEBUG] (uiparser.py:120) -> pop widget QPushButton deleteBtn
2026-07-14 11:14:13,730 [DEBUG] (uiparser.py:128) -> new topwidget <client.windows.system.tags.tag_card.TagCard object at 0x0000025D6433B110>
2026-07-14 11:14:13,730 [DEBUG] (uiparser.py:114) -> pop layout QHBoxLayout buttonsLayout
2026-07-14 11:14:13,730 [DEBUG] (uiparser.py:114) -> pop layout QHBoxLayout horizontalLayout
2026-07-14 11:14:13,730 [DEBUG] (uiparser.py:120) -> pop widget TagCard TagCard
2026-07-14 11:14:13,730 [DEBUG] (uiparser.py:128) -> new topwidget None
2026-07-14 11:14:13,731 [DEBUG] (uiparser.py:838) -> toplevel widget is TagCard
2026-07-14 11:14:13,731 [DEBUG] (properties.py:415) -> setting property geometry
2026-07-14 11:14:13,731 [DEBUG] (properties.py:415) -> setting property minimumSize
2026-07-14 11:14:13,731 [DEBUG] (properties.py:415) -> setting property maximumSize
2026-07-14 11:14:13,731 [DEBUG] (properties.py:415) -> setting property styleSheet
2026-07-14 11:14:13,731 [DEBUG] (uiparser.py:106) -> push TagCard TagCard
2026-07-14 11:14:13,731 [DEBUG] (properties.py:415) -> setting property spacing
2026-07-14 11:14:13,731 [DEBUG] (properties.py:415) -> setting property leftMargin
2026-07-14 11:14:13,731 [DEBUG] (properties.py:415) -> setting property topMargin
2026-07-14 11:14:13,731 [DEBUG] (properties.py:415) -> setting property rightMargin
2026-07-14 11:14:13,731 [DEBUG] (properties.py:415) -> setting property bottomMargin
2026-07-14 11:14:13,731 [DEBUG] (properties.py:415) -> setting property pyuicMargins
2026-07-14 11:14:13,731 [DEBUG] (properties.py:415) -> setting property pyuicSpacing
2026-07-14 11:14:13,731 [DEBUG] (uiparser.py:106) -> push QHBoxLayout horizontalLayout
2026-07-14 11:14:13,732 [DEBUG] (properties.py:415) -> setting property minimumSize
2026-07-14 11:14:13,732 [DEBUG] (properties.py:415) -> setting property maximumSize
2026-07-14 11:14:13,732 [DEBUG] (properties.py:415) -> setting property cursor
2026-07-14 11:14:13,732 [DEBUG] (properties.py:415) -> setting property styleSheet
2026-07-14 11:14:13,732 [DEBUG] (properties.py:415) -> setting property text
2026-07-14 11:14:13,732 [DEBUG] (properties.py:415) -> setting property fixedSize
2026-07-14 11:14:13,732 [DEBUG] (uiparser.py:106) -> push QPushButton colorButton
2026-07-14 11:14:13,732 [DEBUG] (uiparser.py:120) -> pop widget QPushButton colorButton
2026-07-14 11:14:13,732 [DEBUG] (uiparser.py:128) -> new topwidget <client.windows.system.tags.tag_card.TagCard object at 0x0000025D6433B6B0>
2026-07-14 11:14:13,732 [DEBUG] (properties.py:415) -> setting property styleSheet
2026-07-14 11:14:13,732 [DEBUG] (properties.py:415) -> setting property text
2026-07-14 11:14:13,732 [DEBUG] (uiparser.py:106) -> push QLabel nameLabel
2026-07-14 11:14:13,732 [DEBUG] (uiparser.py:120) -> pop widget QLabel nameLabel
2026-07-14 11:14:13,732 [DEBUG] (uiparser.py:128) -> new topwidget <client.windows.system.tags.tag_card.TagCard object at 0x0000025D6433B6B0>
2026-07-14 11:14:13,732 [DEBUG] (properties.py:415) -> setting property styleSheet
2026-07-14 11:14:13,732 [DEBUG] (properties.py:415) -> setting property text
2026-07-14 11:14:13,732 [DEBUG] (uiparser.py:106) -> push QLabel countLabel
2026-07-14 11:14:13,732 [DEBUG] (uiparser.py:120) -> pop widget QLabel countLabel
2026-07-14 11:14:13,732 [DEBUG] (uiparser.py:128) -> new topwidget <client.windows.system.tags.tag_card.TagCard object at 0x0000025D6433B6B0>
2026-07-14 11:14:13,732 [DEBUG] (properties.py:415) -> setting property spacing
2026-07-14 11:14:13,732 [DEBUG] (properties.py:415) -> setting property pyuicSpacing
2026-07-14 11:14:13,732 [DEBUG] (uiparser.py:106) -> push QHBoxLayout buttonsLayout
2026-07-14 11:14:13,732 [DEBUG] (properties.py:415) -> setting property minimumSize
2026-07-14 11:14:13,732 [DEBUG] (properties.py:415) -> setting property maximumSize
2026-07-14 11:14:13,732 [DEBUG] (properties.py:415) -> setting property cursor
2026-07-14 11:14:13,732 [DEBUG] (properties.py:415) -> setting property styleSheet
2026-07-14 11:14:13,732 [DEBUG] (properties.py:415) -> setting property text
2026-07-14 11:14:13,732 [DEBUG] (uiparser.py:106) -> push QPushButton editBtn
2026-07-14 11:14:13,732 [DEBUG] (uiparser.py:120) -> pop widget QPushButton editBtn
2026-07-14 11:14:13,732 [DEBUG] (uiparser.py:128) -> new topwidget <client.windows.system.tags.tag_card.TagCard object at 0x0000025D6433B6B0>
2026-07-14 11:14:13,732 [DEBUG] (properties.py:415) -> setting property minimumSize
2026-07-14 11:14:13,732 [DEBUG] (properties.py:415) -> setting property maximumSize
2026-07-14 11:14:13,732 [DEBUG] (properties.py:415) -> setting property cursor
2026-07-14 11:14:13,732 [DEBUG] (properties.py:415) -> setting property styleSheet
2026-07-14 11:14:13,732 [DEBUG] (properties.py:415) -> setting property text
2026-07-14 11:14:13,732 [DEBUG] (uiparser.py:106) -> push QPushButton deleteBtn
2026-07-14 11:14:13,732 [DEBUG] (uiparser.py:120) -> pop widget QPushButton deleteBtn
2026-07-14 11:14:13,732 [DEBUG] (uiparser.py:128) -> new topwidget <client.windows.system.tags.tag_card.TagCard object at 0x0000025D6433B6B0>
2026-07-14 11:14:13,732 [DEBUG] (uiparser.py:114) -> pop layout QHBoxLayout buttonsLayout
2026-07-14 11:14:13,732 [DEBUG] (uiparser.py:114) -> pop layout QHBoxLayout horizontalLayout
2026-07-14 11:14:13,732 [DEBUG] (uiparser.py:120) -> pop widget TagCard TagCard
2026-07-14 11:14:13,732 [DEBUG] (uiparser.py:128) -> new topwidget None
2026-07-14 11:14:13,734 [DEBUG] (uiparser.py:838) -> toplevel widget is TagCard
2026-07-14 11:14:13,734 [DEBUG] (properties.py:415) -> setting property geometry
2026-07-14 11:14:13,734 [DEBUG] (properties.py:415) -> setting property minimumSize
2026-07-14 11:14:13,734 [DEBUG] (properties.py:415) -> setting property maximumSize
2026-07-14 11:14:13,734 [DEBUG] (properties.py:415) -> setting property styleSheet
2026-07-14 11:14:13,734 [DEBUG] (uiparser.py:106) -> push TagCard TagCard
2026-07-14 11:14:13,734 [DEBUG] (properties.py:415) -> setting property spacing
2026-07-14 11:14:13,734 [DEBUG] (properties.py:415) -> setting property leftMargin
2026-07-14 11:14:13,734 [DEBUG] (properties.py:415) -> setting property topMargin
2026-07-14 11:14:13,734 [DEBUG] (properties.py:415) -> setting property rightMargin
2026-07-14 11:14:13,734 [DEBUG] (properties.py:415) -> setting property bottomMargin
2026-07-14 11:14:13,734 [DEBUG] (properties.py:415) -> setting property pyuicMargins
2026-07-14 11:14:13,734 [DEBUG] (properties.py:415) -> setting property pyuicSpacing
2026-07-14 11:14:13,734 [DEBUG] (uiparser.py:106) -> push QHBoxLayout horizontalLayout
2026-07-14 11:14:13,734 [DEBUG] (properties.py:415) -> setting property minimumSize
2026-07-14 11:14:13,734 [DEBUG] (properties.py:415) -> setting property maximumSize
2026-07-14 11:14:13,734 [DEBUG] (properties.py:415) -> setting property cursor
2026-07-14 11:14:13,734 [DEBUG] (properties.py:415) -> setting property styleSheet
2026-07-14 11:14:13,734 [DEBUG] (properties.py:415) -> setting property text
2026-07-14 11:14:13,734 [DEBUG] (properties.py:415) -> setting property fixedSize
2026-07-14 11:14:13,734 [DEBUG] (uiparser.py:106) -> push QPushButton colorButton
2026-07-14 11:14:13,734 [DEBUG] (uiparser.py:120) -> pop widget QPushButton colorButton
2026-07-14 11:14:13,734 [DEBUG] (uiparser.py:128) -> new topwidget <client.windows.system.tags.tag_card.TagCard object at 0x0000025D6433BC50>
2026-07-14 11:14:13,734 [DEBUG] (properties.py:415) -> setting property styleSheet
2026-07-14 11:14:13,734 [DEBUG] (properties.py:415) -> setting property text
2026-07-14 11:14:13,734 [DEBUG] (uiparser.py:106) -> push QLabel nameLabel
2026-07-14 11:14:13,734 [DEBUG] (uiparser.py:120) -> pop widget QLabel nameLabel
2026-07-14 11:14:13,734 [DEBUG] (uiparser.py:128) -> new topwidget <client.windows.system.tags.tag_card.TagCard object at 0x0000025D6433BC50>
2026-07-14 11:14:13,734 [DEBUG] (properties.py:415) -> setting property styleSheet
2026-07-14 11:14:13,734 [DEBUG] (properties.py:415) -> setting property text
2026-07-14 11:14:13,735 [DEBUG] (uiparser.py:106) -> push QLabel countLabel
2026-07-14 11:14:13,735 [DEBUG] (uiparser.py:120) -> pop widget QLabel countLabel
2026-07-14 11:14:13,735 [DEBUG] (uiparser.py:128) -> new topwidget <client.windows.system.tags.tag_card.TagCard object at 0x0000025D6433BC50>
2026-07-14 11:14:13,735 [DEBUG] (properties.py:415) -> setting property spacing
2026-07-14 11:14:13,735 [DEBUG] (properties.py:415) -> setting property pyuicSpacing
2026-07-14 11:14:13,735 [DEBUG] (uiparser.py:106) -> push QHBoxLayout buttonsLayout
2026-07-14 11:14:13,735 [DEBUG] (properties.py:415) -> setting property minimumSize
2026-07-14 11:14:13,735 [DEBUG] (properties.py:415) -> setting property maximumSize
2026-07-14 11:14:13,735 [DEBUG] (properties.py:415) -> setting property cursor
2026-07-14 11:14:13,735 [DEBUG] (properties.py:415) -> setting property styleSheet
2026-07-14 11:14:13,735 [DEBUG] (properties.py:415) -> setting property text
2026-07-14 11:14:13,735 [DEBUG] (uiparser.py:106) -> push QPushButton editBtn
2026-07-14 11:14:13,735 [DEBUG] (uiparser.py:120) -> pop widget QPushButton editBtn
2026-07-14 11:14:13,735 [DEBUG] (uiparser.py:128) -> new topwidget <client.windows.system.tags.tag_card.TagCard object at 0x0000025D6433BC50>
2026-07-14 11:14:13,735 [DEBUG] (properties.py:415) -> setting property minimumSize
2026-07-14 11:14:13,735 [DEBUG] (properties.py:415) -> setting property maximumSize
2026-07-14 11:14:13,735 [DEBUG] (properties.py:415) -> setting property cursor
2026-07-14 11:14:13,736 [DEBUG] (properties.py:415) -> setting property styleSheet
2026-07-14 11:14:13,736 [DEBUG] (properties.py:415) -> setting property text
2026-07-14 11:14:13,736 [DEBUG] (uiparser.py:106) -> push QPushButton deleteBtn
2026-07-14 11:14:13,736 [DEBUG] (uiparser.py:120) -> pop widget QPushButton deleteBtn
2026-07-14 11:14:13,736 [DEBUG] (uiparser.py:128) -> new topwidget <client.windows.system.tags.tag_card.TagCard object at 0x0000025D6433BC50>
2026-07-14 11:14:13,736 [DEBUG] (uiparser.py:114) -> pop layout QHBoxLayout buttonsLayout
2026-07-14 11:14:13,736 [DEBUG] (uiparser.py:114) -> pop layout QHBoxLayout horizontalLayout
2026-07-14 11:14:13,736 [DEBUG] (uiparser.py:120) -> pop widget TagCard TagCard
2026-07-14 11:14:13,736 [DEBUG] (uiparser.py:128) -> new topwidget None
2026-07-14 11:14:13,737 [DEBUG] (uiparser.py:838) -> toplevel widget is TagCard
2026-07-14 11:14:13,737 [DEBUG] (properties.py:415) -> setting property geometry
2026-07-14 11:14:13,737 [DEBUG] (properties.py:415) -> setting property minimumSize
2026-07-14 11:14:13,737 [DEBUG] (properties.py:415) -> setting property maximumSize
2026-07-14 11:14:13,737 [DEBUG] (properties.py:415) -> setting property styleSheet
2026-07-14 11:14:13,737 [DEBUG] (uiparser.py:106) -> push TagCard TagCard
2026-07-14 11:14:13,737 [DEBUG] (properties.py:415) -> setting property spacing
2026-07-14 11:14:13,737 [DEBUG] (properties.py:415) -> setting property leftMargin
2026-07-14 11:14:13,737 [DEBUG] (properties.py:415) -> setting property topMargin
2026-07-14 11:14:13,737 [DEBUG] (properties.py:415) -> setting property rightMargin
2026-07-14 11:14:13,737 [DEBUG] (properties.py:415) -> setting property bottomMargin
2026-07-14 11:14:13,737 [DEBUG] (properties.py:415) -> setting property pyuicMargins
2026-07-14 11:14:13,737 [DEBUG] (properties.py:415) -> setting property pyuicSpacing
2026-07-14 11:14:13,738 [DEBUG] (uiparser.py:106) -> push QHBoxLayout horizontalLayout
2026-07-14 11:14:13,738 [DEBUG] (properties.py:415) -> setting property minimumSize
2026-07-14 11:14:13,738 [DEBUG] (properties.py:415) -> setting property maximumSize
2026-07-14 11:14:13,738 [DEBUG] (properties.py:415) -> setting property cursor
2026-07-14 11:14:13,738 [DEBUG] (properties.py:415) -> setting property styleSheet
2026-07-14 11:14:13,738 [DEBUG] (properties.py:415) -> setting property text
2026-07-14 11:14:13,738 [DEBUG] (properties.py:415) -> setting property fixedSize
2026-07-14 11:14:13,738 [DEBUG] (uiparser.py:106) -> push QPushButton colorButton
2026-07-14 11:14:13,738 [DEBUG] (uiparser.py:120) -> pop widget QPushButton colorButton
2026-07-14 11:14:13,738 [DEBUG] (uiparser.py:128) -> new topwidget <client.windows.system.tags.tag_card.TagCard object at 0x0000025D6433C230>
2026-07-14 11:14:13,738 [DEBUG] (properties.py:415) -> setting property styleSheet
2026-07-14 11:14:13,738 [DEBUG] (properties.py:415) -> setting property text
2026-07-14 11:14:13,738 [DEBUG] (uiparser.py:106) -> push QLabel nameLabel
2026-07-14 11:14:13,738 [DEBUG] (uiparser.py:120) -> pop widget QLabel nameLabel
2026-07-14 11:14:13,738 [DEBUG] (uiparser.py:128) -> new topwidget <client.windows.system.tags.tag_card.TagCard object at 0x0000025D6433C230>
2026-07-14 11:14:13,738 [DEBUG] (properties.py:415) -> setting property styleSheet
2026-07-14 11:14:13,738 [DEBUG] (properties.py:415) -> setting property text
2026-07-14 11:14:13,738 [DEBUG] (uiparser.py:106) -> push QLabel countLabel
2026-07-14 11:14:13,738 [DEBUG] (uiparser.py:120) -> pop widget QLabel countLabel
2026-07-14 11:14:13,738 [DEBUG] (uiparser.py:128) -> new topwidget <client.windows.system.tags.tag_card.TagCard object at 0x0000025D6433C230>
2026-07-14 11:14:13,738 [DEBUG] (properties.py:415) -> setting property spacing
2026-07-14 11:14:13,738 [DEBUG] (properties.py:415) -> setting property pyuicSpacing
2026-07-14 11:14:13,738 [DEBUG] (uiparser.py:106) -> push QHBoxLayout buttonsLayout
2026-07-14 11:14:13,738 [DEBUG] (properties.py:415) -> setting property minimumSize
2026-07-14 11:14:13,738 [DEBUG] (properties.py:415) -> setting property maximumSize
2026-07-14 11:14:13,738 [DEBUG] (properties.py:415) -> setting property cursor
2026-07-14 11:14:13,738 [DEBUG] (properties.py:415) -> setting property styleSheet
2026-07-14 11:14:13,738 [DEBUG] (properties.py:415) -> setting property text
2026-07-14 11:14:13,738 [DEBUG] (uiparser.py:106) -> push QPushButton editBtn
2026-07-14 11:14:13,738 [DEBUG] (uiparser.py:120) -> pop widget QPushButton editBtn
2026-07-14 11:14:13,738 [DEBUG] (uiparser.py:128) -> new topwidget <client.windows.system.tags.tag_card.TagCard object at 0x0000025D6433C230>
2026-07-14 11:14:13,738 [DEBUG] (properties.py:415) -> setting property minimumSize
2026-07-14 11:14:13,738 [DEBUG] (properties.py:415) -> setting property maximumSize
2026-07-14 11:14:13,738 [DEBUG] (properties.py:415) -> setting property cursor
2026-07-14 11:14:13,739 [DEBUG] (properties.py:415) -> setting property styleSheet
2026-07-14 11:14:13,739 [DEBUG] (properties.py:415) -> setting property text
2026-07-14 11:14:13,739 [DEBUG] (uiparser.py:106) -> push QPushButton deleteBtn
2026-07-14 11:14:13,739 [DEBUG] (uiparser.py:120) -> pop widget QPushButton deleteBtn
2026-07-14 11:14:13,739 [DEBUG] (uiparser.py:128) -> new topwidget <client.windows.system.tags.tag_card.TagCard object at 0x0000025D6433C230>
2026-07-14 11:14:13,739 [DEBUG] (uiparser.py:114) -> pop layout QHBoxLayout buttonsLayout
2026-07-14 11:14:13,739 [DEBUG] (uiparser.py:114) -> pop layout QHBoxLayout horizontalLayout
2026-07-14 11:14:13,739 [DEBUG] (uiparser.py:120) -> pop widget TagCard TagCard
2026-07-14 11:14:13,739 [DEBUG] (uiparser.py:128) -> new topwidget None
2026-07-14 11:14:13,740 [DEBUG] (uiparser.py:838) -> toplevel widget is TagCard
2026-07-14 11:14:13,740 [DEBUG] (properties.py:415) -> setting property geometry
2026-07-14 11:14:13,740 [DEBUG] (properties.py:415) -> setting property minimumSize
2026-07-14 11:14:13,740 [DEBUG] (properties.py:415) -> setting property maximumSize
2026-07-14 11:14:13,740 [DEBUG] (properties.py:415) -> setting property styleSheet
2026-07-14 11:14:13,740 [DEBUG] (uiparser.py:106) -> push TagCard TagCard
2026-07-14 11:14:13,740 [DEBUG] (properties.py:415) -> setting property spacing
2026-07-14 11:14:13,740 [DEBUG] (properties.py:415) -> setting property leftMargin
2026-07-14 11:14:13,740 [DEBUG] (properties.py:415) -> setting property topMargin
2026-07-14 11:14:13,740 [DEBUG] (properties.py:415) -> setting property rightMargin
2026-07-14 11:14:13,740 [DEBUG] (properties.py:415) -> setting property bottomMargin
2026-07-14 11:14:13,740 [DEBUG] (properties.py:415) -> setting property pyuicMargins
2026-07-14 11:14:13,740 [DEBUG] (properties.py:415) -> setting property pyuicSpacing
2026-07-14 11:14:13,740 [DEBUG] (uiparser.py:106) -> push QHBoxLayout horizontalLayout
2026-07-14 11:14:13,740 [DEBUG] (properties.py:415) -> setting property minimumSize
2026-07-14 11:14:13,741 [DEBUG] (properties.py:415) -> setting property maximumSize
2026-07-14 11:14:13,741 [DEBUG] (properties.py:415) -> setting property cursor
2026-07-14 11:14:13,741 [DEBUG] (properties.py:415) -> setting property styleSheet
2026-07-14 11:14:13,741 [DEBUG] (properties.py:415) -> setting property text
2026-07-14 11:14:13,741 [DEBUG] (properties.py:415) -> setting property fixedSize
2026-07-14 11:14:13,741 [DEBUG] (uiparser.py:106) -> push QPushButton colorButton
2026-07-14 11:14:13,741 [DEBUG] (uiparser.py:120) -> pop widget QPushButton colorButton
2026-07-14 11:14:13,741 [DEBUG] (uiparser.py:128) -> new topwidget <client.windows.system.tags.tag_card.TagCard object at 0x0000025D6433C7D0>
2026-07-14 11:14:13,741 [DEBUG] (properties.py:415) -> setting property styleSheet
2026-07-14 11:14:13,741 [DEBUG] (properties.py:415) -> setting property text
2026-07-14 11:14:13,741 [DEBUG] (uiparser.py:106) -> push QLabel nameLabel
2026-07-14 11:14:13,741 [DEBUG] (uiparser.py:120) -> pop widget QLabel nameLabel
2026-07-14 11:14:13,741 [DEBUG] (uiparser.py:128) -> new topwidget <client.windows.system.tags.tag_card.TagCard object at 0x0000025D6433C7D0>
2026-07-14 11:14:13,741 [DEBUG] (properties.py:415) -> setting property styleSheet
2026-07-14 11:14:13,741 [DEBUG] (properties.py:415) -> setting property text
2026-07-14 11:14:13,741 [DEBUG] (uiparser.py:106) -> push QLabel countLabel
2026-07-14 11:14:13,741 [DEBUG] (uiparser.py:120) -> pop widget QLabel countLabel
2026-07-14 11:14:13,741 [DEBUG] (uiparser.py:128) -> new topwidget <client.windows.system.tags.tag_card.TagCard object at 0x0000025D6433C7D0>
2026-07-14 11:14:13,741 [DEBUG] (properties.py:415) -> setting property spacing
2026-07-14 11:14:13,741 [DEBUG] (properties.py:415) -> setting property pyuicSpacing
2026-07-14 11:14:13,741 [DEBUG] (uiparser.py:106) -> push QHBoxLayout buttonsLayout
2026-07-14 11:14:13,741 [DEBUG] (properties.py:415) -> setting property minimumSize
2026-07-14 11:14:13,741 [DEBUG] (properties.py:415) -> setting property maximumSize
2026-07-14 11:14:13,741 [DEBUG] (properties.py:415) -> setting property cursor
2026-07-14 11:14:13,741 [DEBUG] (properties.py:415) -> setting property styleSheet
2026-07-14 11:14:13,741 [DEBUG] (properties.py:415) -> setting property text
2026-07-14 11:14:13,741 [DEBUG] (uiparser.py:106) -> push QPushButton editBtn
2026-07-14 11:14:13,741 [DEBUG] (uiparser.py:120) -> pop widget QPushButton editBtn
2026-07-14 11:14:13,741 [DEBUG] (uiparser.py:128) -> new topwidget <client.windows.system.tags.tag_card.TagCard object at 0x0000025D6433C7D0>
2026-07-14 11:14:13,741 [DEBUG] (properties.py:415) -> setting property minimumSize
2026-07-14 11:14:13,741 [DEBUG] (properties.py:415) -> setting property maximumSize
2026-07-14 11:14:13,741 [DEBUG] (properties.py:415) -> setting property cursor
2026-07-14 11:14:13,741 [DEBUG] (properties.py:415) -> setting property styleSheet
2026-07-14 11:14:13,741 [DEBUG] (properties.py:415) -> setting property text
2026-07-14 11:14:13,741 [DEBUG] (uiparser.py:106) -> push QPushButton deleteBtn
2026-07-14 11:14:13,741 [DEBUG] (uiparser.py:120) -> pop widget QPushButton deleteBtn
2026-07-14 11:14:13,741 [DEBUG] (uiparser.py:128) -> new topwidget <client.windows.system.tags.tag_card.TagCard object at 0x0000025D6433C7D0>
2026-07-14 11:14:13,741 [DEBUG] (uiparser.py:114) -> pop layout QHBoxLayout buttonsLayout
2026-07-14 11:14:13,741 [DEBUG] (uiparser.py:114) -> pop layout QHBoxLayout horizontalLayout
2026-07-14 11:14:13,741 [DEBUG] (uiparser.py:120) -> pop widget TagCard TagCard
2026-07-14 11:14:13,741 [DEBUG] (uiparser.py:128) -> new topwidget None
2026-07-14 11:14:13,743 [DEBUG] (uiparser.py:838) -> toplevel widget is TagCard
2026-07-14 11:14:13,743 [DEBUG] (properties.py:415) -> setting property geometry
2026-07-14 11:14:13,743 [DEBUG] (properties.py:415) -> setting property minimumSize
2026-07-14 11:14:13,743 [DEBUG] (properties.py:415) -> setting property maximumSize
2026-07-14 11:14:13,743 [DEBUG] (properties.py:415) -> setting property styleSheet
2026-07-14 11:14:13,743 [DEBUG] (uiparser.py:106) -> push TagCard TagCard
2026-07-14 11:14:13,743 [DEBUG] (properties.py:415) -> setting property spacing
2026-07-14 11:14:13,743 [DEBUG] (properties.py:415) -> setting property leftMargin
2026-07-14 11:14:13,743 [DEBUG] (properties.py:415) -> setting property topMargin
2026-07-14 11:14:13,743 [DEBUG] (properties.py:415) -> setting property rightMargin
2026-07-14 11:14:13,743 [DEBUG] (properties.py:415) -> setting property bottomMargin
2026-07-14 11:14:13,743 [DEBUG] (properties.py:415) -> setting property pyuicMargins
2026-07-14 11:14:13,743 [DEBUG] (properties.py:415) -> setting property pyuicSpacing
2026-07-14 11:14:13,743 [DEBUG] (uiparser.py:106) -> push QHBoxLayout horizontalLayout
2026-07-14 11:14:13,743 [DEBUG] (properties.py:415) -> setting property minimumSize
2026-07-14 11:14:13,743 [DEBUG] (properties.py:415) -> setting property maximumSize
2026-07-14 11:14:13,743 [DEBUG] (properties.py:415) -> setting property cursor
2026-07-14 11:14:13,743 [DEBUG] (properties.py:415) -> setting property styleSheet
2026-07-14 11:14:13,743 [DEBUG] (properties.py:415) -> setting property text
2026-07-14 11:14:13,743 [DEBUG] (properties.py:415) -> setting property fixedSize
2026-07-14 11:14:13,743 [DEBUG] (uiparser.py:106) -> push QPushButton colorButton
2026-07-14 11:14:13,743 [DEBUG] (uiparser.py:120) -> pop widget QPushButton colorButton
2026-07-14 11:14:13,743 [DEBUG] (uiparser.py:128) -> new topwidget <client.windows.system.tags.tag_card.TagCard object at 0x0000025D6433CD70>
2026-07-14 11:14:13,743 [DEBUG] (properties.py:415) -> setting property styleSheet
2026-07-14 11:14:13,743 [DEBUG] (properties.py:415) -> setting property text
2026-07-14 11:14:13,743 [DEBUG] (uiparser.py:106) -> push QLabel nameLabel
2026-07-14 11:14:13,743 [DEBUG] (uiparser.py:120) -> pop widget QLabel nameLabel
2026-07-14 11:14:13,743 [DEBUG] (uiparser.py:128) -> new topwidget <client.windows.system.tags.tag_card.TagCard object at 0x0000025D6433CD70>
2026-07-14 11:14:13,743 [DEBUG] (properties.py:415) -> setting property styleSheet
2026-07-14 11:14:13,743 [DEBUG] (properties.py:415) -> setting property text
2026-07-14 11:14:13,743 [DEBUG] (uiparser.py:106) -> push QLabel countLabel
2026-07-14 11:14:13,744 [DEBUG] (uiparser.py:120) -> pop widget QLabel countLabel
2026-07-14 11:14:13,744 [DEBUG] (uiparser.py:128) -> new topwidget <client.windows.system.tags.tag_card.TagCard object at 0x0000025D6433CD70>
2026-07-14 11:14:13,744 [DEBUG] (properties.py:415) -> setting property spacing
2026-07-14 11:14:13,744 [DEBUG] (properties.py:415) -> setting property pyuicSpacing
2026-07-14 11:14:13,744 [DEBUG] (uiparser.py:106) -> push QHBoxLayout buttonsLayout
2026-07-14 11:14:13,744 [DEBUG] (properties.py:415) -> setting property minimumSize
2026-07-14 11:14:13,744 [DEBUG] (properties.py:415) -> setting property maximumSize
2026-07-14 11:14:13,744 [DEBUG] (properties.py:415) -> setting property cursor
2026-07-14 11:14:13,744 [DEBUG] (properties.py:415) -> setting property styleSheet
2026-07-14 11:14:13,744 [DEBUG] (properties.py:415) -> setting property text
2026-07-14 11:14:13,744 [DEBUG] (uiparser.py:106) -> push QPushButton editBtn
2026-07-14 11:14:13,744 [DEBUG] (uiparser.py:120) -> pop widget QPushButton editBtn
2026-07-14 11:14:13,744 [DEBUG] (uiparser.py:128) -> new topwidget <client.windows.system.tags.tag_card.TagCard object at 0x0000025D6433CD70>
2026-07-14 11:14:13,744 [DEBUG] (properties.py:415) -> setting property minimumSize
2026-07-14 11:14:13,744 [DEBUG] (properties.py:415) -> setting property maximumSize
2026-07-14 11:14:13,744 [DEBUG] (properties.py:415) -> setting property cursor
2026-07-14 11:14:13,745 [DEBUG] (properties.py:415) -> setting property styleSheet
2026-07-14 11:14:13,745 [DEBUG] (properties.py:415) -> setting property text
2026-07-14 11:14:13,745 [DEBUG] (uiparser.py:106) -> push QPushButton deleteBtn
2026-07-14 11:14:13,745 [DEBUG] (uiparser.py:120) -> pop widget QPushButton deleteBtn
2026-07-14 11:14:13,745 [DEBUG] (uiparser.py:128) -> new topwidget <client.windows.system.tags.tag_card.TagCard object at 0x0000025D6433CD70>
2026-07-14 11:14:13,745 [DEBUG] (uiparser.py:114) -> pop layout QHBoxLayout buttonsLayout
2026-07-14 11:14:13,745 [DEBUG] (uiparser.py:114) -> pop layout QHBoxLayout horizontalLayout
2026-07-14 11:14:13,745 [DEBUG] (uiparser.py:120) -> pop widget TagCard TagCard
2026-07-14 11:14:13,745 [DEBUG] (uiparser.py:128) -> new topwidget None
2026-07-14 11:14:13,746 [DEBUG] (uiparser.py:838) -> toplevel widget is TagCard
2026-07-14 11:14:13,746 [DEBUG] (properties.py:415) -> setting property geometry
2026-07-14 11:14:13,746 [DEBUG] (properties.py:415) -> setting property minimumSize
2026-07-14 11:14:13,746 [DEBUG] (properties.py:415) -> setting property maximumSize
2026-07-14 11:14:13,746 [DEBUG] (properties.py:415) -> setting property styleSheet
2026-07-14 11:14:13,746 [DEBUG] (uiparser.py:106) -> push TagCard TagCard
2026-07-14 11:14:13,746 [DEBUG] (properties.py:415) -> setting property spacing
2026-07-14 11:14:13,746 [DEBUG] (properties.py:415) -> setting property leftMargin
2026-07-14 11:14:13,746 [DEBUG] (properties.py:415) -> setting property topMargin
2026-07-14 11:14:13,747 [DEBUG] (properties.py:415) -> setting property rightMargin
2026-07-14 11:14:13,747 [DEBUG] (properties.py:415) -> setting property bottomMargin
2026-07-14 11:14:13,747 [DEBUG] (properties.py:415) -> setting property pyuicMargins
2026-07-14 11:14:13,747 [DEBUG] (properties.py:415) -> setting property pyuicSpacing
2026-07-14 11:14:13,747 [DEBUG] (uiparser.py:106) -> push QHBoxLayout horizontalLayout
2026-07-14 11:14:13,747 [DEBUG] (properties.py:415) -> setting property minimumSize
2026-07-14 11:14:13,747 [DEBUG] (properties.py:415) -> setting property maximumSize
2026-07-14 11:14:13,747 [DEBUG] (properties.py:415) -> setting property cursor
2026-07-14 11:14:13,747 [DEBUG] (properties.py:415) -> setting property styleSheet
2026-07-14 11:14:13,747 [DEBUG] (properties.py:415) -> setting property text
2026-07-14 11:14:13,747 [DEBUG] (properties.py:415) -> setting property fixedSize
2026-07-14 11:14:13,747 [DEBUG] (uiparser.py:106) -> push QPushButton colorButton
2026-07-14 11:14:13,747 [DEBUG] (uiparser.py:120) -> pop widget QPushButton colorButton
2026-07-14 11:14:13,747 [DEBUG] (uiparser.py:128) -> new topwidget <client.windows.system.tags.tag_card.TagCard object at 0x0000025D6433D310>
2026-07-14 11:14:13,747 [DEBUG] (properties.py:415) -> setting property styleSheet
2026-07-14 11:14:13,747 [DEBUG] (properties.py:415) -> setting property text
2026-07-14 11:14:13,747 [DEBUG] (uiparser.py:106) -> push QLabel nameLabel
2026-07-14 11:14:13,747 [DEBUG] (uiparser.py:120) -> pop widget QLabel nameLabel
2026-07-14 11:14:13,747 [DEBUG] (uiparser.py:128) -> new topwidget <client.windows.system.tags.tag_card.TagCard object at 0x0000025D6433D310>
2026-07-14 11:14:13,747 [DEBUG] (properties.py:415) -> setting property styleSheet
2026-07-14 11:14:13,747 [DEBUG] (properties.py:415) -> setting property text
2026-07-14 11:14:13,747 [DEBUG] (uiparser.py:106) -> push QLabel countLabel
2026-07-14 11:14:13,747 [DEBUG] (uiparser.py:120) -> pop widget QLabel countLabel
2026-07-14 11:14:13,747 [DEBUG] (uiparser.py:128) -> new topwidget <client.windows.system.tags.tag_card.TagCard object at 0x0000025D6433D310>
2026-07-14 11:14:13,747 [DEBUG] (properties.py:415) -> setting property spacing
2026-07-14 11:14:13,747 [DEBUG] (properties.py:415) -> setting property pyuicSpacing
2026-07-14 11:14:13,747 [DEBUG] (uiparser.py:106) -> push QHBoxLayout buttonsLayout
2026-07-14 11:14:13,747 [DEBUG] (properties.py:415) -> setting property minimumSize
2026-07-14 11:14:13,747 [DEBUG] (properties.py:415) -> setting property maximumSize
2026-07-14 11:14:13,747 [DEBUG] (properties.py:415) -> setting property cursor
2026-07-14 11:14:13,747 [DEBUG] (properties.py:415) -> setting property styleSheet
2026-07-14 11:14:13,747 [DEBUG] (properties.py:415) -> setting property text
2026-07-14 11:14:13,747 [DEBUG] (uiparser.py:106) -> push QPushButton editBtn
2026-07-14 11:14:13,747 [DEBUG] (uiparser.py:120) -> pop widget QPushButton editBtn
2026-07-14 11:14:13,747 [DEBUG] (uiparser.py:128) -> new topwidget <client.windows.system.tags.tag_card.TagCard object at 0x0000025D6433D310>
2026-07-14 11:14:13,747 [DEBUG] (properties.py:415) -> setting property minimumSize
2026-07-14 11:14:13,747 [DEBUG] (properties.py:415) -> setting property maximumSize
2026-07-14 11:14:13,747 [DEBUG] (properties.py:415) -> setting property cursor
2026-07-14 11:14:13,747 [DEBUG] (properties.py:415) -> setting property styleSheet
2026-07-14 11:14:13,747 [DEBUG] (properties.py:415) -> setting property text
2026-07-14 11:14:13,748 [DEBUG] (uiparser.py:106) -> push QPushButton deleteBtn
2026-07-14 11:14:13,748 [DEBUG] (uiparser.py:120) -> pop widget QPushButton deleteBtn
2026-07-14 11:14:13,748 [DEBUG] (uiparser.py:128) -> new topwidget <client.windows.system.tags.tag_card.TagCard object at 0x0000025D6433D310>
2026-07-14 11:14:13,748 [DEBUG] (uiparser.py:114) -> pop layout QHBoxLayout buttonsLayout
2026-07-14 11:14:13,748 [DEBUG] (uiparser.py:114) -> pop layout QHBoxLayout horizontalLayout
2026-07-14 11:14:13,748 [DEBUG] (uiparser.py:120) -> pop widget TagCard TagCard
2026-07-14 11:14:13,748 [DEBUG] (uiparser.py:128) -> new topwidget None
2026-07-14 11:14:13,749 [DEBUG] (uiparser.py:838) -> toplevel widget is TagCard
2026-07-14 11:14:13,749 [DEBUG] (properties.py:415) -> setting property geometry
2026-07-14 11:14:13,749 [DEBUG] (properties.py:415) -> setting property minimumSize
2026-07-14 11:14:13,749 [DEBUG] (properties.py:415) -> setting property maximumSize
2026-07-14 11:14:13,749 [DEBUG] (properties.py:415) -> setting property styleSheet
2026-07-14 11:14:13,749 [DEBUG] (uiparser.py:106) -> push TagCard TagCard
2026-07-14 11:14:13,749 [DEBUG] (properties.py:415) -> setting property spacing
2026-07-14 11:14:13,749 [DEBUG] (properties.py:415) -> setting property leftMargin
2026-07-14 11:14:13,749 [DEBUG] (properties.py:415) -> setting property topMargin
2026-07-14 11:14:13,749 [DEBUG] (properties.py:415) -> setting property rightMargin
2026-07-14 11:14:13,749 [DEBUG] (properties.py:415) -> setting property bottomMargin
2026-07-14 11:14:13,749 [DEBUG] (properties.py:415) -> setting property pyuicMargins
2026-07-14 11:14:13,749 [DEBUG] (properties.py:415) -> setting property pyuicSpacing
2026-07-14 11:14:13,749 [DEBUG] (uiparser.py:106) -> push QHBoxLayout horizontalLayout
2026-07-14 11:14:13,749 [DEBUG] (properties.py:415) -> setting property minimumSize
2026-07-14 11:14:13,749 [DEBUG] (properties.py:415) -> setting property maximumSize
2026-07-14 11:14:13,749 [DEBUG] (properties.py:415) -> setting property cursor
2026-07-14 11:14:13,749 [DEBUG] (properties.py:415) -> setting property styleSheet
2026-07-14 11:14:13,749 [DEBUG] (properties.py:415) -> setting property text
2026-07-14 11:14:13,749 [DEBUG] (properties.py:415) -> setting property fixedSize
2026-07-14 11:14:13,749 [DEBUG] (uiparser.py:106) -> push QPushButton colorButton
2026-07-14 11:14:13,749 [DEBUG] (uiparser.py:120) -> pop widget QPushButton colorButton
2026-07-14 11:14:13,749 [DEBUG] (uiparser.py:128) -> new topwidget <client.windows.system.tags.tag_card.TagCard object at 0x0000025D6433D8B0>
2026-07-14 11:14:13,749 [DEBUG] (properties.py:415) -> setting property styleSheet
2026-07-14 11:14:13,750 [DEBUG] (properties.py:415) -> setting property text
2026-07-14 11:14:13,750 [DEBUG] (uiparser.py:106) -> push QLabel nameLabel
2026-07-14 11:14:13,750 [DEBUG] (uiparser.py:120) -> pop widget QLabel nameLabel
2026-07-14 11:14:13,750 [DEBUG] (uiparser.py:128) -> new topwidget <client.windows.system.tags.tag_card.TagCard object at 0x0000025D6433D8B0>
2026-07-14 11:14:13,750 [DEBUG] (properties.py:415) -> setting property styleSheet
2026-07-14 11:14:13,750 [DEBUG] (properties.py:415) -> setting property text
2026-07-14 11:14:13,750 [DEBUG] (uiparser.py:106) -> push QLabel countLabel
2026-07-14 11:14:13,750 [DEBUG] (uiparser.py:120) -> pop widget QLabel countLabel
2026-07-14 11:14:13,750 [DEBUG] (uiparser.py:128) -> new topwidget <client.windows.system.tags.tag_card.TagCard object at 0x0000025D6433D8B0>
2026-07-14 11:14:13,750 [DEBUG] (properties.py:415) -> setting property spacing
2026-07-14 11:14:13,750 [DEBUG] (properties.py:415) -> setting property pyuicSpacing
2026-07-14 11:14:13,750 [DEBUG] (uiparser.py:106) -> push QHBoxLayout buttonsLayout
2026-07-14 11:14:13,750 [DEBUG] (properties.py:415) -> setting property minimumSize
2026-07-14 11:14:13,750 [DEBUG] (properties.py:415) -> setting property maximumSize
2026-07-14 11:14:13,750 [DEBUG] (properties.py:415) -> setting property cursor
2026-07-14 11:14:13,750 [DEBUG] (properties.py:415) -> setting property styleSheet
2026-07-14 11:14:13,750 [DEBUG] (properties.py:415) -> setting property text
2026-07-14 11:14:13,750 [DEBUG] (uiparser.py:106) -> push QPushButton editBtn
2026-07-14 11:14:13,750 [DEBUG] (uiparser.py:120) -> pop widget QPushButton editBtn
2026-07-14 11:14:13,750 [DEBUG] (uiparser.py:128) -> new topwidget <client.windows.system.tags.tag_card.TagCard object at 0x0000025D6433D8B0>
2026-07-14 11:14:13,750 [DEBUG] (properties.py:415) -> setting property minimumSize
2026-07-14 11:14:13,750 [DEBUG] (properties.py:415) -> setting property maximumSize
2026-07-14 11:14:13,750 [DEBUG] (properties.py:415) -> setting property cursor
2026-07-14 11:14:13,750 [DEBUG] (properties.py:415) -> setting property styleSheet
2026-07-14 11:14:13,750 [DEBUG] (properties.py:415) -> setting property text
2026-07-14 11:14:13,750 [DEBUG] (uiparser.py:106) -> push QPushButton deleteBtn
2026-07-14 11:14:13,750 [DEBUG] (uiparser.py:120) -> pop widget QPushButton deleteBtn
2026-07-14 11:14:13,750 [DEBUG] (uiparser.py:128) -> new topwidget <client.windows.system.tags.tag_card.TagCard object at 0x0000025D6433D8B0>
2026-07-14 11:14:13,750 [DEBUG] (uiparser.py:114) -> pop layout QHBoxLayout buttonsLayout
2026-07-14 11:14:13,750 [DEBUG] (uiparser.py:114) -> pop layout QHBoxLayout horizontalLayout
2026-07-14 11:14:13,750 [DEBUG] (uiparser.py:120) -> pop widget TagCard TagCard
2026-07-14 11:14:13,750 [DEBUG] (uiparser.py:128) -> new topwidget None
2026-07-14 11:14:13,751 [DEBUG] (uiparser.py:838) -> toplevel widget is TagCard
2026-07-14 11:14:13,751 [DEBUG] (properties.py:415) -> setting property geometry
2026-07-14 11:14:13,752 [DEBUG] (properties.py:415) -> setting property minimumSize
2026-07-14 11:14:13,752 [DEBUG] (properties.py:415) -> setting property maximumSize
2026-07-14 11:14:13,752 [DEBUG] (properties.py:415) -> setting property styleSheet
2026-07-14 11:14:13,752 [DEBUG] (uiparser.py:106) -> push TagCard TagCard
2026-07-14 11:14:13,752 [DEBUG] (properties.py:415) -> setting property spacing
2026-07-14 11:14:13,752 [DEBUG] (properties.py:415) -> setting property leftMargin
2026-07-14 11:14:13,752 [DEBUG] (properties.py:415) -> setting property topMargin
2026-07-14 11:14:13,752 [DEBUG] (properties.py:415) -> setting property rightMargin
2026-07-14 11:14:13,752 [DEBUG] (properties.py:415) -> setting property bottomMargin
2026-07-14 11:14:13,752 [DEBUG] (properties.py:415) -> setting property pyuicMargins
2026-07-14 11:14:13,752 [DEBUG] (properties.py:415) -> setting property pyuicSpacing
2026-07-14 11:14:13,752 [DEBUG] (uiparser.py:106) -> push QHBoxLayout horizontalLayout
2026-07-14 11:14:13,752 [DEBUG] (properties.py:415) -> setting property minimumSize
2026-07-14 11:14:13,752 [DEBUG] (properties.py:415) -> setting property maximumSize
2026-07-14 11:14:13,752 [DEBUG] (properties.py:415) -> setting property cursor
2026-07-14 11:14:13,752 [DEBUG] (properties.py:415) -> setting property styleSheet
2026-07-14 11:14:13,752 [DEBUG] (properties.py:415) -> setting property text
2026-07-14 11:14:13,752 [DEBUG] (properties.py:415) -> setting property fixedSize
2026-07-14 11:14:13,752 [DEBUG] (uiparser.py:106) -> push QPushButton colorButton
2026-07-14 11:14:13,752 [DEBUG] (uiparser.py:120) -> pop widget QPushButton colorButton
2026-07-14 11:14:13,752 [DEBUG] (uiparser.py:128) -> new topwidget <client.windows.system.tags.tag_card.TagCard object at 0x0000025D6433DE50>
2026-07-14 11:14:13,752 [DEBUG] (properties.py:415) -> setting property styleSheet
2026-07-14 11:14:13,752 [DEBUG] (properties.py:415) -> setting property text
2026-07-14 11:14:13,752 [DEBUG] (uiparser.py:106) -> push QLabel nameLabel
2026-07-14 11:14:13,752 [DEBUG] (uiparser.py:120) -> pop widget QLabel nameLabel
2026-07-14 11:14:13,752 [DEBUG] (uiparser.py:128) -> new topwidget <client.windows.system.tags.tag_card.TagCard object at 0x0000025D6433DE50>
2026-07-14 11:14:13,752 [DEBUG] (properties.py:415) -> setting property styleSheet
2026-07-14 11:14:13,752 [DEBUG] (properties.py:415) -> setting property text
2026-07-14 11:14:13,752 [DEBUG] (uiparser.py:106) -> push QLabel countLabel
2026-07-14 11:14:13,752 [DEBUG] (uiparser.py:120) -> pop widget QLabel countLabel
2026-07-14 11:14:13,752 [DEBUG] (uiparser.py:128) -> new topwidget <client.windows.system.tags.tag_card.TagCard object at 0x0000025D6433DE50>
2026-07-14 11:14:13,752 [DEBUG] (properties.py:415) -> setting property spacing
2026-07-14 11:14:13,752 [DEBUG] (properties.py:415) -> setting property pyuicSpacing
2026-07-14 11:14:13,752 [DEBUG] (uiparser.py:106) -> push QHBoxLayout buttonsLayout
2026-07-14 11:14:13,752 [DEBUG] (properties.py:415) -> setting property minimumSize
2026-07-14 11:14:13,752 [DEBUG] (properties.py:415) -> setting property maximumSize
2026-07-14 11:14:13,752 [DEBUG] (properties.py:415) -> setting property cursor
2026-07-14 11:14:13,752 [DEBUG] (properties.py:415) -> setting property styleSheet
2026-07-14 11:14:13,752 [DEBUG] (properties.py:415) -> setting property text
2026-07-14 11:14:13,752 [DEBUG] (uiparser.py:106) -> push QPushButton editBtn
2026-07-14 11:14:13,752 [DEBUG] (uiparser.py:120) -> pop widget QPushButton editBtn
2026-07-14 11:14:13,752 [DEBUG] (uiparser.py:128) -> new topwidget <client.windows.system.tags.tag_card.TagCard object at 0x0000025D6433DE50>
2026-07-14 11:14:13,753 [DEBUG] (properties.py:415) -> setting property minimumSize
2026-07-14 11:14:13,753 [DEBUG] (properties.py:415) -> setting property maximumSize
2026-07-14 11:14:13,753 [DEBUG] (properties.py:415) -> setting property cursor
2026-07-14 11:14:13,753 [DEBUG] (properties.py:415) -> setting property styleSheet
2026-07-14 11:14:13,753 [DEBUG] (properties.py:415) -> setting property text
2026-07-14 11:14:13,753 [DEBUG] (uiparser.py:106) -> push QPushButton deleteBtn
2026-07-14 11:14:13,753 [DEBUG] (uiparser.py:120) -> pop widget QPushButton deleteBtn
2026-07-14 11:14:13,753 [DEBUG] (uiparser.py:128) -> new topwidget <client.windows.system.tags.tag_card.TagCard object at 0x0000025D6433DE50>
2026-07-14 11:14:13,753 [DEBUG] (uiparser.py:114) -> pop layout QHBoxLayout buttonsLayout
2026-07-14 11:14:13,753 [DEBUG] (uiparser.py:114) -> pop layout QHBoxLayout horizontalLayout
2026-07-14 11:14:13,753 [DEBUG] (uiparser.py:120) -> pop widget TagCard TagCard
2026-07-14 11:14:13,753 [DEBUG] (uiparser.py:128) -> new topwidget None
2026-07-14 11:14:13,754 [DEBUG] (uiparser.py:838) -> toplevel widget is TagCard
2026-07-14 11:14:13,754 [DEBUG] (properties.py:415) -> setting property geometry
2026-07-14 11:14:13,754 [DEBUG] (properties.py:415) -> setting property minimumSize
2026-07-14 11:14:13,754 [DEBUG] (properties.py:415) -> setting property maximumSize
2026-07-14 11:14:13,754 [DEBUG] (properties.py:415) -> setting property styleSheet
2026-07-14 11:14:13,754 [DEBUG] (uiparser.py:106) -> push TagCard TagCard
2026-07-14 11:14:13,754 [DEBUG] (properties.py:415) -> setting property spacing
2026-07-14 11:14:13,754 [DEBUG] (properties.py:415) -> setting property leftMargin
2026-07-14 11:14:13,754 [DEBUG] (properties.py:415) -> setting property topMargin
2026-07-14 11:14:13,754 [DEBUG] (properties.py:415) -> setting property rightMargin
2026-07-14 11:14:13,754 [DEBUG] (properties.py:415) -> setting property bottomMargin
2026-07-14 11:14:13,754 [DEBUG] (properties.py:415) -> setting property pyuicMargins
2026-07-14 11:14:13,754 [DEBUG] (properties.py:415) -> setting property pyuicSpacing
2026-07-14 11:14:13,754 [DEBUG] (uiparser.py:106) -> push QHBoxLayout horizontalLayout
2026-07-14 11:14:13,754 [DEBUG] (properties.py:415) -> setting property minimumSize
2026-07-14 11:14:13,754 [DEBUG] (properties.py:415) -> setting property maximumSize
2026-07-14 11:14:13,755 [DEBUG] (properties.py:415) -> setting property cursor
2026-07-14 11:14:13,755 [DEBUG] (properties.py:415) -> setting property styleSheet
2026-07-14 11:14:13,755 [DEBUG] (properties.py:415) -> setting property text
2026-07-14 11:14:13,755 [DEBUG] (properties.py:415) -> setting property fixedSize
2026-07-14 11:14:13,755 [DEBUG] (uiparser.py:106) -> push QPushButton colorButton
2026-07-14 11:14:13,755 [DEBUG] (uiparser.py:120) -> pop widget QPushButton colorButton
2026-07-14 11:14:13,755 [DEBUG] (uiparser.py:128) -> new topwidget <client.windows.system.tags.tag_card.TagCard object at 0x0000025D6433E3F0>
2026-07-14 11:14:13,755 [DEBUG] (properties.py:415) -> setting property styleSheet
2026-07-14 11:14:13,755 [DEBUG] (properties.py:415) -> setting property text
2026-07-14 11:14:13,755 [DEBUG] (uiparser.py:106) -> push QLabel nameLabel
2026-07-14 11:14:13,755 [DEBUG] (uiparser.py:120) -> pop widget QLabel nameLabel
2026-07-14 11:14:13,755 [DEBUG] (uiparser.py:128) -> new topwidget <client.windows.system.tags.tag_card.TagCard object at 0x0000025D6433E3F0>
2026-07-14 11:14:13,755 [DEBUG] (properties.py:415) -> setting property styleSheet
2026-07-14 11:14:13,755 [DEBUG] (properties.py:415) -> setting property text
2026-07-14 11:14:13,755 [DEBUG] (uiparser.py:106) -> push QLabel countLabel
2026-07-14 11:14:13,755 [DEBUG] (uiparser.py:120) -> pop widget QLabel countLabel
2026-07-14 11:14:13,755 [DEBUG] (uiparser.py:128) -> new topwidget <client.windows.system.tags.tag_card.TagCard object at 0x0000025D6433E3F0>
2026-07-14 11:14:13,755 [DEBUG] (properties.py:415) -> setting property spacing
2026-07-14 11:14:13,755 [DEBUG] (properties.py:415) -> setting property pyuicSpacing
2026-07-14 11:14:13,755 [DEBUG] (uiparser.py:106) -> push QHBoxLayout buttonsLayout
2026-07-14 11:14:13,755 [DEBUG] (properties.py:415) -> setting property minimumSize
2026-07-14 11:14:13,755 [DEBUG] (properties.py:415) -> setting property maximumSize
2026-07-14 11:14:13,755 [DEBUG] (properties.py:415) -> setting property cursor
2026-07-14 11:14:13,755 [DEBUG] (properties.py:415) -> setting property styleSheet
2026-07-14 11:14:13,755 [DEBUG] (properties.py:415) -> setting property text
2026-07-14 11:14:13,755 [DEBUG] (uiparser.py:106) -> push QPushButton editBtn
2026-07-14 11:14:13,755 [DEBUG] (uiparser.py:120) -> pop widget QPushButton editBtn
2026-07-14 11:14:13,755 [DEBUG] (uiparser.py:128) -> new topwidget <client.windows.system.tags.tag_card.TagCard object at 0x0000025D6433E3F0>
2026-07-14 11:14:13,755 [DEBUG] (properties.py:415) -> setting property minimumSize
2026-07-14 11:14:13,755 [DEBUG] (properties.py:415) -> setting property maximumSize
2026-07-14 11:14:13,755 [DEBUG] (properties.py:415) -> setting property cursor
2026-07-14 11:14:13,756 [DEBUG] (properties.py:415) -> setting property styleSheet
2026-07-14 11:14:13,756 [DEBUG] (properties.py:415) -> setting property text
2026-07-14 11:14:13,756 [DEBUG] (uiparser.py:106) -> push QPushButton deleteBtn
2026-07-14 11:14:13,756 [DEBUG] (uiparser.py:120) -> pop widget QPushButton deleteBtn
2026-07-14 11:14:13,756 [DEBUG] (uiparser.py:128) -> new topwidget <client.windows.system.tags.tag_card.TagCard object at 0x0000025D6433E3F0>
2026-07-14 11:14:13,756 [DEBUG] (uiparser.py:114) -> pop layout QHBoxLayout buttonsLayout
2026-07-14 11:14:13,756 [DEBUG] (uiparser.py:114) -> pop layout QHBoxLayout horizontalLayout
2026-07-14 11:14:13,756 [DEBUG] (uiparser.py:120) -> pop widget TagCard TagCard
2026-07-14 11:14:13,756 [DEBUG] (uiparser.py:128) -> new topwidget None
2026-07-14 11:14:13,758 [DEBUG] (uiparser.py:838) -> toplevel widget is TagCard
2026-07-14 11:14:13,758 [DEBUG] (properties.py:415) -> setting property geometry
2026-07-14 11:14:13,758 [DEBUG] (properties.py:415) -> setting property minimumSize
2026-07-14 11:14:13,758 [DEBUG] (properties.py:415) -> setting property maximumSize
2026-07-14 11:14:13,758 [DEBUG] (properties.py:415) -> setting property styleSheet
2026-07-14 11:14:13,758 [DEBUG] (uiparser.py:106) -> push TagCard TagCard
2026-07-14 11:14:13,758 [DEBUG] (properties.py:415) -> setting property spacing
2026-07-14 11:14:13,758 [DEBUG] (properties.py:415) -> setting property leftMargin
2026-07-14 11:14:13,758 [DEBUG] (properties.py:415) -> setting property topMargin
2026-07-14 11:14:13,758 [DEBUG] (properties.py:415) -> setting property rightMargin
2026-07-14 11:14:13,758 [DEBUG] (properties.py:415) -> setting property bottomMargin
2026-07-14 11:14:13,758 [DEBUG] (properties.py:415) -> setting property pyuicMargins
2026-07-14 11:14:13,758 [DEBUG] (properties.py:415) -> setting property pyuicSpacing
2026-07-14 11:14:13,758 [DEBUG] (uiparser.py:106) -> push QHBoxLayout horizontalLayout
2026-07-14 11:14:13,758 [DEBUG] (properties.py:415) -> setting property minimumSize
2026-07-14 11:14:13,758 [DEBUG] (properties.py:415) -> setting property maximumSize
2026-07-14 11:14:13,758 [DEBUG] (properties.py:415) -> setting property cursor
2026-07-14 11:14:13,758 [DEBUG] (properties.py:415) -> setting property styleSheet
2026-07-14 11:14:13,758 [DEBUG] (properties.py:415) -> setting property text
2026-07-14 11:14:13,758 [DEBUG] (properties.py:415) -> setting property fixedSize
2026-07-14 11:14:13,758 [DEBUG] (uiparser.py:106) -> push QPushButton colorButton
2026-07-14 11:14:13,758 [DEBUG] (uiparser.py:120) -> pop widget QPushButton colorButton
2026-07-14 11:14:13,758 [DEBUG] (uiparser.py:128) -> new topwidget <client.windows.system.tags.tag_card.TagCard object at 0x0000025D6433E990>
2026-07-14 11:14:13,758 [DEBUG] (properties.py:415) -> setting property styleSheet
2026-07-14 11:14:13,758 [DEBUG] (properties.py:415) -> setting property text
2026-07-14 11:14:13,758 [DEBUG] (uiparser.py:106) -> push QLabel nameLabel
2026-07-14 11:14:13,758 [DEBUG] (uiparser.py:120) -> pop widget QLabel nameLabel
2026-07-14 11:14:13,758 [DEBUG] (uiparser.py:128) -> new topwidget <client.windows.system.tags.tag_card.TagCard object at 0x0000025D6433E990>
2026-07-14 11:14:13,758 [DEBUG] (properties.py:415) -> setting property styleSheet
2026-07-14 11:14:13,758 [DEBUG] (properties.py:415) -> setting property text
2026-07-14 11:14:13,758 [DEBUG] (uiparser.py:106) -> push QLabel countLabel
2026-07-14 11:14:13,758 [DEBUG] (uiparser.py:120) -> pop widget QLabel countLabel
2026-07-14 11:14:13,758 [DEBUG] (uiparser.py:128) -> new topwidget <client.windows.system.tags.tag_card.TagCard object at 0x0000025D6433E990>
2026-07-14 11:14:13,758 [DEBUG] (properties.py:415) -> setting property spacing
2026-07-14 11:14:13,758 [DEBUG] (properties.py:415) -> setting property pyuicSpacing
2026-07-14 11:14:13,758 [DEBUG] (uiparser.py:106) -> push QHBoxLayout buttonsLayout
2026-07-14 11:14:13,759 [DEBUG] (properties.py:415) -> setting property minimumSize
2026-07-14 11:14:13,759 [DEBUG] (properties.py:415) -> setting property maximumSize
2026-07-14 11:14:13,759 [DEBUG] (properties.py:415) -> setting property cursor
2026-07-14 11:14:13,759 [DEBUG] (properties.py:415) -> setting property styleSheet
2026-07-14 11:14:13,759 [DEBUG] (properties.py:415) -> setting property text
2026-07-14 11:14:13,759 [DEBUG] (uiparser.py:106) -> push QPushButton editBtn
2026-07-14 11:14:13,759 [DEBUG] (uiparser.py:120) -> pop widget QPushButton editBtn
2026-07-14 11:14:13,759 [DEBUG] (uiparser.py:128) -> new topwidget <client.windows.system.tags.tag_card.TagCard object at 0x0000025D6433E990>
2026-07-14 11:14:13,759 [DEBUG] (properties.py:415) -> setting property minimumSize
2026-07-14 11:14:13,759 [DEBUG] (properties.py:415) -> setting property maximumSize
2026-07-14 11:14:13,759 [DEBUG] (properties.py:415) -> setting property cursor
2026-07-14 11:14:13,764 [DEBUG] (properties.py:415) -> setting property styleSheet
2026-07-14 11:14:13,764 [DEBUG] (properties.py:415) -> setting property text
2026-07-14 11:14:13,764 [DEBUG] (uiparser.py:106) -> push QPushButton deleteBtn
2026-07-14 11:14:13,764 [DEBUG] (uiparser.py:120) -> pop widget QPushButton deleteBtn
2026-07-14 11:14:13,764 [DEBUG] (uiparser.py:128) -> new topwidget <client.windows.system.tags.tag_card.TagCard object at 0x0000025D6433E990>
2026-07-14 11:14:13,764 [DEBUG] (uiparser.py:114) -> pop layout QHBoxLayout buttonsLayout
2026-07-14 11:14:13,764 [DEBUG] (uiparser.py:114) -> pop layout QHBoxLayout horizontalLayout
2026-07-14 11:14:13,764 [DEBUG] (uiparser.py:120) -> pop widget TagCard TagCard
2026-07-14 11:14:13,764 [DEBUG] (uiparser.py:128) -> new topwidget None
2026-07-14 11:14:13,766 [DEBUG] (uiparser.py:838) -> toplevel widget is TagCard
2026-07-14 11:14:13,766 [DEBUG] (properties.py:415) -> setting property geometry
2026-07-14 11:14:13,766 [DEBUG] (properties.py:415) -> setting property minimumSize
2026-07-14 11:14:13,766 [DEBUG] (properties.py:415) -> setting property maximumSize
2026-07-14 11:14:13,766 [DEBUG] (properties.py:415) -> setting property styleSheet
2026-07-14 11:14:13,766 [DEBUG] (uiparser.py:106) -> push TagCard TagCard
2026-07-14 11:14:13,767 [DEBUG] (properties.py:415) -> setting property spacing
2026-07-14 11:14:13,767 [DEBUG] (properties.py:415) -> setting property leftMargin
2026-07-14 11:14:13,767 [DEBUG] (properties.py:415) -> setting property topMargin
2026-07-14 11:14:13,767 [DEBUG] (properties.py:415) -> setting property rightMargin
2026-07-14 11:14:13,767 [DEBUG] (properties.py:415) -> setting property bottomMargin
2026-07-14 11:14:13,767 [DEBUG] (properties.py:415) -> setting property pyuicMargins
2026-07-14 11:14:13,767 [DEBUG] (properties.py:415) -> setting property pyuicSpacing
2026-07-14 11:14:13,767 [DEBUG] (uiparser.py:106) -> push QHBoxLayout horizontalLayout
2026-07-14 11:14:13,767 [DEBUG] (properties.py:415) -> setting property minimumSize
2026-07-14 11:14:13,767 [DEBUG] (properties.py:415) -> setting property maximumSize
2026-07-14 11:14:13,767 [DEBUG] (properties.py:415) -> setting property cursor
2026-07-14 11:14:13,767 [DEBUG] (properties.py:415) -> setting property styleSheet
2026-07-14 11:14:13,767 [DEBUG] (properties.py:415) -> setting property text
2026-07-14 11:14:13,767 [DEBUG] (properties.py:415) -> setting property fixedSize
2026-07-14 11:14:13,767 [DEBUG] (uiparser.py:106) -> push QPushButton colorButton
2026-07-14 11:14:13,767 [DEBUG] (uiparser.py:120) -> pop widget QPushButton colorButton
2026-07-14 11:14:13,767 [DEBUG] (uiparser.py:128) -> new topwidget <client.windows.system.tags.tag_card.TagCard object at 0x0000025D6433EF30>
2026-07-14 11:14:13,767 [DEBUG] (properties.py:415) -> setting property styleSheet
2026-07-14 11:14:13,767 [DEBUG] (properties.py:415) -> setting property text
2026-07-14 11:14:13,767 [DEBUG] (uiparser.py:106) -> push QLabel nameLabel
2026-07-14 11:14:13,767 [DEBUG] (uiparser.py:120) -> pop widget QLabel nameLabel
2026-07-14 11:14:13,767 [DEBUG] (uiparser.py:128) -> new topwidget <client.windows.system.tags.tag_card.TagCard object at 0x0000025D6433EF30>
2026-07-14 11:14:13,767 [DEBUG] (properties.py:415) -> setting property styleSheet
2026-07-14 11:14:13,767 [DEBUG] (properties.py:415) -> setting property text
2026-07-14 11:14:13,767 [DEBUG] (uiparser.py:106) -> push QLabel countLabel
2026-07-14 11:14:13,767 [DEBUG] (uiparser.py:120) -> pop widget QLabel countLabel
2026-07-14 11:14:13,767 [DEBUG] (uiparser.py:128) -> new topwidget <client.windows.system.tags.tag_card.TagCard object at 0x0000025D6433EF30>
2026-07-14 11:14:13,767 [DEBUG] (properties.py:415) -> setting property spacing
2026-07-14 11:14:13,767 [DEBUG] (properties.py:415) -> setting property pyuicSpacing
2026-07-14 11:14:13,767 [DEBUG] (uiparser.py:106) -> push QHBoxLayout buttonsLayout
2026-07-14 11:14:13,767 [DEBUG] (properties.py:415) -> setting property minimumSize
2026-07-14 11:14:13,767 [DEBUG] (properties.py:415) -> setting property maximumSize
2026-07-14 11:14:13,767 [DEBUG] (properties.py:415) -> setting property cursor
2026-07-14 11:14:13,767 [DEBUG] (properties.py:415) -> setting property styleSheet
2026-07-14 11:14:13,767 [DEBUG] (properties.py:415) -> setting property text
2026-07-14 11:14:13,768 [DEBUG] (uiparser.py:106) -> push QPushButton editBtn
2026-07-14 11:14:13,768 [DEBUG] (uiparser.py:120) -> pop widget QPushButton editBtn
2026-07-14 11:14:13,768 [DEBUG] (uiparser.py:128) -> new topwidget <client.windows.system.tags.tag_card.TagCard object at 0x0000025D6433EF30>
2026-07-14 11:14:13,768 [DEBUG] (properties.py:415) -> setting property minimumSize
2026-07-14 11:14:13,768 [DEBUG] (properties.py:415) -> setting property maximumSize
2026-07-14 11:14:13,768 [DEBUG] (properties.py:415) -> setting property cursor
2026-07-14 11:14:13,772 [DEBUG] (properties.py:415) -> setting property styleSheet
2026-07-14 11:14:13,772 [DEBUG] (properties.py:415) -> setting property text
2026-07-14 11:14:13,772 [DEBUG] (uiparser.py:106) -> push QPushButton deleteBtn
2026-07-14 11:14:13,772 [DEBUG] (uiparser.py:120) -> pop widget QPushButton deleteBtn
2026-07-14 11:14:13,772 [DEBUG] (uiparser.py:128) -> new topwidget <client.windows.system.tags.tag_card.TagCard object at 0x0000025D6433EF30>
2026-07-14 11:14:13,772 [DEBUG] (uiparser.py:114) -> pop layout QHBoxLayout buttonsLayout
2026-07-14 11:14:13,772 [DEBUG] (uiparser.py:114) -> pop layout QHBoxLayout horizontalLayout
2026-07-14 11:14:13,772 [DEBUG] (uiparser.py:120) -> pop widget TagCard TagCard
2026-07-14 11:14:13,772 [DEBUG] (uiparser.py:128) -> new topwidget None
2026-07-14 11:14:13,773 [DEBUG] (uiparser.py:838) -> toplevel widget is TagCard
2026-07-14 11:14:13,773 [DEBUG] (properties.py:415) -> setting property geometry
2026-07-14 11:14:13,773 [DEBUG] (properties.py:415) -> setting property minimumSize
2026-07-14 11:14:13,773 [DEBUG] (properties.py:415) -> setting property maximumSize
2026-07-14 11:14:13,773 [DEBUG] (properties.py:415) -> setting property styleSheet
2026-07-14 11:14:13,774 [DEBUG] (uiparser.py:106) -> push TagCard TagCard
2026-07-14 11:14:13,774 [DEBUG] (properties.py:415) -> setting property spacing
2026-07-14 11:14:13,774 [DEBUG] (properties.py:415) -> setting property leftMargin
2026-07-14 11:14:13,774 [DEBUG] (properties.py:415) -> setting property topMargin
2026-07-14 11:14:13,774 [DEBUG] (properties.py:415) -> setting property rightMargin
2026-07-14 11:14:13,774 [DEBUG] (properties.py:415) -> setting property bottomMargin
2026-07-14 11:14:13,774 [DEBUG] (properties.py:415) -> setting property pyuicMargins
2026-07-14 11:14:13,774 [DEBUG] (properties.py:415) -> setting property pyuicSpacing
2026-07-14 11:14:13,774 [DEBUG] (uiparser.py:106) -> push QHBoxLayout horizontalLayout
2026-07-14 11:14:13,774 [DEBUG] (properties.py:415) -> setting property minimumSize
2026-07-14 11:14:13,774 [DEBUG] (properties.py:415) -> setting property maximumSize
2026-07-14 11:14:13,774 [DEBUG] (properties.py:415) -> setting property cursor
2026-07-14 11:14:13,774 [DEBUG] (properties.py:415) -> setting property styleSheet
2026-07-14 11:14:13,774 [DEBUG] (properties.py:415) -> setting property text
2026-07-14 11:14:13,774 [DEBUG] (properties.py:415) -> setting property fixedSize
2026-07-14 11:14:13,774 [DEBUG] (uiparser.py:106) -> push QPushButton colorButton
2026-07-14 11:14:13,774 [DEBUG] (uiparser.py:120) -> pop widget QPushButton colorButton
2026-07-14 11:14:13,774 [DEBUG] (uiparser.py:128) -> new topwidget <client.windows.system.tags.tag_card.TagCard object at 0x0000025D6433F4D0>
2026-07-14 11:14:13,774 [DEBUG] (properties.py:415) -> setting property styleSheet
2026-07-14 11:14:13,774 [DEBUG] (properties.py:415) -> setting property text
2026-07-14 11:14:13,774 [DEBUG] (uiparser.py:106) -> push QLabel nameLabel
2026-07-14 11:14:13,774 [DEBUG] (uiparser.py:120) -> pop widget QLabel nameLabel
2026-07-14 11:14:13,774 [DEBUG] (uiparser.py:128) -> new topwidget <client.windows.system.tags.tag_card.TagCard object at 0x0000025D6433F4D0>
2026-07-14 11:14:13,774 [DEBUG] (properties.py:415) -> setting property styleSheet
2026-07-14 11:14:13,774 [DEBUG] (properties.py:415) -> setting property text
2026-07-14 11:14:13,774 [DEBUG] (uiparser.py:106) -> push QLabel countLabel
2026-07-14 11:14:13,774 [DEBUG] (uiparser.py:120) -> pop widget QLabel countLabel
2026-07-14 11:14:13,774 [DEBUG] (uiparser.py:128) -> new topwidget <client.windows.system.tags.tag_card.TagCard object at 0x0000025D6433F4D0>
2026-07-14 11:14:13,774 [DEBUG] (properties.py:415) -> setting property spacing
2026-07-14 11:14:13,774 [DEBUG] (properties.py:415) -> setting property pyuicSpacing
2026-07-14 11:14:13,774 [DEBUG] (uiparser.py:106) -> push QHBoxLayout buttonsLayout
2026-07-14 11:14:13,774 [DEBUG] (properties.py:415) -> setting property minimumSize
2026-07-14 11:14:13,774 [DEBUG] (properties.py:415) -> setting property maximumSize
2026-07-14 11:14:13,774 [DEBUG] (properties.py:415) -> setting property cursor
2026-07-14 11:14:13,774 [DEBUG] (properties.py:415) -> setting property styleSheet
2026-07-14 11:14:13,774 [DEBUG] (properties.py:415) -> setting property text
2026-07-14 11:14:13,774 [DEBUG] (uiparser.py:106) -> push QPushButton editBtn
2026-07-14 11:14:13,774 [DEBUG] (uiparser.py:120) -> pop widget QPushButton editBtn
2026-07-14 11:14:13,774 [DEBUG] (uiparser.py:128) -> new topwidget <client.windows.system.tags.tag_card.TagCard object at 0x0000025D6433F4D0>
2026-07-14 11:14:13,774 [DEBUG] (properties.py:415) -> setting property minimumSize
2026-07-14 11:14:13,774 [DEBUG] (properties.py:415) -> setting property maximumSize
2026-07-14 11:14:13,774 [DEBUG] (properties.py:415) -> setting property cursor
2026-07-14 11:14:13,774 [DEBUG] (properties.py:415) -> setting property styleSheet
2026-07-14 11:14:13,775 [DEBUG] (properties.py:415) -> setting property text
2026-07-14 11:14:13,775 [DEBUG] (uiparser.py:106) -> push QPushButton deleteBtn
2026-07-14 11:14:13,775 [DEBUG] (uiparser.py:120) -> pop widget QPushButton deleteBtn
2026-07-14 11:14:13,775 [DEBUG] (uiparser.py:128) -> new topwidget <client.windows.system.tags.tag_card.TagCard object at 0x0000025D6433F4D0>
2026-07-14 11:14:13,775 [DEBUG] (uiparser.py:114) -> pop layout QHBoxLayout buttonsLayout
2026-07-14 11:14:13,775 [DEBUG] (uiparser.py:114) -> pop layout QHBoxLayout horizontalLayout
2026-07-14 11:14:13,775 [DEBUG] (uiparser.py:120) -> pop widget TagCard TagCard
2026-07-14 11:14:13,775 [DEBUG] (uiparser.py:128) -> new topwidget None
2026-07-14 11:14:13,776 [DEBUG] (uiparser.py:838) -> toplevel widget is TagCard
2026-07-14 11:14:13,776 [DEBUG] (properties.py:415) -> setting property geometry
2026-07-14 11:14:13,776 [DEBUG] (properties.py:415) -> setting property minimumSize
2026-07-14 11:14:13,776 [DEBUG] (properties.py:415) -> setting property maximumSize
2026-07-14 11:14:13,776 [DEBUG] (properties.py:415) -> setting property styleSheet
2026-07-14 11:14:13,776 [DEBUG] (uiparser.py:106) -> push TagCard TagCard
2026-07-14 11:14:13,776 [DEBUG] (properties.py:415) -> setting property spacing
2026-07-14 11:14:13,776 [DEBUG] (properties.py:415) -> setting property leftMargin
2026-07-14 11:14:13,776 [DEBUG] (properties.py:415) -> setting property topMargin
2026-07-14 11:14:13,776 [DEBUG] (properties.py:415) -> setting property rightMargin
2026-07-14 11:14:13,776 [DEBUG] (properties.py:415) -> setting property bottomMargin
2026-07-14 11:14:13,776 [DEBUG] (properties.py:415) -> setting property pyuicMargins
2026-07-14 11:14:13,776 [DEBUG] (properties.py:415) -> setting property pyuicSpacing
2026-07-14 11:14:13,776 [DEBUG] (uiparser.py:106) -> push QHBoxLayout horizontalLayout
2026-07-14 11:14:13,776 [DEBUG] (properties.py:415) -> setting property minimumSize
2026-07-14 11:14:13,776 [DEBUG] (properties.py:415) -> setting property maximumSize
2026-07-14 11:14:13,776 [DEBUG] (properties.py:415) -> setting property cursor
2026-07-14 11:14:13,776 [DEBUG] (properties.py:415) -> setting property styleSheet
2026-07-14 11:14:13,776 [DEBUG] (properties.py:415) -> setting property text
2026-07-14 11:14:13,776 [DEBUG] (properties.py:415) -> setting property fixedSize
2026-07-14 11:14:13,776 [DEBUG] (uiparser.py:106) -> push QPushButton colorButton
2026-07-14 11:14:13,776 [DEBUG] (uiparser.py:120) -> pop widget QPushButton colorButton
2026-07-14 11:14:13,777 [DEBUG] (uiparser.py:128) -> new topwidget <client.windows.system.tags.tag_card.TagCard object at 0x0000025D6433FA70>
2026-07-14 11:14:13,777 [DEBUG] (properties.py:415) -> setting property styleSheet
2026-07-14 11:14:13,777 [DEBUG] (properties.py:415) -> setting property text
2026-07-14 11:14:13,777 [DEBUG] (uiparser.py:106) -> push QLabel nameLabel
2026-07-14 11:14:13,777 [DEBUG] (uiparser.py:120) -> pop widget QLabel nameLabel
2026-07-14 11:14:13,777 [DEBUG] (uiparser.py:128) -> new topwidget <client.windows.system.tags.tag_card.TagCard object at 0x0000025D6433FA70>
2026-07-14 11:14:13,777 [DEBUG] (properties.py:415) -> setting property styleSheet
2026-07-14 11:14:13,777 [DEBUG] (properties.py:415) -> setting property text
2026-07-14 11:14:13,777 [DEBUG] (uiparser.py:106) -> push QLabel countLabel
2026-07-14 11:14:13,777 [DEBUG] (uiparser.py:120) -> pop widget QLabel countLabel
2026-07-14 11:14:13,777 [DEBUG] (uiparser.py:128) -> new topwidget <client.windows.system.tags.tag_card.TagCard object at 0x0000025D6433FA70>
2026-07-14 11:14:13,777 [DEBUG] (properties.py:415) -> setting property spacing
2026-07-14 11:14:13,777 [DEBUG] (properties.py:415) -> setting property pyuicSpacing
2026-07-14 11:14:13,777 [DEBUG] (uiparser.py:106) -> push QHBoxLayout buttonsLayout
2026-07-14 11:14:13,777 [DEBUG] (properties.py:415) -> setting property minimumSize
2026-07-14 11:14:13,777 [DEBUG] (properties.py:415) -> setting property maximumSize
2026-07-14 11:14:13,777 [DEBUG] (properties.py:415) -> setting property cursor
2026-07-14 11:14:13,777 [DEBUG] (properties.py:415) -> setting property styleSheet
2026-07-14 11:14:13,777 [DEBUG] (properties.py:415) -> setting property text
2026-07-14 11:14:13,777 [DEBUG] (uiparser.py:106) -> push QPushButton editBtn
2026-07-14 11:14:13,777 [DEBUG] (uiparser.py:120) -> pop widget QPushButton editBtn
2026-07-14 11:14:13,777 [DEBUG] (uiparser.py:128) -> new topwidget <client.windows.system.tags.tag_card.TagCard object at 0x0000025D6433FA70>
2026-07-14 11:14:13,777 [DEBUG] (properties.py:415) -> setting property minimumSize
2026-07-14 11:14:13,777 [DEBUG] (properties.py:415) -> setting property maximumSize
2026-07-14 11:14:13,777 [DEBUG] (properties.py:415) -> setting property cursor
2026-07-14 11:14:13,777 [DEBUG] (properties.py:415) -> setting property styleSheet
2026-07-14 11:14:13,777 [DEBUG] (properties.py:415) -> setting property text
2026-07-14 11:14:13,777 [DEBUG] (uiparser.py:106) -> push QPushButton deleteBtn
2026-07-14 11:14:13,777 [DEBUG] (uiparser.py:120) -> pop widget QPushButton deleteBtn
2026-07-14 11:14:13,777 [DEBUG] (uiparser.py:128) -> new topwidget <client.windows.system.tags.tag_card.TagCard object at 0x0000025D6433FA70>
2026-07-14 11:14:13,777 [DEBUG] (uiparser.py:114) -> pop layout QHBoxLayout buttonsLayout
2026-07-14 11:14:13,777 [DEBUG] (uiparser.py:114) -> pop layout QHBoxLayout horizontalLayout
2026-07-14 11:14:13,777 [DEBUG] (uiparser.py:120) -> pop widget TagCard TagCard
2026-07-14 11:14:13,777 [DEBUG] (uiparser.py:128) -> new topwidget None
2026-07-14 11:14:13,779 [DEBUG] (uiparser.py:838) -> toplevel widget is TagCard
2026-07-14 11:14:13,779 [DEBUG] (properties.py:415) -> setting property geometry
2026-07-14 11:14:13,779 [DEBUG] (properties.py:415) -> setting property minimumSize
2026-07-14 11:14:13,779 [DEBUG] (properties.py:415) -> setting property maximumSize
2026-07-14 11:14:13,779 [DEBUG] (properties.py:415) -> setting property styleSheet
2026-07-14 11:14:13,779 [DEBUG] (uiparser.py:106) -> push TagCard TagCard
2026-07-14 11:14:13,779 [DEBUG] (properties.py:415) -> setting property spacing
2026-07-14 11:14:13,779 [DEBUG] (properties.py:415) -> setting property leftMargin
2026-07-14 11:14:13,779 [DEBUG] (properties.py:415) -> setting property topMargin
2026-07-14 11:14:13,779 [DEBUG] (properties.py:415) -> setting property rightMargin
2026-07-14 11:14:13,779 [DEBUG] (properties.py:415) -> setting property bottomMargin
2026-07-14 11:14:13,779 [DEBUG] (properties.py:415) -> setting property pyuicMargins
2026-07-14 11:14:13,779 [DEBUG] (properties.py:415) -> setting property pyuicSpacing
2026-07-14 11:14:13,779 [DEBUG] (uiparser.py:106) -> push QHBoxLayout horizontalLayout
2026-07-14 11:14:13,779 [DEBUG] (properties.py:415) -> setting property minimumSize
2026-07-14 11:14:13,779 [DEBUG] (properties.py:415) -> setting property maximumSize
2026-07-14 11:14:13,779 [DEBUG] (properties.py:415) -> setting property cursor
2026-07-14 11:14:13,779 [DEBUG] (properties.py:415) -> setting property styleSheet
2026-07-14 11:14:13,779 [DEBUG] (properties.py:415) -> setting property text
2026-07-14 11:14:13,779 [DEBUG] (properties.py:415) -> setting property fixedSize
2026-07-14 11:14:13,779 [DEBUG] (uiparser.py:106) -> push QPushButton colorButton
2026-07-14 11:14:13,779 [DEBUG] (uiparser.py:120) -> pop widget QPushButton colorButton
2026-07-14 11:14:13,779 [DEBUG] (uiparser.py:128) -> new topwidget <client.windows.system.tags.tag_card.TagCard object at 0x0000025D64344050>
2026-07-14 11:14:13,779 [DEBUG] (properties.py:415) -> setting property styleSheet
2026-07-14 11:14:13,779 [DEBUG] (properties.py:415) -> setting property text
2026-07-14 11:14:13,779 [DEBUG] (uiparser.py:106) -> push QLabel nameLabel
2026-07-14 11:14:13,779 [DEBUG] (uiparser.py:120) -> pop widget QLabel nameLabel
2026-07-14 11:14:13,779 [DEBUG] (uiparser.py:128) -> new topwidget <client.windows.system.tags.tag_card.TagCard object at 0x0000025D64344050>
2026-07-14 11:14:13,779 [DEBUG] (properties.py:415) -> setting property styleSheet
2026-07-14 11:14:13,779 [DEBUG] (properties.py:415) -> setting property text
2026-07-14 11:14:13,779 [DEBUG] (uiparser.py:106) -> push QLabel countLabel
2026-07-14 11:14:13,779 [DEBUG] (uiparser.py:120) -> pop widget QLabel countLabel
2026-07-14 11:14:13,779 [DEBUG] (uiparser.py:128) -> new topwidget <client.windows.system.tags.tag_card.TagCard object at 0x0000025D64344050>
2026-07-14 11:14:13,779 [DEBUG] (properties.py:415) -> setting property spacing
2026-07-14 11:14:13,779 [DEBUG] (properties.py:415) -> setting property pyuicSpacing
2026-07-14 11:14:13,779 [DEBUG] (uiparser.py:106) -> push QHBoxLayout buttonsLayout
2026-07-14 11:14:13,779 [DEBUG] (properties.py:415) -> setting property minimumSize
2026-07-14 11:14:13,780 [DEBUG] (properties.py:415) -> setting property maximumSize
2026-07-14 11:14:13,780 [DEBUG] (properties.py:415) -> setting property cursor
2026-07-14 11:14:13,780 [DEBUG] (properties.py:415) -> setting property styleSheet
2026-07-14 11:14:13,780 [DEBUG] (properties.py:415) -> setting property text
2026-07-14 11:14:13,780 [DEBUG] (uiparser.py:106) -> push QPushButton editBtn
2026-07-14 11:14:13,780 [DEBUG] (uiparser.py:120) -> pop widget QPushButton editBtn
2026-07-14 11:14:13,780 [DEBUG] (uiparser.py:128) -> new topwidget <client.windows.system.tags.tag_card.TagCard object at 0x0000025D64344050>
2026-07-14 11:14:13,780 [DEBUG] (properties.py:415) -> setting property minimumSize
2026-07-14 11:14:13,780 [DEBUG] (properties.py:415) -> setting property maximumSize
2026-07-14 11:14:13,780 [DEBUG] (properties.py:415) -> setting property cursor
2026-07-14 11:14:13,780 [DEBUG] (properties.py:415) -> setting property styleSheet
2026-07-14 11:14:13,780 [DEBUG] (properties.py:415) -> setting property text
2026-07-14 11:14:13,780 [DEBUG] (uiparser.py:106) -> push QPushButton deleteBtn
2026-07-14 11:14:13,780 [DEBUG] (uiparser.py:120) -> pop widget QPushButton deleteBtn
2026-07-14 11:14:13,780 [DEBUG] (uiparser.py:128) -> new topwidget <client.windows.system.tags.tag_card.TagCard object at 0x0000025D64344050>
2026-07-14 11:14:13,780 [DEBUG] (uiparser.py:114) -> pop layout QHBoxLayout buttonsLayout
2026-07-14 11:14:13,780 [DEBUG] (uiparser.py:114) -> pop layout QHBoxLayout horizontalLayout
2026-07-14 11:14:13,780 [DEBUG] (uiparser.py:120) -> pop widget TagCard TagCard
2026-07-14 11:14:13,780 [DEBUG] (uiparser.py:128) -> new topwidget None
2026-07-14 11:14:13,781 [DEBUG] (uiparser.py:838) -> toplevel widget is TagCard
2026-07-14 11:14:13,781 [DEBUG] (properties.py:415) -> setting property geometry
2026-07-14 11:14:13,781 [DEBUG] (properties.py:415) -> setting property minimumSize
2026-07-14 11:14:13,781 [DEBUG] (properties.py:415) -> setting property maximumSize
2026-07-14 11:14:13,781 [DEBUG] (properties.py:415) -> setting property styleSheet
2026-07-14 11:14:13,781 [DEBUG] (uiparser.py:106) -> push TagCard TagCard
2026-07-14 11:14:13,781 [DEBUG] (properties.py:415) -> setting property spacing
2026-07-14 11:14:13,781 [DEBUG] (properties.py:415) -> setting property leftMargin
2026-07-14 11:14:13,781 [DEBUG] (properties.py:415) -> setting property topMargin
2026-07-14 11:14:13,781 [DEBUG] (properties.py:415) -> setting property rightMargin
2026-07-14 11:14:13,781 [DEBUG] (properties.py:415) -> setting property bottomMargin
2026-07-14 11:14:13,782 [DEBUG] (properties.py:415) -> setting property pyuicMargins
2026-07-14 11:14:13,782 [DEBUG] (properties.py:415) -> setting property pyuicSpacing
2026-07-14 11:14:13,782 [DEBUG] (uiparser.py:106) -> push QHBoxLayout horizontalLayout
2026-07-14 11:14:13,782 [DEBUG] (properties.py:415) -> setting property minimumSize
2026-07-14 11:14:13,782 [DEBUG] (properties.py:415) -> setting property maximumSize
2026-07-14 11:14:13,782 [DEBUG] (properties.py:415) -> setting property cursor
2026-07-14 11:14:13,782 [DEBUG] (properties.py:415) -> setting property styleSheet
2026-07-14 11:14:13,782 [DEBUG] (properties.py:415) -> setting property text
2026-07-14 11:14:13,782 [DEBUG] (properties.py:415) -> setting property fixedSize
2026-07-14 11:14:13,782 [DEBUG] (uiparser.py:106) -> push QPushButton colorButton
2026-07-14 11:14:13,782 [DEBUG] (uiparser.py:120) -> pop widget QPushButton colorButton
2026-07-14 11:14:13,782 [DEBUG] (uiparser.py:128) -> new topwidget <client.windows.system.tags.tag_card.TagCard object at 0x0000025D643445F0>
2026-07-14 11:14:13,782 [DEBUG] (properties.py:415) -> setting property styleSheet
2026-07-14 11:14:13,782 [DEBUG] (properties.py:415) -> setting property text
2026-07-14 11:14:13,782 [DEBUG] (uiparser.py:106) -> push QLabel nameLabel
2026-07-14 11:14:13,782 [DEBUG] (uiparser.py:120) -> pop widget QLabel nameLabel
2026-07-14 11:14:13,782 [DEBUG] (uiparser.py:128) -> new topwidget <client.windows.system.tags.tag_card.TagCard object at 0x0000025D643445F0>
2026-07-14 11:14:13,782 [DEBUG] (properties.py:415) -> setting property styleSheet
2026-07-14 11:14:13,782 [DEBUG] (properties.py:415) -> setting property text
2026-07-14 11:14:13,782 [DEBUG] (uiparser.py:106) -> push QLabel countLabel
2026-07-14 11:14:13,782 [DEBUG] (uiparser.py:120) -> pop widget QLabel countLabel
2026-07-14 11:14:13,782 [DEBUG] (uiparser.py:128) -> new topwidget <client.windows.system.tags.tag_card.TagCard object at 0x0000025D643445F0>
2026-07-14 11:14:13,782 [DEBUG] (properties.py:415) -> setting property spacing
2026-07-14 11:14:13,782 [DEBUG] (properties.py:415) -> setting property pyuicSpacing
2026-07-14 11:14:13,782 [DEBUG] (uiparser.py:106) -> push QHBoxLayout buttonsLayout
2026-07-14 11:14:13,782 [DEBUG] (properties.py:415) -> setting property minimumSize
2026-07-14 11:14:13,782 [DEBUG] (properties.py:415) -> setting property maximumSize
2026-07-14 11:14:13,782 [DEBUG] (properties.py:415) -> setting property cursor
2026-07-14 11:14:13,782 [DEBUG] (properties.py:415) -> setting property styleSheet
2026-07-14 11:14:13,782 [DEBUG] (properties.py:415) -> setting property text
2026-07-14 11:14:13,782 [DEBUG] (uiparser.py:106) -> push QPushButton editBtn
2026-07-14 11:14:13,782 [DEBUG] (uiparser.py:120) -> pop widget QPushButton editBtn
2026-07-14 11:14:13,782 [DEBUG] (uiparser.py:128) -> new topwidget <client.windows.system.tags.tag_card.TagCard object at 0x0000025D643445F0>
2026-07-14 11:14:13,782 [DEBUG] (properties.py:415) -> setting property minimumSize
2026-07-14 11:14:13,782 [DEBUG] (properties.py:415) -> setting property maximumSize
2026-07-14 11:14:13,782 [DEBUG] (properties.py:415) -> setting property cursor
2026-07-14 11:14:13,782 [DEBUG] (properties.py:415) -> setting property styleSheet
2026-07-14 11:14:13,782 [DEBUG] (properties.py:415) -> setting property text
2026-07-14 11:14:13,782 [DEBUG] (uiparser.py:106) -> push QPushButton deleteBtn
2026-07-14 11:14:13,782 [DEBUG] (uiparser.py:120) -> pop widget QPushButton deleteBtn
2026-07-14 11:14:13,782 [DEBUG] (uiparser.py:128) -> new topwidget <client.windows.system.tags.tag_card.TagCard object at 0x0000025D643445F0>
2026-07-14 11:14:13,782 [DEBUG] (uiparser.py:114) -> pop layout QHBoxLayout buttonsLayout
2026-07-14 11:14:13,782 [DEBUG] (uiparser.py:114) -> pop layout QHBoxLayout horizontalLayout
2026-07-14 11:14:13,782 [DEBUG] (uiparser.py:120) -> pop widget TagCard TagCard
2026-07-14 11:14:13,782 [DEBUG] (uiparser.py:128) -> new topwidget None
2026-07-14 11:14:13,784 [DEBUG] (uiparser.py:838) -> toplevel widget is TagCard
2026-07-14 11:14:13,784 [DEBUG] (properties.py:415) -> setting property geometry
2026-07-14 11:14:13,784 [DEBUG] (properties.py:415) -> setting property minimumSize
2026-07-14 11:14:13,784 [DEBUG] (properties.py:415) -> setting property maximumSize
2026-07-14 11:14:13,784 [DEBUG] (properties.py:415) -> setting property styleSheet
2026-07-14 11:14:13,784 [DEBUG] (uiparser.py:106) -> push TagCard TagCard
2026-07-14 11:14:13,784 [DEBUG] (properties.py:415) -> setting property spacing
2026-07-14 11:14:13,784 [DEBUG] (properties.py:415) -> setting property leftMargin
2026-07-14 11:14:13,784 [DEBUG] (properties.py:415) -> setting property topMargin
2026-07-14 11:14:13,784 [DEBUG] (properties.py:415) -> setting property rightMargin
2026-07-14 11:14:13,784 [DEBUG] (properties.py:415) -> setting property bottomMargin
2026-07-14 11:14:13,784 [DEBUG] (properties.py:415) -> setting property pyuicMargins
2026-07-14 11:14:13,784 [DEBUG] (properties.py:415) -> setting property pyuicSpacing
2026-07-14 11:14:13,784 [DEBUG] (uiparser.py:106) -> push QHBoxLayout horizontalLayout
2026-07-14 11:14:13,784 [DEBUG] (properties.py:415) -> setting property minimumSize
2026-07-14 11:14:13,784 [DEBUG] (properties.py:415) -> setting property maximumSize
2026-07-14 11:14:13,784 [DEBUG] (properties.py:415) -> setting property cursor
2026-07-14 11:14:13,784 [DEBUG] (properties.py:415) -> setting property styleSheet
2026-07-14 11:14:13,784 [DEBUG] (properties.py:415) -> setting property text
2026-07-14 11:14:13,784 [DEBUG] (properties.py:415) -> setting property fixedSize
2026-07-14 11:14:13,784 [DEBUG] (uiparser.py:106) -> push QPushButton colorButton
2026-07-14 11:14:13,784 [DEBUG] (uiparser.py:120) -> pop widget QPushButton colorButton
2026-07-14 11:14:13,784 [DEBUG] (uiparser.py:128) -> new topwidget <client.windows.system.tags.tag_card.TagCard object at 0x0000025D64344B90>
2026-07-14 11:14:13,784 [DEBUG] (properties.py:415) -> setting property styleSheet
2026-07-14 11:14:13,784 [DEBUG] (properties.py:415) -> setting property text
2026-07-14 11:14:13,784 [DEBUG] (uiparser.py:106) -> push QLabel nameLabel
2026-07-14 11:14:13,784 [DEBUG] (uiparser.py:120) -> pop widget QLabel nameLabel
2026-07-14 11:14:13,784 [DEBUG] (uiparser.py:128) -> new topwidget <client.windows.system.tags.tag_card.TagCard object at 0x0000025D64344B90>
2026-07-14 11:14:13,784 [DEBUG] (properties.py:415) -> setting property styleSheet
2026-07-14 11:14:13,784 [DEBUG] (properties.py:415) -> setting property text
2026-07-14 11:14:13,784 [DEBUG] (uiparser.py:106) -> push QLabel countLabel
2026-07-14 11:14:13,784 [DEBUG] (uiparser.py:120) -> pop widget QLabel countLabel
2026-07-14 11:14:13,784 [DEBUG] (uiparser.py:128) -> new topwidget <client.windows.system.tags.tag_card.TagCard object at 0x0000025D64344B90>
2026-07-14 11:14:13,785 [DEBUG] (properties.py:415) -> setting property spacing
2026-07-14 11:14:13,785 [DEBUG] (properties.py:415) -> setting property pyuicSpacing
2026-07-14 11:14:13,785 [DEBUG] (uiparser.py:106) -> push QHBoxLayout buttonsLayout
2026-07-14 11:14:13,785 [DEBUG] (properties.py:415) -> setting property minimumSize
2026-07-14 11:14:13,785 [DEBUG] (properties.py:415) -> setting property maximumSize
2026-07-14 11:14:13,785 [DEBUG] (properties.py:415) -> setting property cursor
2026-07-14 11:14:13,785 [DEBUG] (properties.py:415) -> setting property styleSheet
2026-07-14 11:14:13,785 [DEBUG] (properties.py:415) -> setting property text
2026-07-14 11:14:13,785 [DEBUG] (uiparser.py:106) -> push QPushButton editBtn
2026-07-14 11:14:13,785 [DEBUG] (uiparser.py:120) -> pop widget QPushButton editBtn
2026-07-14 11:14:13,785 [DEBUG] (uiparser.py:128) -> new topwidget <client.windows.system.tags.tag_card.TagCard object at 0x0000025D64344B90>
2026-07-14 11:14:13,785 [DEBUG] (properties.py:415) -> setting property minimumSize
2026-07-14 11:14:13,785 [DEBUG] (properties.py:415) -> setting property maximumSize
2026-07-14 11:14:13,785 [DEBUG] (properties.py:415) -> setting property cursor
2026-07-14 11:14:13,785 [DEBUG] (properties.py:415) -> setting property styleSheet
2026-07-14 11:14:13,785 [DEBUG] (properties.py:415) -> setting property text
2026-07-14 11:14:13,785 [DEBUG] (uiparser.py:106) -> push QPushButton deleteBtn
2026-07-14 11:14:13,785 [DEBUG] (uiparser.py:120) -> pop widget QPushButton deleteBtn
2026-07-14 11:14:13,785 [DEBUG] (uiparser.py:128) -> new topwidget <client.windows.system.tags.tag_card.TagCard object at 0x0000025D64344B90>
2026-07-14 11:14:13,785 [DEBUG] (uiparser.py:114) -> pop layout QHBoxLayout buttonsLayout
2026-07-14 11:14:13,785 [DEBUG] (uiparser.py:114) -> pop layout QHBoxLayout horizontalLayout
2026-07-14 11:14:13,785 [DEBUG] (uiparser.py:120) -> pop widget TagCard TagCard
2026-07-14 11:14:13,785 [DEBUG] (uiparser.py:128) -> new topwidget None
2026-07-14 11:14:13,786 [DEBUG] (uiparser.py:838) -> toplevel widget is TagCard
2026-07-14 11:14:13,786 [DEBUG] (properties.py:415) -> setting property geometry
2026-07-14 11:14:13,786 [DEBUG] (properties.py:415) -> setting property minimumSize
2026-07-14 11:14:13,786 [DEBUG] (properties.py:415) -> setting property maximumSize
2026-07-14 11:14:13,786 [DEBUG] (properties.py:415) -> setting property styleSheet
2026-07-14 11:14:13,786 [DEBUG] (uiparser.py:106) -> push TagCard TagCard
2026-07-14 11:14:13,786 [DEBUG] (properties.py:415) -> setting property spacing
2026-07-14 11:14:13,786 [DEBUG] (properties.py:415) -> setting property leftMargin
2026-07-14 11:14:13,786 [DEBUG] (properties.py:415) -> setting property topMargin
2026-07-14 11:14:13,786 [DEBUG] (properties.py:415) -> setting property rightMargin
2026-07-14 11:14:13,786 [DEBUG] (properties.py:415) -> setting property bottomMargin
2026-07-14 11:14:13,786 [DEBUG] (properties.py:415) -> setting property pyuicMargins
2026-07-14 11:14:13,787 [DEBUG] (properties.py:415) -> setting property pyuicSpacing
2026-07-14 11:14:13,787 [DEBUG] (uiparser.py:106) -> push QHBoxLayout horizontalLayout
2026-07-14 11:14:13,787 [DEBUG] (properties.py:415) -> setting property minimumSize
2026-07-14 11:14:13,787 [DEBUG] (properties.py:415) -> setting property maximumSize
2026-07-14 11:14:13,787 [DEBUG] (properties.py:415) -> setting property cursor
2026-07-14 11:14:13,787 [DEBUG] (properties.py:415) -> setting property styleSheet
2026-07-14 11:14:13,787 [DEBUG] (properties.py:415) -> setting property text
2026-07-14 11:14:13,787 [DEBUG] (properties.py:415) -> setting property fixedSize
2026-07-14 11:14:13,787 [DEBUG] (uiparser.py:106) -> push QPushButton colorButton
2026-07-14 11:14:13,787 [DEBUG] (uiparser.py:120) -> pop widget QPushButton colorButton
2026-07-14 11:14:13,787 [DEBUG] (uiparser.py:128) -> new topwidget <client.windows.system.tags.tag_card.TagCard object at 0x0000025D64345130>
2026-07-14 11:14:13,787 [DEBUG] (properties.py:415) -> setting property styleSheet
2026-07-14 11:14:13,787 [DEBUG] (properties.py:415) -> setting property text
2026-07-14 11:14:13,787 [DEBUG] (uiparser.py:106) -> push QLabel nameLabel
2026-07-14 11:14:13,787 [DEBUG] (uiparser.py:120) -> pop widget QLabel nameLabel
2026-07-14 11:14:13,787 [DEBUG] (uiparser.py:128) -> new topwidget <client.windows.system.tags.tag_card.TagCard object at 0x0000025D64345130>
2026-07-14 11:14:13,787 [DEBUG] (properties.py:415) -> setting property styleSheet
2026-07-14 11:14:13,787 [DEBUG] (properties.py:415) -> setting property text
2026-07-14 11:14:13,787 [DEBUG] (uiparser.py:106) -> push QLabel countLabel
2026-07-14 11:14:13,787 [DEBUG] (uiparser.py:120) -> pop widget QLabel countLabel
2026-07-14 11:14:13,787 [DEBUG] (uiparser.py:128) -> new topwidget <client.windows.system.tags.tag_card.TagCard object at 0x0000025D64345130>
2026-07-14 11:14:13,787 [DEBUG] (properties.py:415) -> setting property spacing
2026-07-14 11:14:13,787 [DEBUG] (properties.py:415) -> setting property pyuicSpacing
2026-07-14 11:14:13,787 [DEBUG] (uiparser.py:106) -> push QHBoxLayout buttonsLayout
2026-07-14 11:14:13,787 [DEBUG] (properties.py:415) -> setting property minimumSize
2026-07-14 11:14:13,787 [DEBUG] (properties.py:415) -> setting property maximumSize
2026-07-14 11:14:13,787 [DEBUG] (properties.py:415) -> setting property cursor
2026-07-14 11:14:13,787 [DEBUG] (properties.py:415) -> setting property styleSheet
2026-07-14 11:14:13,787 [DEBUG] (properties.py:415) -> setting property text
2026-07-14 11:14:13,787 [DEBUG] (uiparser.py:106) -> push QPushButton editBtn
2026-07-14 11:14:13,787 [DEBUG] (uiparser.py:120) -> pop widget QPushButton editBtn
2026-07-14 11:14:13,787 [DEBUG] (uiparser.py:128) -> new topwidget <client.windows.system.tags.tag_card.TagCard object at 0x0000025D64345130>
2026-07-14 11:14:13,787 [DEBUG] (properties.py:415) -> setting property minimumSize
2026-07-14 11:14:13,787 [DEBUG] (properties.py:415) -> setting property maximumSize
2026-07-14 11:14:13,787 [DEBUG] (properties.py:415) -> setting property cursor
2026-07-14 11:14:13,787 [DEBUG] (properties.py:415) -> setting property styleSheet
2026-07-14 11:14:13,787 [DEBUG] (properties.py:415) -> setting property text
2026-07-14 11:14:13,787 [DEBUG] (uiparser.py:106) -> push QPushButton deleteBtn
2026-07-14 11:14:13,787 [DEBUG] (uiparser.py:120) -> pop widget QPushButton deleteBtn
2026-07-14 11:14:13,787 [DEBUG] (uiparser.py:128) -> new topwidget <client.windows.system.tags.tag_card.TagCard object at 0x0000025D64345130>
2026-07-14 11:14:13,787 [DEBUG] (uiparser.py:114) -> pop layout QHBoxLayout buttonsLayout
2026-07-14 11:14:13,787 [DEBUG] (uiparser.py:114) -> pop layout QHBoxLayout horizontalLayout
2026-07-14 11:14:13,787 [DEBUG] (uiparser.py:120) -> pop widget TagCard TagCard
2026-07-14 11:14:13,787 [DEBUG] (uiparser.py:128) -> new topwidget None
2026-07-14 11:14:13,789 [DEBUG] (uiparser.py:838) -> toplevel widget is TagCard
2026-07-14 11:14:13,789 [DEBUG] (properties.py:415) -> setting property geometry
2026-07-14 11:14:13,789 [DEBUG] (properties.py:415) -> setting property minimumSize
2026-07-14 11:14:13,789 [DEBUG] (properties.py:415) -> setting property maximumSize
2026-07-14 11:14:13,789 [DEBUG] (properties.py:415) -> setting property styleSheet
2026-07-14 11:14:13,789 [DEBUG] (uiparser.py:106) -> push TagCard TagCard
2026-07-14 11:14:13,789 [DEBUG] (properties.py:415) -> setting property spacing
2026-07-14 11:14:13,789 [DEBUG] (properties.py:415) -> setting property leftMargin
2026-07-14 11:14:13,789 [DEBUG] (properties.py:415) -> setting property topMargin
2026-07-14 11:14:13,789 [DEBUG] (properties.py:415) -> setting property rightMargin
2026-07-14 11:14:13,789 [DEBUG] (properties.py:415) -> setting property bottomMargin
2026-07-14 11:14:13,789 [DEBUG] (properties.py:415) -> setting property pyuicMargins
2026-07-14 11:14:13,789 [DEBUG] (properties.py:415) -> setting property pyuicSpacing
2026-07-14 11:14:13,789 [DEBUG] (uiparser.py:106) -> push QHBoxLayout horizontalLayout
2026-07-14 11:14:13,789 [DEBUG] (properties.py:415) -> setting property minimumSize
2026-07-14 11:14:13,789 [DEBUG] (properties.py:415) -> setting property maximumSize
2026-07-14 11:14:13,789 [DEBUG] (properties.py:415) -> setting property cursor
2026-07-14 11:14:13,789 [DEBUG] (properties.py:415) -> setting property styleSheet
2026-07-14 11:14:13,789 [DEBUG] (properties.py:415) -> setting property text
2026-07-14 11:14:13,789 [DEBUG] (properties.py:415) -> setting property fixedSize
2026-07-14 11:14:13,789 [DEBUG] (uiparser.py:106) -> push QPushButton colorButton
2026-07-14 11:14:13,789 [DEBUG] (uiparser.py:120) -> pop widget QPushButton colorButton
2026-07-14 11:14:13,789 [DEBUG] (uiparser.py:128) -> new topwidget <client.windows.system.tags.tag_card.TagCard object at 0x0000025D643456D0>
2026-07-14 11:14:13,789 [DEBUG] (properties.py:415) -> setting property styleSheet
2026-07-14 11:14:13,789 [DEBUG] (properties.py:415) -> setting property text
2026-07-14 11:14:13,789 [DEBUG] (uiparser.py:106) -> push QLabel nameLabel
2026-07-14 11:14:13,789 [DEBUG] (uiparser.py:120) -> pop widget QLabel nameLabel
2026-07-14 11:14:13,789 [DEBUG] (uiparser.py:128) -> new topwidget <client.windows.system.tags.tag_card.TagCard object at 0x0000025D643456D0>
2026-07-14 11:14:13,789 [DEBUG] (properties.py:415) -> setting property styleSheet
2026-07-14 11:14:13,789 [DEBUG] (properties.py:415) -> setting property text
2026-07-14 11:14:13,789 [DEBUG] (uiparser.py:106) -> push QLabel countLabel
2026-07-14 11:14:13,789 [DEBUG] (uiparser.py:120) -> pop widget QLabel countLabel
2026-07-14 11:14:13,790 [DEBUG] (uiparser.py:128) -> new topwidget <client.windows.system.tags.tag_card.TagCard object at 0x0000025D643456D0>
2026-07-14 11:14:13,790 [DEBUG] (properties.py:415) -> setting property spacing
2026-07-14 11:14:13,790 [DEBUG] (properties.py:415) -> setting property pyuicSpacing
2026-07-14 11:14:13,790 [DEBUG] (uiparser.py:106) -> push QHBoxLayout buttonsLayout
2026-07-14 11:14:13,790 [DEBUG] (properties.py:415) -> setting property minimumSize
2026-07-14 11:14:13,790 [DEBUG] (properties.py:415) -> setting property maximumSize
2026-07-14 11:14:13,790 [DEBUG] (properties.py:415) -> setting property cursor
2026-07-14 11:14:13,790 [DEBUG] (properties.py:415) -> setting property styleSheet
2026-07-14 11:14:13,790 [DEBUG] (properties.py:415) -> setting property text
2026-07-14 11:14:13,790 [DEBUG] (uiparser.py:106) -> push QPushButton editBtn
2026-07-14 11:14:13,790 [DEBUG] (uiparser.py:120) -> pop widget QPushButton editBtn
2026-07-14 11:14:13,790 [DEBUG] (uiparser.py:128) -> new topwidget <client.windows.system.tags.tag_card.TagCard object at 0x0000025D643456D0>
2026-07-14 11:14:13,790 [DEBUG] (properties.py:415) -> setting property minimumSize
2026-07-14 11:14:13,790 [DEBUG] (properties.py:415) -> setting property maximumSize
2026-07-14 11:14:13,790 [DEBUG] (properties.py:415) -> setting property cursor
2026-07-14 11:14:13,790 [DEBUG] (properties.py:415) -> setting property styleSheet
2026-07-14 11:14:13,790 [DEBUG] (properties.py:415) -> setting property text
2026-07-14 11:14:13,790 [DEBUG] (uiparser.py:106) -> push QPushButton deleteBtn
2026-07-14 11:14:13,790 [DEBUG] (uiparser.py:120) -> pop widget QPushButton deleteBtn
2026-07-14 11:14:13,790 [DEBUG] (uiparser.py:128) -> new topwidget <client.windows.system.tags.tag_card.TagCard object at 0x0000025D643456D0>
2026-07-14 11:14:13,790 [DEBUG] (uiparser.py:114) -> pop layout QHBoxLayout buttonsLayout
2026-07-14 11:14:13,790 [DEBUG] (uiparser.py:114) -> pop layout QHBoxLayout horizontalLayout
2026-07-14 11:14:13,790 [DEBUG] (uiparser.py:120) -> pop widget TagCard TagCard
2026-07-14 11:14:13,790 [DEBUG] (uiparser.py:128) -> new topwidget None
2026-07-14 11:14:13,791 [DEBUG] (uiparser.py:838) -> toplevel widget is TagCard
2026-07-14 11:14:13,791 [DEBUG] (properties.py:415) -> setting property geometry
2026-07-14 11:14:13,791 [DEBUG] (properties.py:415) -> setting property minimumSize
2026-07-14 11:14:13,791 [DEBUG] (properties.py:415) -> setting property maximumSize
2026-07-14 11:14:13,791 [DEBUG] (properties.py:415) -> setting property styleSheet
2026-07-14 11:14:13,791 [DEBUG] (uiparser.py:106) -> push TagCard TagCard
2026-07-14 11:14:13,791 [DEBUG] (properties.py:415) -> setting property spacing
2026-07-14 11:14:13,792 [DEBUG] (properties.py:415) -> setting property leftMargin
2026-07-14 11:14:13,792 [DEBUG] (properties.py:415) -> setting property topMargin
2026-07-14 11:14:13,792 [DEBUG] (properties.py:415) -> setting property rightMargin
2026-07-14 11:14:13,792 [DEBUG] (properties.py:415) -> setting property bottomMargin
2026-07-14 11:14:13,792 [DEBUG] (properties.py:415) -> setting property pyuicMargins
2026-07-14 11:14:13,792 [DEBUG] (properties.py:415) -> setting property pyuicSpacing
2026-07-14 11:14:13,792 [DEBUG] (uiparser.py:106) -> push QHBoxLayout horizontalLayout
2026-07-14 11:14:13,792 [DEBUG] (properties.py:415) -> setting property minimumSize
2026-07-14 11:14:13,792 [DEBUG] (properties.py:415) -> setting property maximumSize
2026-07-14 11:14:13,792 [DEBUG] (properties.py:415) -> setting property cursor
2026-07-14 11:14:13,792 [DEBUG] (properties.py:415) -> setting property styleSheet
2026-07-14 11:14:13,792 [DEBUG] (properties.py:415) -> setting property text
2026-07-14 11:14:13,792 [DEBUG] (properties.py:415) -> setting property fixedSize
2026-07-14 11:14:13,792 [DEBUG] (uiparser.py:106) -> push QPushButton colorButton
2026-07-14 11:14:13,792 [DEBUG] (uiparser.py:120) -> pop widget QPushButton colorButton
2026-07-14 11:14:13,792 [DEBUG] (uiparser.py:128) -> new topwidget <client.windows.system.tags.tag_card.TagCard object at 0x0000025D64345C70>
2026-07-14 11:14:13,792 [DEBUG] (properties.py:415) -> setting property styleSheet
2026-07-14 11:14:13,792 [DEBUG] (properties.py:415) -> setting property text
2026-07-14 11:14:13,792 [DEBUG] (uiparser.py:106) -> push QLabel nameLabel
2026-07-14 11:14:13,792 [DEBUG] (uiparser.py:120) -> pop widget QLabel nameLabel
2026-07-14 11:14:13,792 [DEBUG] (uiparser.py:128) -> new topwidget <client.windows.system.tags.tag_card.TagCard object at 0x0000025D64345C70>
2026-07-14 11:14:13,792 [DEBUG] (properties.py:415) -> setting property styleSheet
2026-07-14 11:14:13,792 [DEBUG] (properties.py:415) -> setting property text
2026-07-14 11:14:13,792 [DEBUG] (uiparser.py:106) -> push QLabel countLabel
2026-07-14 11:14:13,792 [DEBUG] (uiparser.py:120) -> pop widget QLabel countLabel
2026-07-14 11:14:13,792 [DEBUG] (uiparser.py:128) -> new topwidget <client.windows.system.tags.tag_card.TagCard object at 0x0000025D64345C70>
2026-07-14 11:14:13,792 [DEBUG] (properties.py:415) -> setting property spacing
2026-07-14 11:14:13,792 [DEBUG] (properties.py:415) -> setting property pyuicSpacing
2026-07-14 11:14:13,792 [DEBUG] (uiparser.py:106) -> push QHBoxLayout buttonsLayout
2026-07-14 11:14:13,792 [DEBUG] (properties.py:415) -> setting property minimumSize
2026-07-14 11:14:13,792 [DEBUG] (properties.py:415) -> setting property maximumSize
2026-07-14 11:14:13,792 [DEBUG] (properties.py:415) -> setting property cursor
2026-07-14 11:14:13,792 [DEBUG] (properties.py:415) -> setting property styleSheet
2026-07-14 11:14:13,792 [DEBUG] (properties.py:415) -> setting property text
2026-07-14 11:14:13,792 [DEBUG] (uiparser.py:106) -> push QPushButton editBtn
2026-07-14 11:14:13,792 [DEBUG] (uiparser.py:120) -> pop widget QPushButton editBtn
2026-07-14 11:14:13,792 [DEBUG] (uiparser.py:128) -> new topwidget <client.windows.system.tags.tag_card.TagCard object at 0x0000025D64345C70>
2026-07-14 11:14:13,792 [DEBUG] (properties.py:415) -> setting property minimumSize
2026-07-14 11:14:13,792 [DEBUG] (properties.py:415) -> setting property maximumSize
2026-07-14 11:14:13,792 [DEBUG] (properties.py:415) -> setting property cursor
2026-07-14 11:14:13,792 [DEBUG] (properties.py:415) -> setting property styleSheet
2026-07-14 11:14:13,792 [DEBUG] (properties.py:415) -> setting property text
2026-07-14 11:14:13,792 [DEBUG] (uiparser.py:106) -> push QPushButton deleteBtn
2026-07-14 11:14:13,792 [DEBUG] (uiparser.py:120) -> pop widget QPushButton deleteBtn
2026-07-14 11:14:13,792 [DEBUG] (uiparser.py:128) -> new topwidget <client.windows.system.tags.tag_card.TagCard object at 0x0000025D64345C70>
2026-07-14 11:14:13,792 [DEBUG] (uiparser.py:114) -> pop layout QHBoxLayout buttonsLayout
2026-07-14 11:14:13,793 [DEBUG] (uiparser.py:114) -> pop layout QHBoxLayout horizontalLayout
2026-07-14 11:14:13,793 [DEBUG] (uiparser.py:120) -> pop widget TagCard TagCard
2026-07-14 11:14:13,793 [DEBUG] (uiparser.py:128) -> new topwidget None
2026-07-14 11:14:13,794 [DEBUG] (uiparser.py:838) -> toplevel widget is TagCard
2026-07-14 11:14:13,794 [DEBUG] (properties.py:415) -> setting property geometry
2026-07-14 11:14:13,794 [DEBUG] (properties.py:415) -> setting property minimumSize
2026-07-14 11:14:13,794 [DEBUG] (properties.py:415) -> setting property maximumSize
2026-07-14 11:14:13,794 [DEBUG] (properties.py:415) -> setting property styleSheet
2026-07-14 11:14:13,794 [DEBUG] (uiparser.py:106) -> push TagCard TagCard
2026-07-14 11:14:13,794 [DEBUG] (properties.py:415) -> setting property spacing
2026-07-14 11:14:13,794 [DEBUG] (properties.py:415) -> setting property leftMargin
2026-07-14 11:14:13,794 [DEBUG] (properties.py:415) -> setting property topMargin
2026-07-14 11:14:13,794 [DEBUG] (properties.py:415) -> setting property rightMargin
2026-07-14 11:14:13,794 [DEBUG] (properties.py:415) -> setting property bottomMargin
2026-07-14 11:14:13,794 [DEBUG] (properties.py:415) -> setting property pyuicMargins
2026-07-14 11:14:13,794 [DEBUG] (properties.py:415) -> setting property pyuicSpacing
2026-07-14 11:14:13,794 [DEBUG] (uiparser.py:106) -> push QHBoxLayout horizontalLayout
2026-07-14 11:14:13,794 [DEBUG] (properties.py:415) -> setting property minimumSize
2026-07-14 11:14:13,794 [DEBUG] (properties.py:415) -> setting property maximumSize
2026-07-14 11:14:13,794 [DEBUG] (properties.py:415) -> setting property cursor
2026-07-14 11:14:13,794 [DEBUG] (properties.py:415) -> setting property styleSheet
2026-07-14 11:14:13,794 [DEBUG] (properties.py:415) -> setting property text
2026-07-14 11:14:13,794 [DEBUG] (properties.py:415) -> setting property fixedSize
2026-07-14 11:14:13,794 [DEBUG] (uiparser.py:106) -> push QPushButton colorButton
2026-07-14 11:14:13,794 [DEBUG] (uiparser.py:120) -> pop widget QPushButton colorButton
2026-07-14 11:14:13,794 [DEBUG] (uiparser.py:128) -> new topwidget <client.windows.system.tags.tag_card.TagCard object at 0x0000025D64346210>
2026-07-14 11:14:13,794 [DEBUG] (properties.py:415) -> setting property styleSheet
2026-07-14 11:14:13,794 [DEBUG] (properties.py:415) -> setting property text
2026-07-14 11:14:13,794 [DEBUG] (uiparser.py:106) -> push QLabel nameLabel
2026-07-14 11:14:13,794 [DEBUG] (uiparser.py:120) -> pop widget QLabel nameLabel
2026-07-14 11:14:13,794 [DEBUG] (uiparser.py:128) -> new topwidget <client.windows.system.tags.tag_card.TagCard object at 0x0000025D64346210>
2026-07-14 11:14:13,795 [DEBUG] (properties.py:415) -> setting property styleSheet
2026-07-14 11:14:13,795 [DEBUG] (properties.py:415) -> setting property text
2026-07-14 11:14:13,795 [DEBUG] (uiparser.py:106) -> push QLabel countLabel
2026-07-14 11:14:13,795 [DEBUG] (uiparser.py:120) -> pop widget QLabel countLabel
2026-07-14 11:14:13,795 [DEBUG] (uiparser.py:128) -> new topwidget <client.windows.system.tags.tag_card.TagCard object at 0x0000025D64346210>
2026-07-14 11:14:13,795 [DEBUG] (properties.py:415) -> setting property spacing
2026-07-14 11:14:13,795 [DEBUG] (properties.py:415) -> setting property pyuicSpacing
2026-07-14 11:14:13,795 [DEBUG] (uiparser.py:106) -> push QHBoxLayout buttonsLayout
2026-07-14 11:14:13,795 [DEBUG] (properties.py:415) -> setting property minimumSize
2026-07-14 11:14:13,795 [DEBUG] (properties.py:415) -> setting property maximumSize
2026-07-14 11:14:13,795 [DEBUG] (properties.py:415) -> setting property cursor
2026-07-14 11:14:13,795 [DEBUG] (properties.py:415) -> setting property styleSheet
2026-07-14 11:14:13,795 [DEBUG] (properties.py:415) -> setting property text
2026-07-14 11:14:13,795 [DEBUG] (uiparser.py:106) -> push QPushButton editBtn
2026-07-14 11:14:13,795 [DEBUG] (uiparser.py:120) -> pop widget QPushButton editBtn
2026-07-14 11:14:13,795 [DEBUG] (uiparser.py:128) -> new topwidget <client.windows.system.tags.tag_card.TagCard object at 0x0000025D64346210>
2026-07-14 11:14:13,795 [DEBUG] (properties.py:415) -> setting property minimumSize
2026-07-14 11:14:13,795 [DEBUG] (properties.py:415) -> setting property maximumSize
2026-07-14 11:14:13,795 [DEBUG] (properties.py:415) -> setting property cursor
2026-07-14 11:14:13,800 [DEBUG] (properties.py:415) -> setting property styleSheet
2026-07-14 11:14:13,800 [DEBUG] (properties.py:415) -> setting property text
2026-07-14 11:14:13,800 [DEBUG] (uiparser.py:106) -> push QPushButton deleteBtn
2026-07-14 11:14:13,800 [DEBUG] (uiparser.py:120) -> pop widget QPushButton deleteBtn
2026-07-14 11:14:13,800 [DEBUG] (uiparser.py:128) -> new topwidget <client.windows.system.tags.tag_card.TagCard object at 0x0000025D64346210>
2026-07-14 11:14:13,800 [DEBUG] (uiparser.py:114) -> pop layout QHBoxLayout buttonsLayout
2026-07-14 11:14:13,800 [DEBUG] (uiparser.py:114) -> pop layout QHBoxLayout horizontalLayout
2026-07-14 11:14:13,800 [DEBUG] (uiparser.py:120) -> pop widget TagCard TagCard
2026-07-14 11:14:13,800 [DEBUG] (uiparser.py:128) -> new topwidget None
2026-07-14 11:14:13,801 [DEBUG] (uiparser.py:838) -> toplevel widget is TagCard
2026-07-14 11:14:13,801 [DEBUG] (properties.py:415) -> setting property geometry
2026-07-14 11:14:13,801 [DEBUG] (properties.py:415) -> setting property minimumSize
2026-07-14 11:14:13,801 [DEBUG] (properties.py:415) -> setting property maximumSize
2026-07-14 11:14:13,801 [DEBUG] (properties.py:415) -> setting property styleSheet
2026-07-14 11:14:13,801 [DEBUG] (uiparser.py:106) -> push TagCard TagCard
2026-07-14 11:14:13,801 [DEBUG] (properties.py:415) -> setting property spacing
2026-07-14 11:14:13,801 [DEBUG] (properties.py:415) -> setting property leftMargin
2026-07-14 11:14:13,801 [DEBUG] (properties.py:415) -> setting property topMargin
2026-07-14 11:14:13,801 [DEBUG] (properties.py:415) -> setting property rightMargin
2026-07-14 11:14:13,802 [DEBUG] (properties.py:415) -> setting property bottomMargin
2026-07-14 11:14:13,802 [DEBUG] (properties.py:415) -> setting property pyuicMargins
2026-07-14 11:14:13,802 [DEBUG] (properties.py:415) -> setting property pyuicSpacing
2026-07-14 11:14:13,802 [DEBUG] (uiparser.py:106) -> push QHBoxLayout horizontalLayout
2026-07-14 11:14:13,802 [DEBUG] (properties.py:415) -> setting property minimumSize
2026-07-14 11:14:13,802 [DEBUG] (properties.py:415) -> setting property maximumSize
2026-07-14 11:14:13,802 [DEBUG] (properties.py:415) -> setting property cursor
2026-07-14 11:14:13,802 [DEBUG] (properties.py:415) -> setting property styleSheet
2026-07-14 11:14:13,802 [DEBUG] (properties.py:415) -> setting property text
2026-07-14 11:14:13,802 [DEBUG] (properties.py:415) -> setting property fixedSize
2026-07-14 11:14:13,802 [DEBUG] (uiparser.py:106) -> push QPushButton colorButton
2026-07-14 11:14:13,802 [DEBUG] (uiparser.py:120) -> pop widget QPushButton colorButton
2026-07-14 11:14:13,802 [DEBUG] (uiparser.py:128) -> new topwidget <client.windows.system.tags.tag_card.TagCard object at 0x0000025D643467B0>
2026-07-14 11:14:13,802 [DEBUG] (properties.py:415) -> setting property styleSheet
2026-07-14 11:14:13,802 [DEBUG] (properties.py:415) -> setting property text
2026-07-14 11:14:13,802 [DEBUG] (uiparser.py:106) -> push QLabel nameLabel
2026-07-14 11:14:13,802 [DEBUG] (uiparser.py:120) -> pop widget QLabel nameLabel
2026-07-14 11:14:13,802 [DEBUG] (uiparser.py:128) -> new topwidget <client.windows.system.tags.tag_card.TagCard object at 0x0000025D643467B0>
2026-07-14 11:14:13,802 [DEBUG] (properties.py:415) -> setting property styleSheet
2026-07-14 11:14:13,802 [DEBUG] (properties.py:415) -> setting property text
2026-07-14 11:14:13,802 [DEBUG] (uiparser.py:106) -> push QLabel countLabel
2026-07-14 11:14:13,802 [DEBUG] (uiparser.py:120) -> pop widget QLabel countLabel
2026-07-14 11:14:13,802 [DEBUG] (uiparser.py:128) -> new topwidget <client.windows.system.tags.tag_card.TagCard object at 0x0000025D643467B0>
2026-07-14 11:14:13,802 [DEBUG] (properties.py:415) -> setting property spacing
2026-07-14 11:14:13,802 [DEBUG] (properties.py:415) -> setting property pyuicSpacing
2026-07-14 11:14:13,802 [DEBUG] (uiparser.py:106) -> push QHBoxLayout buttonsLayout
2026-07-14 11:14:13,802 [DEBUG] (properties.py:415) -> setting property minimumSize
2026-07-14 11:14:13,802 [DEBUG] (properties.py:415) -> setting property maximumSize
2026-07-14 11:14:13,802 [DEBUG] (properties.py:415) -> setting property cursor
2026-07-14 11:14:13,802 [DEBUG] (properties.py:415) -> setting property styleSheet
2026-07-14 11:14:13,802 [DEBUG] (properties.py:415) -> setting property text
2026-07-14 11:14:13,802 [DEBUG] (uiparser.py:106) -> push QPushButton editBtn
2026-07-14 11:14:13,802 [DEBUG] (uiparser.py:120) -> pop widget QPushButton editBtn
2026-07-14 11:14:13,802 [DEBUG] (uiparser.py:128) -> new topwidget <client.windows.system.tags.tag_card.TagCard object at 0x0000025D643467B0>
2026-07-14 11:14:13,802 [DEBUG] (properties.py:415) -> setting property minimumSize
2026-07-14 11:14:13,802 [DEBUG] (properties.py:415) -> setting property maximumSize
2026-07-14 11:14:13,802 [DEBUG] (properties.py:415) -> setting property cursor
2026-07-14 11:14:13,802 [DEBUG] (properties.py:415) -> setting property styleSheet
2026-07-14 11:14:13,802 [DEBUG] (properties.py:415) -> setting property text
2026-07-14 11:14:13,802 [DEBUG] (uiparser.py:106) -> push QPushButton deleteBtn
2026-07-14 11:14:13,802 [DEBUG] (uiparser.py:120) -> pop widget QPushButton deleteBtn
2026-07-14 11:14:13,802 [DEBUG] (uiparser.py:128) -> new topwidget <client.windows.system.tags.tag_card.TagCard object at 0x0000025D643467B0>
2026-07-14 11:14:13,802 [DEBUG] (uiparser.py:114) -> pop layout QHBoxLayout buttonsLayout
2026-07-14 11:14:13,802 [DEBUG] (uiparser.py:114) -> pop layout QHBoxLayout horizontalLayout
2026-07-14 11:14:13,802 [DEBUG] (uiparser.py:120) -> pop widget TagCard TagCard
2026-07-14 11:14:13,802 [DEBUG] (uiparser.py:128) -> new topwidget None
2026-07-14 11:14:13,804 [DEBUG] (uiparser.py:838) -> toplevel widget is TagCard
2026-07-14 11:14:13,804 [DEBUG] (properties.py:415) -> setting property geometry
2026-07-14 11:14:13,804 [DEBUG] (properties.py:415) -> setting property minimumSize
2026-07-14 11:14:13,804 [DEBUG] (properties.py:415) -> setting property maximumSize
2026-07-14 11:14:13,804 [DEBUG] (properties.py:415) -> setting property styleSheet
2026-07-14 11:14:13,804 [DEBUG] (uiparser.py:106) -> push TagCard TagCard
2026-07-14 11:14:13,804 [DEBUG] (properties.py:415) -> setting property spacing
2026-07-14 11:14:13,804 [DEBUG] (properties.py:415) -> setting property leftMargin
2026-07-14 11:14:13,804 [DEBUG] (properties.py:415) -> setting property topMargin
2026-07-14 11:14:13,804 [DEBUG] (properties.py:415) -> setting property rightMargin
2026-07-14 11:14:13,804 [DEBUG] (properties.py:415) -> setting property bottomMargin
2026-07-14 11:14:13,804 [DEBUG] (properties.py:415) -> setting property pyuicMargins
2026-07-14 11:14:13,804 [DEBUG] (properties.py:415) -> setting property pyuicSpacing
2026-07-14 11:14:13,804 [DEBUG] (uiparser.py:106) -> push QHBoxLayout horizontalLayout
2026-07-14 11:14:13,804 [DEBUG] (properties.py:415) -> setting property minimumSize
2026-07-14 11:14:13,804 [DEBUG] (properties.py:415) -> setting property maximumSize
2026-07-14 11:14:13,804 [DEBUG] (properties.py:415) -> setting property cursor
2026-07-14 11:14:13,804 [DEBUG] (properties.py:415) -> setting property styleSheet
2026-07-14 11:14:13,804 [DEBUG] (properties.py:415) -> setting property text
2026-07-14 11:14:13,804 [DEBUG] (properties.py:415) -> setting property fixedSize
2026-07-14 11:14:13,804 [DEBUG] (uiparser.py:106) -> push QPushButton colorButton
2026-07-14 11:14:13,804 [DEBUG] (uiparser.py:120) -> pop widget QPushButton colorButton
2026-07-14 11:14:13,804 [DEBUG] (uiparser.py:128) -> new topwidget <client.windows.system.tags.tag_card.TagCard object at 0x0000025D64346D50>
2026-07-14 11:14:13,804 [DEBUG] (properties.py:415) -> setting property styleSheet
2026-07-14 11:14:13,804 [DEBUG] (properties.py:415) -> setting property text
2026-07-14 11:14:13,804 [DEBUG] (uiparser.py:106) -> push QLabel nameLabel
2026-07-14 11:14:13,804 [DEBUG] (uiparser.py:120) -> pop widget QLabel nameLabel
2026-07-14 11:14:13,804 [DEBUG] (uiparser.py:128) -> new topwidget <client.windows.system.tags.tag_card.TagCard object at 0x0000025D64346D50>
2026-07-14 11:14:13,804 [DEBUG] (properties.py:415) -> setting property styleSheet
2026-07-14 11:14:13,804 [DEBUG] (properties.py:415) -> setting property text
2026-07-14 11:14:13,805 [DEBUG] (uiparser.py:106) -> push QLabel countLabel
2026-07-14 11:14:13,805 [DEBUG] (uiparser.py:120) -> pop widget QLabel countLabel
2026-07-14 11:14:13,805 [DEBUG] (uiparser.py:128) -> new topwidget <client.windows.system.tags.tag_card.TagCard object at 0x0000025D64346D50>
2026-07-14 11:14:13,805 [DEBUG] (properties.py:415) -> setting property spacing
2026-07-14 11:14:13,805 [DEBUG] (properties.py:415) -> setting property pyuicSpacing
2026-07-14 11:14:13,805 [DEBUG] (uiparser.py:106) -> push QHBoxLayout buttonsLayout
2026-07-14 11:14:13,805 [DEBUG] (properties.py:415) -> setting property minimumSize
2026-07-14 11:14:13,805 [DEBUG] (properties.py:415) -> setting property maximumSize
2026-07-14 11:14:13,805 [DEBUG] (properties.py:415) -> setting property cursor
2026-07-14 11:14:13,805 [DEBUG] (properties.py:415) -> setting property styleSheet
2026-07-14 11:14:13,805 [DEBUG] (properties.py:415) -> setting property text
2026-07-14 11:14:13,805 [DEBUG] (uiparser.py:106) -> push QPushButton editBtn
2026-07-14 11:14:13,805 [DEBUG] (uiparser.py:120) -> pop widget QPushButton editBtn
2026-07-14 11:14:13,805 [DEBUG] (uiparser.py:128) -> new topwidget <client.windows.system.tags.tag_card.TagCard object at 0x0000025D64346D50>
2026-07-14 11:14:13,805 [DEBUG] (properties.py:415) -> setting property minimumSize
2026-07-14 11:14:13,805 [DEBUG] (properties.py:415) -> setting property maximumSize
2026-07-14 11:14:13,805 [DEBUG] (properties.py:415) -> setting property cursor
2026-07-14 11:14:13,806 [DEBUG] (properties.py:415) -> setting property styleSheet
2026-07-14 11:14:13,806 [DEBUG] (properties.py:415) -> setting property text
2026-07-14 11:14:13,806 [DEBUG] (uiparser.py:106) -> push QPushButton deleteBtn
2026-07-14 11:14:13,806 [DEBUG] (uiparser.py:120) -> pop widget QPushButton deleteBtn
2026-07-14 11:14:13,806 [DEBUG] (uiparser.py:128) -> new topwidget <client.windows.system.tags.tag_card.TagCard object at 0x0000025D64346D50>
2026-07-14 11:14:13,806 [DEBUG] (uiparser.py:114) -> pop layout QHBoxLayout buttonsLayout
2026-07-14 11:14:13,806 [DEBUG] (uiparser.py:114) -> pop layout QHBoxLayout horizontalLayout
2026-07-14 11:14:13,806 [DEBUG] (uiparser.py:120) -> pop widget TagCard TagCard
2026-07-14 11:14:13,806 [DEBUG] (uiparser.py:128) -> new topwidget None
2026-07-14 11:14:13,807 [DEBUG] (uiparser.py:838) -> toplevel widget is TagCard
2026-07-14 11:14:13,807 [DEBUG] (properties.py:415) -> setting property geometry
2026-07-14 11:14:13,807 [DEBUG] (properties.py:415) -> setting property minimumSize
2026-07-14 11:14:13,807 [DEBUG] (properties.py:415) -> setting property maximumSize
2026-07-14 11:14:13,807 [DEBUG] (properties.py:415) -> setting property styleSheet
2026-07-14 11:14:13,807 [DEBUG] (uiparser.py:106) -> push TagCard TagCard
2026-07-14 11:14:13,807 [DEBUG] (properties.py:415) -> setting property spacing
2026-07-14 11:14:13,807 [DEBUG] (properties.py:415) -> setting property leftMargin
2026-07-14 11:14:13,807 [DEBUG] (properties.py:415) -> setting property topMargin
2026-07-14 11:14:13,807 [DEBUG] (properties.py:415) -> setting property rightMargin
2026-07-14 11:14:13,807 [DEBUG] (properties.py:415) -> setting property bottomMargin
2026-07-14 11:14:13,807 [DEBUG] (properties.py:415) -> setting property pyuicMargins
2026-07-14 11:14:13,807 [DEBUG] (properties.py:415) -> setting property pyuicSpacing
2026-07-14 11:14:13,807 [DEBUG] (uiparser.py:106) -> push QHBoxLayout horizontalLayout
2026-07-14 11:14:13,807 [DEBUG] (properties.py:415) -> setting property minimumSize
2026-07-14 11:14:13,807 [DEBUG] (properties.py:415) -> setting property maximumSize
2026-07-14 11:14:13,807 [DEBUG] (properties.py:415) -> setting property cursor
2026-07-14 11:14:13,807 [DEBUG] (properties.py:415) -> setting property styleSheet
2026-07-14 11:14:13,807 [DEBUG] (properties.py:415) -> setting property text
2026-07-14 11:14:13,808 [DEBUG] (properties.py:415) -> setting property fixedSize
2026-07-14 11:14:13,808 [DEBUG] (uiparser.py:106) -> push QPushButton colorButton
2026-07-14 11:14:13,808 [DEBUG] (uiparser.py:120) -> pop widget QPushButton colorButton
2026-07-14 11:14:13,808 [DEBUG] (uiparser.py:128) -> new topwidget <client.windows.system.tags.tag_card.TagCard object at 0x0000025D643472F0>
2026-07-14 11:14:13,808 [DEBUG] (properties.py:415) -> setting property styleSheet
2026-07-14 11:14:13,808 [DEBUG] (properties.py:415) -> setting property text
2026-07-14 11:14:13,808 [DEBUG] (uiparser.py:106) -> push QLabel nameLabel
2026-07-14 11:14:13,808 [DEBUG] (uiparser.py:120) -> pop widget QLabel nameLabel
2026-07-14 11:14:13,808 [DEBUG] (uiparser.py:128) -> new topwidget <client.windows.system.tags.tag_card.TagCard object at 0x0000025D643472F0>
2026-07-14 11:14:13,808 [DEBUG] (properties.py:415) -> setting property styleSheet
2026-07-14 11:14:13,808 [DEBUG] (properties.py:415) -> setting property text
2026-07-14 11:14:13,808 [DEBUG] (uiparser.py:106) -> push QLabel countLabel
2026-07-14 11:14:13,808 [DEBUG] (uiparser.py:120) -> pop widget QLabel countLabel
2026-07-14 11:14:13,808 [DEBUG] (uiparser.py:128) -> new topwidget <client.windows.system.tags.tag_card.TagCard object at 0x0000025D643472F0>
2026-07-14 11:14:13,808 [DEBUG] (properties.py:415) -> setting property spacing
2026-07-14 11:14:13,808 [DEBUG] (properties.py:415) -> setting property pyuicSpacing
2026-07-14 11:14:13,808 [DEBUG] (uiparser.py:106) -> push QHBoxLayout buttonsLayout
2026-07-14 11:14:13,808 [DEBUG] (properties.py:415) -> setting property minimumSize
2026-07-14 11:14:13,808 [DEBUG] (properties.py:415) -> setting property maximumSize
2026-07-14 11:14:13,808 [DEBUG] (properties.py:415) -> setting property cursor
2026-07-14 11:14:13,808 [DEBUG] (properties.py:415) -> setting property styleSheet
2026-07-14 11:14:13,808 [DEBUG] (properties.py:415) -> setting property text
2026-07-14 11:14:13,808 [DEBUG] (uiparser.py:106) -> push QPushButton editBtn
2026-07-14 11:14:13,808 [DEBUG] (uiparser.py:120) -> pop widget QPushButton editBtn
2026-07-14 11:14:13,808 [DEBUG] (uiparser.py:128) -> new topwidget <client.windows.system.tags.tag_card.TagCard object at 0x0000025D643472F0>
2026-07-14 11:14:13,808 [DEBUG] (properties.py:415) -> setting property minimumSize
2026-07-14 11:14:13,808 [DEBUG] (properties.py:415) -> setting property maximumSize
2026-07-14 11:14:13,808 [DEBUG] (properties.py:415) -> setting property cursor
2026-07-14 11:14:13,808 [DEBUG] (properties.py:415) -> setting property styleSheet
2026-07-14 11:14:13,808 [DEBUG] (properties.py:415) -> setting property text
2026-07-14 11:14:13,808 [DEBUG] (uiparser.py:106) -> push QPushButton deleteBtn
2026-07-14 11:14:13,808 [DEBUG] (uiparser.py:120) -> pop widget QPushButton deleteBtn
2026-07-14 11:14:13,808 [DEBUG] (uiparser.py:128) -> new topwidget <client.windows.system.tags.tag_card.TagCard object at 0x0000025D643472F0>
2026-07-14 11:14:13,808 [DEBUG] (uiparser.py:114) -> pop layout QHBoxLayout buttonsLayout
2026-07-14 11:14:13,808 [DEBUG] (uiparser.py:114) -> pop layout QHBoxLayout horizontalLayout
2026-07-14 11:14:13,808 [DEBUG] (uiparser.py:120) -> pop widget TagCard TagCard
2026-07-14 11:14:13,808 [DEBUG] (uiparser.py:128) -> new topwidget None
2026-07-14 11:14:13,810 [DEBUG] (uiparser.py:838) -> toplevel widget is TagCard
2026-07-14 11:14:13,810 [DEBUG] (properties.py:415) -> setting property geometry
2026-07-14 11:14:13,810 [DEBUG] (properties.py:415) -> setting property minimumSize
2026-07-14 11:14:13,810 [DEBUG] (properties.py:415) -> setting property maximumSize
2026-07-14 11:14:13,810 [DEBUG] (properties.py:415) -> setting property styleSheet
2026-07-14 11:14:13,810 [DEBUG] (uiparser.py:106) -> push TagCard TagCard
2026-07-14 11:14:13,810 [DEBUG] (properties.py:415) -> setting property spacing
2026-07-14 11:14:13,810 [DEBUG] (properties.py:415) -> setting property leftMargin
2026-07-14 11:14:13,810 [DEBUG] (properties.py:415) -> setting property topMargin
2026-07-14 11:14:13,810 [DEBUG] (properties.py:415) -> setting property rightMargin
2026-07-14 11:14:13,810 [DEBUG] (properties.py:415) -> setting property bottomMargin
2026-07-14 11:14:13,810 [DEBUG] (properties.py:415) -> setting property pyuicMargins
2026-07-14 11:14:13,810 [DEBUG] (properties.py:415) -> setting property pyuicSpacing
2026-07-14 11:14:13,810 [DEBUG] (uiparser.py:106) -> push QHBoxLayout horizontalLayout
2026-07-14 11:14:13,810 [DEBUG] (properties.py:415) -> setting property minimumSize
2026-07-14 11:14:13,810 [DEBUG] (properties.py:415) -> setting property maximumSize
2026-07-14 11:14:13,810 [DEBUG] (properties.py:415) -> setting property cursor
2026-07-14 11:14:13,810 [DEBUG] (properties.py:415) -> setting property styleSheet
2026-07-14 11:14:13,810 [DEBUG] (properties.py:415) -> setting property text
2026-07-14 11:14:13,810 [DEBUG] (properties.py:415) -> setting property fixedSize
2026-07-14 11:14:13,810 [DEBUG] (uiparser.py:106) -> push QPushButton colorButton
2026-07-14 11:14:13,810 [DEBUG] (uiparser.py:120) -> pop widget QPushButton colorButton
2026-07-14 11:14:13,810 [DEBUG] (uiparser.py:128) -> new topwidget <client.windows.system.tags.tag_card.TagCard object at 0x0000025D64347890>
2026-07-14 11:14:13,810 [DEBUG] (properties.py:415) -> setting property styleSheet
2026-07-14 11:14:13,810 [DEBUG] (properties.py:415) -> setting property text
2026-07-14 11:14:13,810 [DEBUG] (uiparser.py:106) -> push QLabel nameLabel
2026-07-14 11:14:13,810 [DEBUG] (uiparser.py:120) -> pop widget QLabel nameLabel
2026-07-14 11:14:13,810 [DEBUG] (uiparser.py:128) -> new topwidget <client.windows.system.tags.tag_card.TagCard object at 0x0000025D64347890>
2026-07-14 11:14:13,810 [DEBUG] (properties.py:415) -> setting property styleSheet
2026-07-14 11:14:13,810 [DEBUG] (properties.py:415) -> setting property text
2026-07-14 11:14:13,810 [DEBUG] (uiparser.py:106) -> push QLabel countLabel
2026-07-14 11:14:13,811 [DEBUG] (uiparser.py:120) -> pop widget QLabel countLabel
2026-07-14 11:14:13,811 [DEBUG] (uiparser.py:128) -> new topwidget <client.windows.system.tags.tag_card.TagCard object at 0x0000025D64347890>
2026-07-14 11:14:13,811 [DEBUG] (properties.py:415) -> setting property spacing
2026-07-14 11:14:13,811 [DEBUG] (properties.py:415) -> setting property pyuicSpacing
2026-07-14 11:14:13,811 [DEBUG] (uiparser.py:106) -> push QHBoxLayout buttonsLayout
2026-07-14 11:14:13,811 [DEBUG] (properties.py:415) -> setting property minimumSize
2026-07-14 11:14:13,811 [DEBUG] (properties.py:415) -> setting property maximumSize
2026-07-14 11:14:13,811 [DEBUG] (properties.py:415) -> setting property cursor
2026-07-14 11:14:13,811 [DEBUG] (properties.py:415) -> setting property styleSheet
2026-07-14 11:14:13,811 [DEBUG] (properties.py:415) -> setting property text
2026-07-14 11:14:13,811 [DEBUG] (uiparser.py:106) -> push QPushButton editBtn
2026-07-14 11:14:13,811 [DEBUG] (uiparser.py:120) -> pop widget QPushButton editBtn
2026-07-14 11:14:13,811 [DEBUG] (uiparser.py:128) -> new topwidget <client.windows.system.tags.tag_card.TagCard object at 0x0000025D64347890>
2026-07-14 11:14:13,811 [DEBUG] (properties.py:415) -> setting property minimumSize
2026-07-14 11:14:13,811 [DEBUG] (properties.py:415) -> setting property maximumSize
2026-07-14 11:14:13,811 [DEBUG] (properties.py:415) -> setting property cursor
2026-07-14 11:14:13,812 [DEBUG] (properties.py:415) -> setting property styleSheet
2026-07-14 11:14:13,812 [DEBUG] (properties.py:415) -> setting property text
2026-07-14 11:14:13,812 [DEBUG] (uiparser.py:106) -> push QPushButton deleteBtn
2026-07-14 11:14:13,812 [DEBUG] (uiparser.py:120) -> pop widget QPushButton deleteBtn
2026-07-14 11:14:13,812 [DEBUG] (uiparser.py:128) -> new topwidget <client.windows.system.tags.tag_card.TagCard object at 0x0000025D64347890>
2026-07-14 11:14:13,812 [DEBUG] (uiparser.py:114) -> pop layout QHBoxLayout buttonsLayout
2026-07-14 11:14:13,812 [DEBUG] (uiparser.py:114) -> pop layout QHBoxLayout horizontalLayout
2026-07-14 11:14:13,812 [DEBUG] (uiparser.py:120) -> pop widget TagCard TagCard
2026-07-14 11:14:13,812 [DEBUG] (uiparser.py:128) -> new topwidget None
2026-07-14 11:14:13,813 [DEBUG] (uiparser.py:838) -> toplevel widget is TagCard
2026-07-14 11:14:13,813 [DEBUG] (properties.py:415) -> setting property geometry
2026-07-14 11:14:13,813 [DEBUG] (properties.py:415) -> setting property minimumSize
2026-07-14 11:14:13,813 [DEBUG] (properties.py:415) -> setting property maximumSize
2026-07-14 11:14:13,813 [DEBUG] (properties.py:415) -> setting property styleSheet
2026-07-14 11:14:13,813 [DEBUG] (uiparser.py:106) -> push TagCard TagCard
2026-07-14 11:14:13,813 [DEBUG] (properties.py:415) -> setting property spacing
2026-07-14 11:14:13,813 [DEBUG] (properties.py:415) -> setting property leftMargin
2026-07-14 11:14:13,813 [DEBUG] (properties.py:415) -> setting property topMargin
2026-07-14 11:14:13,813 [DEBUG] (properties.py:415) -> setting property rightMargin
2026-07-14 11:14:13,813 [DEBUG] (properties.py:415) -> setting property bottomMargin
2026-07-14 11:14:13,813 [DEBUG] (properties.py:415) -> setting property pyuicMargins
2026-07-14 11:14:13,813 [DEBUG] (properties.py:415) -> setting property pyuicSpacing
2026-07-14 11:14:13,813 [DEBUG] (uiparser.py:106) -> push QHBoxLayout horizontalLayout
2026-07-14 11:14:13,813 [DEBUG] (properties.py:415) -> setting property minimumSize
2026-07-14 11:14:13,813 [DEBUG] (properties.py:415) -> setting property maximumSize
2026-07-14 11:14:13,814 [DEBUG] (properties.py:415) -> setting property cursor
2026-07-14 11:14:13,814 [DEBUG] (properties.py:415) -> setting property styleSheet
2026-07-14 11:14:13,814 [DEBUG] (properties.py:415) -> setting property text
2026-07-14 11:14:13,814 [DEBUG] (properties.py:415) -> setting property fixedSize
2026-07-14 11:14:13,814 [DEBUG] (uiparser.py:106) -> push QPushButton colorButton
2026-07-14 11:14:13,814 [DEBUG] (uiparser.py:120) -> pop widget QPushButton colorButton
2026-07-14 11:14:13,814 [DEBUG] (uiparser.py:128) -> new topwidget <client.windows.system.tags.tag_card.TagCard object at 0x0000025D64347E30>
2026-07-14 11:14:13,814 [DEBUG] (properties.py:415) -> setting property styleSheet
2026-07-14 11:14:13,814 [DEBUG] (properties.py:415) -> setting property text
2026-07-14 11:14:13,814 [DEBUG] (uiparser.py:106) -> push QLabel nameLabel
2026-07-14 11:14:13,814 [DEBUG] (uiparser.py:120) -> pop widget QLabel nameLabel
2026-07-14 11:14:13,814 [DEBUG] (uiparser.py:128) -> new topwidget <client.windows.system.tags.tag_card.TagCard object at 0x0000025D64347E30>
2026-07-14 11:14:13,814 [DEBUG] (properties.py:415) -> setting property styleSheet
2026-07-14 11:14:13,814 [DEBUG] (properties.py:415) -> setting property text
2026-07-14 11:14:13,814 [DEBUG] (uiparser.py:106) -> push QLabel countLabel
2026-07-14 11:14:13,814 [DEBUG] (uiparser.py:120) -> pop widget QLabel countLabel
2026-07-14 11:14:13,814 [DEBUG] (uiparser.py:128) -> new topwidget <client.windows.system.tags.tag_card.TagCard object at 0x0000025D64347E30>
2026-07-14 11:14:13,814 [DEBUG] (properties.py:415) -> setting property spacing
2026-07-14 11:14:13,814 [DEBUG] (properties.py:415) -> setting property pyuicSpacing
2026-07-14 11:14:13,814 [DEBUG] (uiparser.py:106) -> push QHBoxLayout buttonsLayout
2026-07-14 11:14:13,814 [DEBUG] (properties.py:415) -> setting property minimumSize
2026-07-14 11:14:13,814 [DEBUG] (properties.py:415) -> setting property maximumSize
2026-07-14 11:14:13,814 [DEBUG] (properties.py:415) -> setting property cursor
2026-07-14 11:14:13,814 [DEBUG] (properties.py:415) -> setting property styleSheet
2026-07-14 11:14:13,814 [DEBUG] (properties.py:415) -> setting property text
2026-07-14 11:14:13,814 [DEBUG] (uiparser.py:106) -> push QPushButton editBtn
2026-07-14 11:14:13,814 [DEBUG] (uiparser.py:120) -> pop widget QPushButton editBtn
2026-07-14 11:14:13,814 [DEBUG] (uiparser.py:128) -> new topwidget <client.windows.system.tags.tag_card.TagCard object at 0x0000025D64347E30>
2026-07-14 11:14:13,814 [DEBUG] (properties.py:415) -> setting property minimumSize
2026-07-14 11:14:13,814 [DEBUG] (properties.py:415) -> setting property maximumSize
2026-07-14 11:14:13,814 [DEBUG] (properties.py:415) -> setting property cursor
2026-07-14 11:14:13,814 [DEBUG] (properties.py:415) -> setting property styleSheet
2026-07-14 11:14:13,814 [DEBUG] (properties.py:415) -> setting property text
2026-07-14 11:14:13,814 [DEBUG] (uiparser.py:106) -> push QPushButton deleteBtn
2026-07-14 11:14:13,814 [DEBUG] (uiparser.py:120) -> pop widget QPushButton deleteBtn
2026-07-14 11:14:13,814 [DEBUG] (uiparser.py:128) -> new topwidget <client.windows.system.tags.tag_card.TagCard object at 0x0000025D64347E30>
2026-07-14 11:14:13,814 [DEBUG] (uiparser.py:114) -> pop layout QHBoxLayout buttonsLayout
2026-07-14 11:14:13,814 [DEBUG] (uiparser.py:114) -> pop layout QHBoxLayout horizontalLayout
2026-07-14 11:14:13,814 [DEBUG] (uiparser.py:120) -> pop widget TagCard TagCard
2026-07-14 11:14:13,814 [DEBUG] (uiparser.py:128) -> new topwidget None
2026-07-14 11:14:13,816 [DEBUG] (uiparser.py:838) -> toplevel widget is TagCard
2026-07-14 11:14:13,816 [DEBUG] (properties.py:415) -> setting property geometry
2026-07-14 11:14:13,816 [DEBUG] (properties.py:415) -> setting property minimumSize
2026-07-14 11:14:13,816 [DEBUG] (properties.py:415) -> setting property maximumSize
2026-07-14 11:14:13,816 [DEBUG] (properties.py:415) -> setting property styleSheet
2026-07-14 11:14:13,816 [DEBUG] (uiparser.py:106) -> push TagCard TagCard
2026-07-14 11:14:13,816 [DEBUG] (properties.py:415) -> setting property spacing
2026-07-14 11:14:13,816 [DEBUG] (properties.py:415) -> setting property leftMargin
2026-07-14 11:14:13,816 [DEBUG] (properties.py:415) -> setting property topMargin
2026-07-14 11:14:13,816 [DEBUG] (properties.py:415) -> setting property rightMargin
2026-07-14 11:14:13,816 [DEBUG] (properties.py:415) -> setting property bottomMargin
2026-07-14 11:14:13,816 [DEBUG] (properties.py:415) -> setting property pyuicMargins
2026-07-14 11:14:13,816 [DEBUG] (properties.py:415) -> setting property pyuicSpacing
2026-07-14 11:14:13,816 [DEBUG] (uiparser.py:106) -> push QHBoxLayout horizontalLayout
2026-07-14 11:14:13,816 [DEBUG] (properties.py:415) -> setting property minimumSize
2026-07-14 11:14:13,816 [DEBUG] (properties.py:415) -> setting property maximumSize
2026-07-14 11:14:13,816 [DEBUG] (properties.py:415) -> setting property cursor
2026-07-14 11:14:13,816 [DEBUG] (properties.py:415) -> setting property styleSheet
2026-07-14 11:14:13,816 [DEBUG] (properties.py:415) -> setting property text
2026-07-14 11:14:13,816 [DEBUG] (properties.py:415) -> setting property fixedSize
2026-07-14 11:14:13,816 [DEBUG] (uiparser.py:106) -> push QPushButton colorButton
2026-07-14 11:14:13,816 [DEBUG] (uiparser.py:120) -> pop widget QPushButton colorButton
2026-07-14 11:14:13,816 [DEBUG] (uiparser.py:128) -> new topwidget <client.windows.system.tags.tag_card.TagCard object at 0x0000025D6434C410>
2026-07-14 11:14:13,816 [DEBUG] (properties.py:415) -> setting property styleSheet
2026-07-14 11:14:13,816 [DEBUG] (properties.py:415) -> setting property text
2026-07-14 11:14:13,816 [DEBUG] (uiparser.py:106) -> push QLabel nameLabel
2026-07-14 11:14:13,816 [DEBUG] (uiparser.py:120) -> pop widget QLabel nameLabel
2026-07-14 11:14:13,816 [DEBUG] (uiparser.py:128) -> new topwidget <client.windows.system.tags.tag_card.TagCard object at 0x0000025D6434C410>
2026-07-14 11:14:13,816 [DEBUG] (properties.py:415) -> setting property styleSheet
2026-07-14 11:14:13,816 [DEBUG] (properties.py:415) -> setting property text
2026-07-14 11:14:13,816 [DEBUG] (uiparser.py:106) -> push QLabel countLabel
2026-07-14 11:14:13,816 [DEBUG] (uiparser.py:120) -> pop widget QLabel countLabel
2026-07-14 11:14:13,816 [DEBUG] (uiparser.py:128) -> new topwidget <client.windows.system.tags.tag_card.TagCard object at 0x0000025D6434C410>
2026-07-14 11:14:13,816 [DEBUG] (properties.py:415) -> setting property spacing
2026-07-14 11:14:13,816 [DEBUG] (properties.py:415) -> setting property pyuicSpacing
2026-07-14 11:14:13,816 [DEBUG] (uiparser.py:106) -> push QHBoxLayout buttonsLayout
2026-07-14 11:14:13,817 [DEBUG] (properties.py:415) -> setting property minimumSize
2026-07-14 11:14:13,817 [DEBUG] (properties.py:415) -> setting property maximumSize
2026-07-14 11:14:13,817 [DEBUG] (properties.py:415) -> setting property cursor
2026-07-14 11:14:13,817 [DEBUG] (properties.py:415) -> setting property styleSheet
2026-07-14 11:14:13,817 [DEBUG] (properties.py:415) -> setting property text
2026-07-14 11:14:13,817 [DEBUG] (uiparser.py:106) -> push QPushButton editBtn
2026-07-14 11:14:13,817 [DEBUG] (uiparser.py:120) -> pop widget QPushButton editBtn
2026-07-14 11:14:13,817 [DEBUG] (uiparser.py:128) -> new topwidget <client.windows.system.tags.tag_card.TagCard object at 0x0000025D6434C410>
2026-07-14 11:14:13,817 [DEBUG] (properties.py:415) -> setting property minimumSize
2026-07-14 11:14:13,817 [DEBUG] (properties.py:415) -> setting property maximumSize
2026-07-14 11:14:13,817 [DEBUG] (properties.py:415) -> setting property cursor
2026-07-14 11:14:13,821 [DEBUG] (properties.py:415) -> setting property styleSheet
2026-07-14 11:14:13,821 [DEBUG] (properties.py:415) -> setting property text
2026-07-14 11:14:13,821 [DEBUG] (uiparser.py:106) -> push QPushButton deleteBtn
2026-07-14 11:14:13,821 [DEBUG] (uiparser.py:120) -> pop widget QPushButton deleteBtn
2026-07-14 11:14:13,821 [DEBUG] (uiparser.py:128) -> new topwidget <client.windows.system.tags.tag_card.TagCard object at 0x0000025D6434C410>
2026-07-14 11:14:13,821 [DEBUG] (uiparser.py:114) -> pop layout QHBoxLayout buttonsLayout
2026-07-14 11:14:13,821 [DEBUG] (uiparser.py:114) -> pop layout QHBoxLayout horizontalLayout
2026-07-14 11:14:13,821 [DEBUG] (uiparser.py:120) -> pop widget TagCard TagCard
2026-07-14 11:14:13,821 [DEBUG] (uiparser.py:128) -> new topwidget None
2026-07-14 11:14:13,822 [DEBUG] (uiparser.py:838) -> toplevel widget is TagCard
2026-07-14 11:14:13,822 [DEBUG] (properties.py:415) -> setting property geometry
2026-07-14 11:14:13,822 [DEBUG] (properties.py:415) -> setting property minimumSize
2026-07-14 11:14:13,822 [DEBUG] (properties.py:415) -> setting property maximumSize
2026-07-14 11:14:13,822 [DEBUG] (properties.py:415) -> setting property styleSheet
2026-07-14 11:14:13,822 [DEBUG] (uiparser.py:106) -> push TagCard TagCard
2026-07-14 11:14:13,822 [DEBUG] (properties.py:415) -> setting property spacing
2026-07-14 11:14:13,822 [DEBUG] (properties.py:415) -> setting property leftMargin
2026-07-14 11:14:13,822 [DEBUG] (properties.py:415) -> setting property topMargin
2026-07-14 11:14:13,822 [DEBUG] (properties.py:415) -> setting property rightMargin
2026-07-14 11:14:13,822 [DEBUG] (properties.py:415) -> setting property bottomMargin
2026-07-14 11:14:13,822 [DEBUG] (properties.py:415) -> setting property pyuicMargins
2026-07-14 11:14:13,822 [DEBUG] (properties.py:415) -> setting property pyuicSpacing
2026-07-14 11:14:13,822 [DEBUG] (uiparser.py:106) -> push QHBoxLayout horizontalLayout
2026-07-14 11:14:13,822 [DEBUG] (properties.py:415) -> setting property minimumSize
2026-07-14 11:14:13,823 [DEBUG] (properties.py:415) -> setting property maximumSize
2026-07-14 11:14:13,823 [DEBUG] (properties.py:415) -> setting property cursor
2026-07-14 11:14:13,823 [DEBUG] (properties.py:415) -> setting property styleSheet
2026-07-14 11:14:13,823 [DEBUG] (properties.py:415) -> setting property text
2026-07-14 11:14:13,823 [DEBUG] (properties.py:415) -> setting property fixedSize
2026-07-14 11:14:13,823 [DEBUG] (uiparser.py:106) -> push QPushButton colorButton
2026-07-14 11:14:13,823 [DEBUG] (uiparser.py:120) -> pop widget QPushButton colorButton
2026-07-14 11:14:13,823 [DEBUG] (uiparser.py:128) -> new topwidget <client.windows.system.tags.tag_card.TagCard object at 0x0000025D6434C9B0>
2026-07-14 11:14:13,823 [DEBUG] (properties.py:415) -> setting property styleSheet
2026-07-14 11:14:13,823 [DEBUG] (properties.py:415) -> setting property text
2026-07-14 11:14:13,823 [DEBUG] (uiparser.py:106) -> push QLabel nameLabel
2026-07-14 11:14:13,823 [DEBUG] (uiparser.py:120) -> pop widget QLabel nameLabel
2026-07-14 11:14:13,823 [DEBUG] (uiparser.py:128) -> new topwidget <client.windows.system.tags.tag_card.TagCard object at 0x0000025D6434C9B0>
2026-07-14 11:14:13,823 [DEBUG] (properties.py:415) -> setting property styleSheet
2026-07-14 11:14:13,823 [DEBUG] (properties.py:415) -> setting property text
2026-07-14 11:14:13,823 [DEBUG] (uiparser.py:106) -> push QLabel countLabel
2026-07-14 11:14:13,823 [DEBUG] (uiparser.py:120) -> pop widget QLabel countLabel
2026-07-14 11:14:13,823 [DEBUG] (uiparser.py:128) -> new topwidget <client.windows.system.tags.tag_card.TagCard object at 0x0000025D6434C9B0>
2026-07-14 11:14:13,823 [DEBUG] (properties.py:415) -> setting property spacing
2026-07-14 11:14:13,823 [DEBUG] (properties.py:415) -> setting property pyuicSpacing
2026-07-14 11:14:13,823 [DEBUG] (uiparser.py:106) -> push QHBoxLayout buttonsLayout
2026-07-14 11:14:13,823 [DEBUG] (properties.py:415) -> setting property minimumSize
2026-07-14 11:14:13,823 [DEBUG] (properties.py:415) -> setting property maximumSize
2026-07-14 11:14:13,823 [DEBUG] (properties.py:415) -> setting property cursor
2026-07-14 11:14:13,823 [DEBUG] (properties.py:415) -> setting property styleSheet
2026-07-14 11:14:13,823 [DEBUG] (properties.py:415) -> setting property text
2026-07-14 11:14:13,823 [DEBUG] (uiparser.py:106) -> push QPushButton editBtn
2026-07-14 11:14:13,823 [DEBUG] (uiparser.py:120) -> pop widget QPushButton editBtn
2026-07-14 11:14:13,823 [DEBUG] (uiparser.py:128) -> new topwidget <client.windows.system.tags.tag_card.TagCard object at 0x0000025D6434C9B0>
2026-07-14 11:14:13,823 [DEBUG] (properties.py:415) -> setting property minimumSize
2026-07-14 11:14:13,823 [DEBUG] (properties.py:415) -> setting property maximumSize
2026-07-14 11:14:13,823 [DEBUG] (properties.py:415) -> setting property cursor
2026-07-14 11:14:13,823 [DEBUG] (properties.py:415) -> setting property styleSheet
2026-07-14 11:14:13,823 [DEBUG] (properties.py:415) -> setting property text
2026-07-14 11:14:13,823 [DEBUG] (uiparser.py:106) -> push QPushButton deleteBtn
2026-07-14 11:14:13,823 [DEBUG] (uiparser.py:120) -> pop widget QPushButton deleteBtn
2026-07-14 11:14:13,823 [DEBUG] (uiparser.py:128) -> new topwidget <client.windows.system.tags.tag_card.TagCard object at 0x0000025D6434C9B0>
2026-07-14 11:14:13,823 [DEBUG] (uiparser.py:114) -> pop layout QHBoxLayout buttonsLayout
2026-07-14 11:14:13,823 [DEBUG] (uiparser.py:114) -> pop layout QHBoxLayout horizontalLayout
2026-07-14 11:14:13,823 [DEBUG] (uiparser.py:120) -> pop widget TagCard TagCard
2026-07-14 11:14:13,823 [DEBUG] (uiparser.py:128) -> new topwidget None
2026-07-14 11:14:13,825 [DEBUG] (uiparser.py:838) -> toplevel widget is TagCard
2026-07-14 11:14:13,825 [DEBUG] (properties.py:415) -> setting property geometry
2026-07-14 11:14:13,825 [DEBUG] (properties.py:415) -> setting property minimumSize
2026-07-14 11:14:13,825 [DEBUG] (properties.py:415) -> setting property maximumSize
2026-07-14 11:14:13,825 [DEBUG] (properties.py:415) -> setting property styleSheet
2026-07-14 11:14:13,825 [DEBUG] (uiparser.py:106) -> push TagCard TagCard
2026-07-14 11:14:13,825 [DEBUG] (properties.py:415) -> setting property spacing
2026-07-14 11:14:13,825 [DEBUG] (properties.py:415) -> setting property leftMargin
2026-07-14 11:14:13,825 [DEBUG] (properties.py:415) -> setting property topMargin
2026-07-14 11:14:13,825 [DEBUG] (properties.py:415) -> setting property rightMargin
2026-07-14 11:14:13,825 [DEBUG] (properties.py:415) -> setting property bottomMargin
2026-07-14 11:14:13,825 [DEBUG] (properties.py:415) -> setting property pyuicMargins
2026-07-14 11:14:13,825 [DEBUG] (properties.py:415) -> setting property pyuicSpacing
2026-07-14 11:14:13,825 [DEBUG] (uiparser.py:106) -> push QHBoxLayout horizontalLayout
2026-07-14 11:14:13,825 [DEBUG] (properties.py:415) -> setting property minimumSize
2026-07-14 11:14:13,825 [DEBUG] (properties.py:415) -> setting property maximumSize
2026-07-14 11:14:13,825 [DEBUG] (properties.py:415) -> setting property cursor
2026-07-14 11:14:13,825 [DEBUG] (properties.py:415) -> setting property styleSheet
2026-07-14 11:14:13,825 [DEBUG] (properties.py:415) -> setting property text
2026-07-14 11:14:13,825 [DEBUG] (properties.py:415) -> setting property fixedSize
2026-07-14 11:14:13,825 [DEBUG] (uiparser.py:106) -> push QPushButton colorButton
2026-07-14 11:14:13,825 [DEBUG] (uiparser.py:120) -> pop widget QPushButton colorButton
2026-07-14 11:14:13,825 [DEBUG] (uiparser.py:128) -> new topwidget <client.windows.system.tags.tag_card.TagCard object at 0x0000025D6434CF50>
2026-07-14 11:14:13,825 [DEBUG] (properties.py:415) -> setting property styleSheet
2026-07-14 11:14:13,825 [DEBUG] (properties.py:415) -> setting property text
2026-07-14 11:14:13,825 [DEBUG] (uiparser.py:106) -> push QLabel nameLabel
2026-07-14 11:14:13,825 [DEBUG] (uiparser.py:120) -> pop widget QLabel nameLabel
2026-07-14 11:14:13,825 [DEBUG] (uiparser.py:128) -> new topwidget <client.windows.system.tags.tag_card.TagCard object at 0x0000025D6434CF50>
2026-07-14 11:14:13,825 [DEBUG] (properties.py:415) -> setting property styleSheet
2026-07-14 11:14:13,825 [DEBUG] (properties.py:415) -> setting property text
2026-07-14 11:14:13,825 [DEBUG] (uiparser.py:106) -> push QLabel countLabel
2026-07-14 11:14:13,825 [DEBUG] (uiparser.py:120) -> pop widget QLabel countLabel
2026-07-14 11:14:13,826 [DEBUG] (uiparser.py:128) -> new topwidget <client.windows.system.tags.tag_card.TagCard object at 0x0000025D6434CF50>
2026-07-14 11:14:13,826 [DEBUG] (properties.py:415) -> setting property spacing
2026-07-14 11:14:13,826 [DEBUG] (properties.py:415) -> setting property pyuicSpacing
2026-07-14 11:14:13,826 [DEBUG] (uiparser.py:106) -> push QHBoxLayout buttonsLayout
2026-07-14 11:14:13,826 [DEBUG] (properties.py:415) -> setting property minimumSize
2026-07-14 11:14:13,826 [DEBUG] (properties.py:415) -> setting property maximumSize
2026-07-14 11:14:13,826 [DEBUG] (properties.py:415) -> setting property cursor
2026-07-14 11:14:13,826 [DEBUG] (properties.py:415) -> setting property styleSheet
2026-07-14 11:14:13,826 [DEBUG] (properties.py:415) -> setting property text
2026-07-14 11:14:13,826 [DEBUG] (uiparser.py:106) -> push QPushButton editBtn
2026-07-14 11:14:13,826 [DEBUG] (uiparser.py:120) -> pop widget QPushButton editBtn
2026-07-14 11:14:13,826 [DEBUG] (uiparser.py:128) -> new topwidget <client.windows.system.tags.tag_card.TagCard object at 0x0000025D6434CF50>
2026-07-14 11:14:13,826 [DEBUG] (properties.py:415) -> setting property minimumSize
2026-07-14 11:14:13,826 [DEBUG] (properties.py:415) -> setting property maximumSize
2026-07-14 11:14:13,826 [DEBUG] (properties.py:415) -> setting property cursor
2026-07-14 11:14:13,826 [DEBUG] (properties.py:415) -> setting property styleSheet
2026-07-14 11:14:13,826 [DEBUG] (properties.py:415) -> setting property text
2026-07-14 11:14:13,826 [DEBUG] (uiparser.py:106) -> push QPushButton deleteBtn
2026-07-14 11:14:13,826 [DEBUG] (uiparser.py:120) -> pop widget QPushButton deleteBtn
2026-07-14 11:14:13,826 [DEBUG] (uiparser.py:128) -> new topwidget <client.windows.system.tags.tag_card.TagCard object at 0x0000025D6434CF50>
2026-07-14 11:14:13,826 [DEBUG] (uiparser.py:114) -> pop layout QHBoxLayout buttonsLayout
2026-07-14 11:14:13,826 [DEBUG] (uiparser.py:114) -> pop layout QHBoxLayout horizontalLayout
2026-07-14 11:14:13,826 [DEBUG] (uiparser.py:120) -> pop widget TagCard TagCard
2026-07-14 11:14:13,826 [DEBUG] (uiparser.py:128) -> new topwidget None
2026-07-14 11:14:13,853 [DEBUG] (uiparser.py:838) -> toplevel widget is DocumentTypesPage
2026-07-14 11:14:13,853 [DEBUG] (properties.py:415) -> setting property geometry
2026-07-14 11:14:13,853 [DEBUG] (properties.py:415) -> setting property windowTitle
2026-07-14 11:14:13,853 [DEBUG] (properties.py:415) -> setting property styleSheet
2026-07-14 11:14:13,853 [DEBUG] (uiparser.py:106) -> push DocumentTypesPage DocumentTypesPage
2026-07-14 11:14:13,853 [DEBUG] (properties.py:415) -> setting property spacing
2026-07-14 11:14:13,853 [DEBUG] (properties.py:415) -> setting property leftMargin
2026-07-14 11:14:13,853 [DEBUG] (properties.py:415) -> setting property topMargin
2026-07-14 11:14:13,853 [DEBUG] (properties.py:415) -> setting property rightMargin
2026-07-14 11:14:13,853 [DEBUG] (properties.py:415) -> setting property bottomMargin
2026-07-14 11:14:13,853 [DEBUG] (properties.py:415) -> setting property pyuicMargins
2026-07-14 11:14:13,853 [DEBUG] (properties.py:415) -> setting property pyuicSpacing
2026-07-14 11:14:13,853 [DEBUG] (uiparser.py:106) -> push QVBoxLayout mainLayout
2026-07-14 11:14:13,853 [DEBUG] (properties.py:415) -> setting property spacing
2026-07-14 11:14:13,853 [DEBUG] (properties.py:415) -> setting property pyuicSpacing
2026-07-14 11:14:13,853 [DEBUG] (uiparser.py:106) -> push QHBoxLayout toolbarLayout
2026-07-14 11:14:13,853 [DEBUG] (properties.py:415) -> setting property minimumSize
2026-07-14 11:14:13,853 [DEBUG] (properties.py:415) -> setting property maximumSize
2026-07-14 11:14:13,853 [DEBUG] (properties.py:415) -> setting property styleSheet
2026-07-14 11:14:13,853 [DEBUG] (properties.py:415) -> setting property placeholderText
2026-07-14 11:14:13,854 [DEBUG] (uiparser.py:106) -> push QLineEdit searchEdit
2026-07-14 11:14:13,854 [DEBUG] (uiparser.py:120) -> pop widget QLineEdit searchEdit
2026-07-14 11:14:13,854 [DEBUG] (uiparser.py:128) -> new topwidget <client.windows.system.document_types.document_type_page.DocumentTypesPage object at 0x0000025D6434D590>
2026-07-14 11:14:13,854 [DEBUG] (properties.py:415) -> setting property minimumSize
2026-07-14 11:14:13,854 [DEBUG] (properties.py:415) -> setting property styleSheet
2026-07-14 11:14:13,854 [DEBUG] (properties.py:415) -> setting property text
2026-07-14 11:14:13,854 [DEBUG] (uiparser.py:106) -> push QPushButton btnSort
2026-07-14 11:14:13,854 [DEBUG] (uiparser.py:120) -> pop widget QPushButton btnSort
2026-07-14 11:14:13,854 [DEBUG] (uiparser.py:128) -> new topwidget <client.windows.system.document_types.document_type_page.DocumentTypesPage object at 0x0000025D6434D590>
2026-07-14 11:14:13,854 [DEBUG] (properties.py:415) -> setting property minimumSize
2026-07-14 11:14:13,854 [DEBUG] (properties.py:415) -> setting property maximumSize
2026-07-14 11:14:13,854 [DEBUG] (properties.py:415) -> setting property toolTip
2026-07-14 11:14:13,854 [DEBUG] (properties.py:415) -> setting property styleSheet
2026-07-14 11:14:13,854 [DEBUG] (properties.py:415) -> setting property text
2026-07-14 11:14:13,854 [DEBUG] (uiparser.py:106) -> push QPushButton btnResetFilters
2026-07-14 11:14:13,854 [DEBUG] (uiparser.py:120) -> pop widget QPushButton btnResetFilters
2026-07-14 11:14:13,854 [DEBUG] (uiparser.py:128) -> new topwidget <client.windows.system.document_types.document_type_page.DocumentTypesPage object at 0x0000025D6434D590>
2026-07-14 11:14:13,854 [DEBUG] (uiparser.py:114) -> pop layout QHBoxLayout toolbarLayout
2026-07-14 11:14:13,854 [DEBUG] (properties.py:415) -> setting property styleSheet
2026-07-14 11:14:13,854 [DEBUG] (properties.py:415) -> setting property widgetResizable
2026-07-14 11:14:13,854 [DEBUG] (uiparser.py:106) -> push QScrollArea scrollArea
2026-07-14 11:14:13,854 [DEBUG] (properties.py:415) -> setting property geometry
2026-07-14 11:14:13,854 [DEBUG] (uiparser.py:106) -> push QWidget scrollAreaWidgetContents
2026-07-14 11:14:13,854 [DEBUG] (properties.py:415) -> setting property spacing
2026-07-14 11:14:13,854 [DEBUG] (properties.py:415) -> setting property leftMargin
2026-07-14 11:14:13,854 [DEBUG] (properties.py:415) -> setting property topMargin
2026-07-14 11:14:13,854 [DEBUG] (properties.py:415) -> setting property rightMargin
2026-07-14 11:14:13,854 [DEBUG] (properties.py:415) -> setting property bottomMargin
2026-07-14 11:14:13,854 [DEBUG] (properties.py:415) -> setting property pyuicMargins
2026-07-14 11:14:13,855 [DEBUG] (properties.py:415) -> setting property pyuicSpacing
2026-07-14 11:14:13,855 [DEBUG] (uiparser.py:106) -> push QVBoxLayout typesLayout
2026-07-14 11:14:13,855 [DEBUG] (uiparser.py:114) -> pop layout QVBoxLayout typesLayout
2026-07-14 11:14:13,855 [DEBUG] (uiparser.py:120) -> pop widget QWidget scrollAreaWidgetContents
2026-07-14 11:14:13,855 [DEBUG] (uiparser.py:128) -> new topwidget <PyQt6.QtWidgets.QScrollArea object at 0x0000025D6434D9F0>
2026-07-14 11:14:13,855 [DEBUG] (uiparser.py:120) -> pop widget QScrollArea scrollArea
2026-07-14 11:14:13,855 [DEBUG] (uiparser.py:128) -> new topwidget <client.windows.system.document_types.document_type_page.DocumentTypesPage object at 0x0000025D6434D590>
2026-07-14 11:14:13,855 [DEBUG] (uiparser.py:114) -> pop layout QVBoxLayout mainLayout
2026-07-14 11:14:13,855 [DEBUG] (uiparser.py:120) -> pop widget DocumentTypesPage DocumentTypesPage
2026-07-14 11:14:13,855 [DEBUG] (uiparser.py:128) -> new topwidget None
2026-07-14 11:14:13,856 [DEBUG] (uiparser.py:838) -> toplevel widget is DocumentTypeCard
2026-07-14 11:14:13,856 [DEBUG] (properties.py:415) -> setting property geometry
2026-07-14 11:14:13,856 [DEBUG] (properties.py:415) -> setting property minimumSize
2026-07-14 11:14:13,856 [DEBUG] (properties.py:415) -> setting property maximumSize
2026-07-14 11:14:13,856 [DEBUG] (properties.py:415) -> setting property styleSheet
2026-07-14 11:14:13,856 [DEBUG] (uiparser.py:106) -> push DocumentTypeCard DocumentTypeCard
2026-07-14 11:14:13,856 [DEBUG] (properties.py:415) -> setting property spacing
2026-07-14 11:14:13,856 [DEBUG] (properties.py:415) -> setting property leftMargin
2026-07-14 11:14:13,856 [DEBUG] (properties.py:415) -> setting property topMargin
2026-07-14 11:14:13,856 [DEBUG] (properties.py:415) -> setting property rightMargin
2026-07-14 11:14:13,856 [DEBUG] (properties.py:415) -> setting property bottomMargin
2026-07-14 11:14:13,856 [DEBUG] (properties.py:415) -> setting property pyuicMargins
2026-07-14 11:14:13,856 [DEBUG] (properties.py:415) -> setting property pyuicSpacing
2026-07-14 11:14:13,856 [DEBUG] (uiparser.py:106) -> push QHBoxLayout horizontalLayout
2026-07-14 11:14:13,856 [DEBUG] (properties.py:415) -> setting property spacing
2026-07-14 11:14:13,856 [DEBUG] (properties.py:415) -> setting property pyuicSpacing
2026-07-14 11:14:13,856 [DEBUG] (uiparser.py:106) -> push QHBoxLayout buttonsLayout
2026-07-14 11:14:13,856 [DEBUG] (properties.py:415) -> setting property spacing
2026-07-14 11:14:13,856 [DEBUG] (properties.py:415) -> setting property pyuicSpacing
2026-07-14 11:14:13,856 [DEBUG] (uiparser.py:106) -> push QVBoxLayout infoLayout_2
2026-07-14 11:14:13,856 [DEBUG] (properties.py:415) -> setting property styleSheet
2026-07-14 11:14:13,856 [DEBUG] (properties.py:415) -> setting property text
2026-07-14 11:14:13,856 [DEBUG] (uiparser.py:106) -> push QLabel nameLabel_2
2026-07-14 11:14:13,856 [DEBUG] (uiparser.py:120) -> pop widget QLabel nameLabel_2
2026-07-14 11:14:13,856 [DEBUG] (uiparser.py:128) -> new topwidget <client.windows.system.document_types.document_type_card.DocumentTypeCard object at 0x0000025D6434E170>
2026-07-14 11:14:13,856 [DEBUG] (properties.py:415) -> setting property styleSheet
2026-07-14 11:14:13,856 [DEBUG] (properties.py:415) -> setting property text
2026-07-14 11:14:13,857 [DEBUG] (uiparser.py:106) -> push QLabel fieldsCountLabel
2026-07-14 11:14:13,857 [DEBUG] (uiparser.py:120) -> pop widget QLabel fieldsCountLabel
2026-07-14 11:14:13,857 [DEBUG] (uiparser.py:128) -> new topwidget <client.windows.system.document_types.document_type_card.DocumentTypeCard object at 0x0000025D6434E170>
2026-07-14 11:14:13,857 [DEBUG] (properties.py:415) -> setting property styleSheet
2026-07-14 11:14:13,857 [DEBUG] (properties.py:415) -> setting property text
2026-07-14 11:14:13,857 [DEBUG] (uiparser.py:106) -> push QLabel autoNumLabel
2026-07-14 11:14:13,857 [DEBUG] (uiparser.py:120) -> pop widget QLabel autoNumLabel
2026-07-14 11:14:13,857 [DEBUG] (uiparser.py:128) -> new topwidget <client.windows.system.document_types.document_type_card.DocumentTypeCard object at 0x0000025D6434E170>
2026-07-14 11:14:13,857 [DEBUG] (properties.py:415) -> setting property styleSheet
2026-07-14 11:14:13,857 [DEBUG] (properties.py:415) -> setting property text
2026-07-14 11:14:13,857 [DEBUG] (uiparser.py:106) -> push QLabel docsCountLabel
2026-07-14 11:14:13,857 [DEBUG] (uiparser.py:120) -> pop widget QLabel docsCountLabel
2026-07-14 11:14:13,857 [DEBUG] (uiparser.py:128) -> new topwidget <client.windows.system.document_types.document_type_card.DocumentTypeCard object at 0x0000025D6434E170>
2026-07-14 11:14:13,857 [DEBUG] (uiparser.py:114) -> pop layout QVBoxLayout infoLayout_2
2026-07-14 11:14:13,857 [DEBUG] (properties.py:415) -> setting property minimumSize
2026-07-14 11:14:13,857 [DEBUG] (properties.py:415) -> setting property maximumSize
2026-07-14 11:14:13,857 [DEBUG] (properties.py:415) -> setting property cursor
2026-07-14 11:14:13,857 [DEBUG] (properties.py:415) -> setting property styleSheet
2026-07-14 11:14:13,858 [DEBUG] (properties.py:415) -> setting property text
2026-07-14 11:14:13,858 [DEBUG] (uiparser.py:106) -> push QPushButton editBtn
2026-07-14 11:14:13,858 [DEBUG] (uiparser.py:120) -> pop widget QPushButton editBtn
2026-07-14 11:14:13,858 [DEBUG] (uiparser.py:128) -> new topwidget <client.windows.system.document_types.document_type_card.DocumentTypeCard object at 0x0000025D6434E170>
2026-07-14 11:14:13,858 [DEBUG] (properties.py:415) -> setting property minimumSize
2026-07-14 11:14:13,858 [DEBUG] (properties.py:415) -> setting property maximumSize
2026-07-14 11:14:13,858 [DEBUG] (properties.py:415) -> setting property cursor
2026-07-14 11:14:13,858 [DEBUG] (properties.py:415) -> setting property styleSheet
2026-07-14 11:14:13,858 [DEBUG] (properties.py:415) -> setting property text
2026-07-14 11:14:13,858 [DEBUG] (uiparser.py:106) -> push QPushButton deleteBtn
2026-07-14 11:14:13,858 [DEBUG] (uiparser.py:120) -> pop widget QPushButton deleteBtn
2026-07-14 11:14:13,858 [DEBUG] (uiparser.py:128) -> new topwidget <client.windows.system.document_types.document_type_card.DocumentTypeCard object at 0x0000025D6434E170>
2026-07-14 11:14:13,858 [DEBUG] (uiparser.py:114) -> pop layout QHBoxLayout buttonsLayout
2026-07-14 11:14:13,858 [DEBUG] (uiparser.py:114) -> pop layout QHBoxLayout horizontalLayout
2026-07-14 11:14:13,858 [DEBUG] (uiparser.py:120) -> pop widget DocumentTypeCard DocumentTypeCard
2026-07-14 11:14:13,858 [DEBUG] (uiparser.py:128) -> new topwidget None
2026-07-14 11:14:13,859 [DEBUG] (uiparser.py:838) -> toplevel widget is DocumentTypeCard
2026-07-14 11:14:13,859 [DEBUG] (properties.py:415) -> setting property geometry
2026-07-14 11:14:13,859 [DEBUG] (properties.py:415) -> setting property minimumSize
2026-07-14 11:14:13,859 [DEBUG] (properties.py:415) -> setting property maximumSize
2026-07-14 11:14:13,859 [DEBUG] (properties.py:415) -> setting property styleSheet
2026-07-14 11:14:13,859 [DEBUG] (uiparser.py:106) -> push DocumentTypeCard DocumentTypeCard
2026-07-14 11:14:13,859 [DEBUG] (properties.py:415) -> setting property spacing
2026-07-14 11:14:13,860 [DEBUG] (properties.py:415) -> setting property leftMargin
2026-07-14 11:14:13,860 [DEBUG] (properties.py:415) -> setting property topMargin
2026-07-14 11:14:13,860 [DEBUG] (properties.py:415) -> setting property rightMargin
2026-07-14 11:14:13,860 [DEBUG] (properties.py:415) -> setting property bottomMargin
2026-07-14 11:14:13,860 [DEBUG] (properties.py:415) -> setting property pyuicMargins
2026-07-14 11:14:13,860 [DEBUG] (properties.py:415) -> setting property pyuicSpacing
2026-07-14 11:14:13,860 [DEBUG] (uiparser.py:106) -> push QHBoxLayout horizontalLayout
2026-07-14 11:14:13,860 [DEBUG] (properties.py:415) -> setting property spacing
2026-07-14 11:14:13,860 [DEBUG] (properties.py:415) -> setting property pyuicSpacing
2026-07-14 11:14:13,860 [DEBUG] (uiparser.py:106) -> push QHBoxLayout buttonsLayout
2026-07-14 11:14:13,860 [DEBUG] (properties.py:415) -> setting property spacing
2026-07-14 11:14:13,860 [DEBUG] (properties.py:415) -> setting property pyuicSpacing
2026-07-14 11:14:13,860 [DEBUG] (uiparser.py:106) -> push QVBoxLayout infoLayout_2
2026-07-14 11:14:13,860 [DEBUG] (properties.py:415) -> setting property styleSheet
2026-07-14 11:14:13,860 [DEBUG] (properties.py:415) -> setting property text
2026-07-14 11:14:13,860 [DEBUG] (uiparser.py:106) -> push QLabel nameLabel_2
2026-07-14 11:14:13,860 [DEBUG] (uiparser.py:120) -> pop widget QLabel nameLabel_2
2026-07-14 11:14:13,860 [DEBUG] (uiparser.py:128) -> new topwidget <client.windows.system.document_types.document_type_card.DocumentTypeCard object at 0x0000025D6434E850>
2026-07-14 11:14:13,860 [DEBUG] (properties.py:415) -> setting property styleSheet
2026-07-14 11:14:13,860 [DEBUG] (properties.py:415) -> setting property text
2026-07-14 11:14:13,860 [DEBUG] (uiparser.py:106) -> push QLabel fieldsCountLabel
2026-07-14 11:14:13,860 [DEBUG] (uiparser.py:120) -> pop widget QLabel fieldsCountLabel
2026-07-14 11:14:13,860 [DEBUG] (uiparser.py:128) -> new topwidget <client.windows.system.document_types.document_type_card.DocumentTypeCard object at 0x0000025D6434E850>
2026-07-14 11:14:13,860 [DEBUG] (properties.py:415) -> setting property styleSheet
2026-07-14 11:14:13,860 [DEBUG] (properties.py:415) -> setting property text
2026-07-14 11:14:13,860 [DEBUG] (uiparser.py:106) -> push QLabel autoNumLabel
2026-07-14 11:14:13,860 [DEBUG] (uiparser.py:120) -> pop widget QLabel autoNumLabel
2026-07-14 11:14:13,860 [DEBUG] (uiparser.py:128) -> new topwidget <client.windows.system.document_types.document_type_card.DocumentTypeCard object at 0x0000025D6434E850>
2026-07-14 11:14:13,860 [DEBUG] (properties.py:415) -> setting property styleSheet
2026-07-14 11:14:13,860 [DEBUG] (properties.py:415) -> setting property text
2026-07-14 11:14:13,860 [DEBUG] (uiparser.py:106) -> push QLabel docsCountLabel
2026-07-14 11:14:13,860 [DEBUG] (uiparser.py:120) -> pop widget QLabel docsCountLabel
2026-07-14 11:14:13,860 [DEBUG] (uiparser.py:128) -> new topwidget <client.windows.system.document_types.document_type_card.DocumentTypeCard object at 0x0000025D6434E850>
2026-07-14 11:14:13,860 [DEBUG] (uiparser.py:114) -> pop layout QVBoxLayout infoLayout_2
2026-07-14 11:14:13,860 [DEBUG] (properties.py:415) -> setting property minimumSize
2026-07-14 11:14:13,860 [DEBUG] (properties.py:415) -> setting property maximumSize
2026-07-14 11:14:13,860 [DEBUG] (properties.py:415) -> setting property cursor
2026-07-14 11:14:13,860 [DEBUG] (properties.py:415) -> setting property styleSheet
2026-07-14 11:14:13,860 [DEBUG] (properties.py:415) -> setting property text
2026-07-14 11:14:13,860 [DEBUG] (uiparser.py:106) -> push QPushButton editBtn
2026-07-14 11:14:13,860 [DEBUG] (uiparser.py:120) -> pop widget QPushButton editBtn
2026-07-14 11:14:13,860 [DEBUG] (uiparser.py:128) -> new topwidget <client.windows.system.document_types.document_type_card.DocumentTypeCard object at 0x0000025D6434E850>
2026-07-14 11:14:13,860 [DEBUG] (properties.py:415) -> setting property minimumSize
2026-07-14 11:14:13,860 [DEBUG] (properties.py:415) -> setting property maximumSize
2026-07-14 11:14:13,860 [DEBUG] (properties.py:415) -> setting property cursor
2026-07-14 11:14:13,860 [DEBUG] (properties.py:415) -> setting property styleSheet
2026-07-14 11:14:13,861 [DEBUG] (properties.py:415) -> setting property text
2026-07-14 11:14:13,861 [DEBUG] (uiparser.py:106) -> push QPushButton deleteBtn
2026-07-14 11:14:13,861 [DEBUG] (uiparser.py:120) -> pop widget QPushButton deleteBtn
2026-07-14 11:14:13,861 [DEBUG] (uiparser.py:128) -> new topwidget <client.windows.system.document_types.document_type_card.DocumentTypeCard object at 0x0000025D6434E850>
2026-07-14 11:14:13,862 [DEBUG] (uiparser.py:114) -> pop layout QHBoxLayout buttonsLayout
2026-07-14 11:14:13,862 [DEBUG] (uiparser.py:114) -> pop layout QHBoxLayout horizontalLayout
2026-07-14 11:14:13,862 [DEBUG] (uiparser.py:120) -> pop widget DocumentTypeCard DocumentTypeCard
2026-07-14 11:14:13,862 [DEBUG] (uiparser.py:128) -> new topwidget None
2026-07-14 11:14:13,863 [DEBUG] (uiparser.py:838) -> toplevel widget is DocumentTypeCard
2026-07-14 11:14:13,863 [DEBUG] (properties.py:415) -> setting property geometry
2026-07-14 11:14:13,863 [DEBUG] (properties.py:415) -> setting property minimumSize
2026-07-14 11:14:13,863 [DEBUG] (properties.py:415) -> setting property maximumSize
2026-07-14 11:14:13,863 [DEBUG] (properties.py:415) -> setting property styleSheet
2026-07-14 11:14:13,863 [DEBUG] (uiparser.py:106) -> push DocumentTypeCard DocumentTypeCard
2026-07-14 11:14:13,863 [DEBUG] (properties.py:415) -> setting property spacing
2026-07-14 11:14:13,863 [DEBUG] (properties.py:415) -> setting property leftMargin
2026-07-14 11:14:13,863 [DEBUG] (properties.py:415) -> setting property topMargin
2026-07-14 11:14:13,863 [DEBUG] (properties.py:415) -> setting property rightMargin
2026-07-14 11:14:13,863 [DEBUG] (properties.py:415) -> setting property bottomMargin
2026-07-14 11:14:13,863 [DEBUG] (properties.py:415) -> setting property pyuicMargins
2026-07-14 11:14:13,863 [DEBUG] (properties.py:415) -> setting property pyuicSpacing
2026-07-14 11:14:13,863 [DEBUG] (uiparser.py:106) -> push QHBoxLayout horizontalLayout
2026-07-14 11:14:13,863 [DEBUG] (properties.py:415) -> setting property spacing
2026-07-14 11:14:13,863 [DEBUG] (properties.py:415) -> setting property pyuicSpacing
2026-07-14 11:14:13,863 [DEBUG] (uiparser.py:106) -> push QHBoxLayout buttonsLayout
2026-07-14 11:14:13,863 [DEBUG] (properties.py:415) -> setting property spacing
2026-07-14 11:14:13,864 [DEBUG] (properties.py:415) -> setting property pyuicSpacing
2026-07-14 11:14:13,864 [DEBUG] (uiparser.py:106) -> push QVBoxLayout infoLayout_2
2026-07-14 11:14:13,864 [DEBUG] (properties.py:415) -> setting property styleSheet
2026-07-14 11:14:13,864 [DEBUG] (properties.py:415) -> setting property text
2026-07-14 11:14:13,864 [DEBUG] (uiparser.py:106) -> push QLabel nameLabel_2
2026-07-14 11:14:13,864 [DEBUG] (uiparser.py:120) -> pop widget QLabel nameLabel_2
2026-07-14 11:14:13,864 [DEBUG] (uiparser.py:128) -> new topwidget <client.windows.system.document_types.document_type_card.DocumentTypeCard object at 0x0000025D6434EF30>
2026-07-14 11:14:13,864 [DEBUG] (properties.py:415) -> setting property styleSheet
2026-07-14 11:14:13,864 [DEBUG] (properties.py:415) -> setting property text
2026-07-14 11:14:13,864 [DEBUG] (uiparser.py:106) -> push QLabel fieldsCountLabel
2026-07-14 11:14:13,864 [DEBUG] (uiparser.py:120) -> pop widget QLabel fieldsCountLabel
2026-07-14 11:14:13,864 [DEBUG] (uiparser.py:128) -> new topwidget <client.windows.system.document_types.document_type_card.DocumentTypeCard object at 0x0000025D6434EF30>
2026-07-14 11:14:13,864 [DEBUG] (properties.py:415) -> setting property styleSheet
2026-07-14 11:14:13,864 [DEBUG] (properties.py:415) -> setting property text
2026-07-14 11:14:13,864 [DEBUG] (uiparser.py:106) -> push QLabel autoNumLabel
2026-07-14 11:14:13,864 [DEBUG] (uiparser.py:120) -> pop widget QLabel autoNumLabel
2026-07-14 11:14:13,864 [DEBUG] (uiparser.py:128) -> new topwidget <client.windows.system.document_types.document_type_card.DocumentTypeCard object at 0x0000025D6434EF30>
2026-07-14 11:14:13,864 [DEBUG] (properties.py:415) -> setting property styleSheet
2026-07-14 11:14:13,864 [DEBUG] (properties.py:415) -> setting property text
2026-07-14 11:14:13,864 [DEBUG] (uiparser.py:106) -> push QLabel docsCountLabel
2026-07-14 11:14:13,864 [DEBUG] (uiparser.py:120) -> pop widget QLabel docsCountLabel
2026-07-14 11:14:13,864 [DEBUG] (uiparser.py:128) -> new topwidget <client.windows.system.document_types.document_type_card.DocumentTypeCard object at 0x0000025D6434EF30>
2026-07-14 11:14:13,864 [DEBUG] (uiparser.py:114) -> pop layout QVBoxLayout infoLayout_2
2026-07-14 11:14:13,864 [DEBUG] (properties.py:415) -> setting property minimumSize
2026-07-14 11:14:13,864 [DEBUG] (properties.py:415) -> setting property maximumSize
2026-07-14 11:14:13,864 [DEBUG] (properties.py:415) -> setting property cursor
2026-07-14 11:14:13,864 [DEBUG] (properties.py:415) -> setting property styleSheet
2026-07-14 11:14:13,864 [DEBUG] (properties.py:415) -> setting property text
2026-07-14 11:14:13,864 [DEBUG] (uiparser.py:106) -> push QPushButton editBtn
2026-07-14 11:14:13,864 [DEBUG] (uiparser.py:120) -> pop widget QPushButton editBtn
2026-07-14 11:14:13,864 [DEBUG] (uiparser.py:128) -> new topwidget <client.windows.system.document_types.document_type_card.DocumentTypeCard object at 0x0000025D6434EF30>
2026-07-14 11:14:13,864 [DEBUG] (properties.py:415) -> setting property minimumSize
2026-07-14 11:14:13,864 [DEBUG] (properties.py:415) -> setting property maximumSize
2026-07-14 11:14:13,864 [DEBUG] (properties.py:415) -> setting property cursor
2026-07-14 11:14:13,864 [DEBUG] (properties.py:415) -> setting property styleSheet
2026-07-14 11:14:13,864 [DEBUG] (properties.py:415) -> setting property text
2026-07-14 11:14:13,864 [DEBUG] (uiparser.py:106) -> push QPushButton deleteBtn
2026-07-14 11:14:13,864 [DEBUG] (uiparser.py:120) -> pop widget QPushButton deleteBtn
2026-07-14 11:14:13,864 [DEBUG] (uiparser.py:128) -> new topwidget <client.windows.system.document_types.document_type_card.DocumentTypeCard object at 0x0000025D6434EF30>
2026-07-14 11:14:13,864 [DEBUG] (uiparser.py:114) -> pop layout QHBoxLayout buttonsLayout
2026-07-14 11:14:13,864 [DEBUG] (uiparser.py:114) -> pop layout QHBoxLayout horizontalLayout
2026-07-14 11:14:13,864 [DEBUG] (uiparser.py:120) -> pop widget DocumentTypeCard DocumentTypeCard
2026-07-14 11:14:13,864 [DEBUG] (uiparser.py:128) -> new topwidget None
2026-07-14 11:14:13,866 [DEBUG] (uiparser.py:838) -> toplevel widget is DocumentTypeCard
2026-07-14 11:14:13,866 [DEBUG] (properties.py:415) -> setting property geometry
2026-07-14 11:14:13,866 [DEBUG] (properties.py:415) -> setting property minimumSize
2026-07-14 11:14:13,866 [DEBUG] (properties.py:415) -> setting property maximumSize
2026-07-14 11:14:13,866 [DEBUG] (properties.py:415) -> setting property styleSheet
2026-07-14 11:14:13,866 [DEBUG] (uiparser.py:106) -> push DocumentTypeCard DocumentTypeCard
2026-07-14 11:14:13,866 [DEBUG] (properties.py:415) -> setting property spacing
2026-07-14 11:14:13,866 [DEBUG] (properties.py:415) -> setting property leftMargin
2026-07-14 11:14:13,866 [DEBUG] (properties.py:415) -> setting property topMargin
2026-07-14 11:14:13,866 [DEBUG] (properties.py:415) -> setting property rightMargin
2026-07-14 11:14:13,866 [DEBUG] (properties.py:415) -> setting property bottomMargin
2026-07-14 11:14:13,866 [DEBUG] (properties.py:415) -> setting property pyuicMargins
2026-07-14 11:14:13,866 [DEBUG] (properties.py:415) -> setting property pyuicSpacing
2026-07-14 11:14:13,866 [DEBUG] (uiparser.py:106) -> push QHBoxLayout horizontalLayout
2026-07-14 11:14:13,866 [DEBUG] (properties.py:415) -> setting property spacing
2026-07-14 11:14:13,866 [DEBUG] (properties.py:415) -> setting property pyuicSpacing
2026-07-14 11:14:13,866 [DEBUG] (uiparser.py:106) -> push QHBoxLayout buttonsLayout
2026-07-14 11:14:13,866 [DEBUG] (properties.py:415) -> setting property spacing
2026-07-14 11:14:13,866 [DEBUG] (properties.py:415) -> setting property pyuicSpacing
2026-07-14 11:14:13,866 [DEBUG] (uiparser.py:106) -> push QVBoxLayout infoLayout_2
2026-07-14 11:14:13,866 [DEBUG] (properties.py:415) -> setting property styleSheet
2026-07-14 11:14:13,866 [DEBUG] (properties.py:415) -> setting property text
2026-07-14 11:14:13,866 [DEBUG] (uiparser.py:106) -> push QLabel nameLabel_2
2026-07-14 11:14:13,866 [DEBUG] (uiparser.py:120) -> pop widget QLabel nameLabel_2
2026-07-14 11:14:13,866 [DEBUG] (uiparser.py:128) -> new topwidget <client.windows.system.document_types.document_type_card.DocumentTypeCard object at 0x0000025D6434F610>
2026-07-14 11:14:13,866 [DEBUG] (properties.py:415) -> setting property styleSheet
2026-07-14 11:14:13,866 [DEBUG] (properties.py:415) -> setting property text
2026-07-14 11:14:13,866 [DEBUG] (uiparser.py:106) -> push QLabel fieldsCountLabel
2026-07-14 11:14:13,866 [DEBUG] (uiparser.py:120) -> pop widget QLabel fieldsCountLabel
2026-07-14 11:14:13,866 [DEBUG] (uiparser.py:128) -> new topwidget <client.windows.system.document_types.document_type_card.DocumentTypeCard object at 0x0000025D6434F610>
2026-07-14 11:14:13,866 [DEBUG] (properties.py:415) -> setting property styleSheet
2026-07-14 11:14:13,867 [DEBUG] (properties.py:415) -> setting property text
2026-07-14 11:14:13,867 [DEBUG] (uiparser.py:106) -> push QLabel autoNumLabel
2026-07-14 11:14:13,867 [DEBUG] (uiparser.py:120) -> pop widget QLabel autoNumLabel
2026-07-14 11:14:13,867 [DEBUG] (uiparser.py:128) -> new topwidget <client.windows.system.document_types.document_type_card.DocumentTypeCard object at 0x0000025D6434F610>
2026-07-14 11:14:13,867 [DEBUG] (properties.py:415) -> setting property styleSheet
2026-07-14 11:14:13,867 [DEBUG] (properties.py:415) -> setting property text
2026-07-14 11:14:13,867 [DEBUG] (uiparser.py:106) -> push QLabel docsCountLabel
2026-07-14 11:14:13,867 [DEBUG] (uiparser.py:120) -> pop widget QLabel docsCountLabel
2026-07-14 11:14:13,867 [DEBUG] (uiparser.py:128) -> new topwidget <client.windows.system.document_types.document_type_card.DocumentTypeCard object at 0x0000025D6434F610>
2026-07-14 11:14:13,867 [DEBUG] (uiparser.py:114) -> pop layout QVBoxLayout infoLayout_2
2026-07-14 11:14:13,867 [DEBUG] (properties.py:415) -> setting property minimumSize
2026-07-14 11:14:13,867 [DEBUG] (properties.py:415) -> setting property maximumSize
2026-07-14 11:14:13,867 [DEBUG] (properties.py:415) -> setting property cursor
2026-07-14 11:14:13,867 [DEBUG] (properties.py:415) -> setting property styleSheet
2026-07-14 11:14:13,867 [DEBUG] (properties.py:415) -> setting property text
2026-07-14 11:14:13,867 [DEBUG] (uiparser.py:106) -> push QPushButton editBtn
2026-07-14 11:14:13,867 [DEBUG] (uiparser.py:120) -> pop widget QPushButton editBtn
2026-07-14 11:14:13,867 [DEBUG] (uiparser.py:128) -> new topwidget <client.windows.system.document_types.document_type_card.DocumentTypeCard object at 0x0000025D6434F610>
2026-07-14 11:14:13,867 [DEBUG] (properties.py:415) -> setting property minimumSize
2026-07-14 11:14:13,867 [DEBUG] (properties.py:415) -> setting property maximumSize
2026-07-14 11:14:13,867 [DEBUG] (properties.py:415) -> setting property cursor
2026-07-14 11:14:13,867 [DEBUG] (properties.py:415) -> setting property styleSheet
2026-07-14 11:14:13,867 [DEBUG] (properties.py:415) -> setting property text
2026-07-14 11:14:13,867 [DEBUG] (uiparser.py:106) -> push QPushButton deleteBtn
2026-07-14 11:14:13,867 [DEBUG] (uiparser.py:120) -> pop widget QPushButton deleteBtn
2026-07-14 11:14:13,867 [DEBUG] (uiparser.py:128) -> new topwidget <client.windows.system.document_types.document_type_card.DocumentTypeCard object at 0x0000025D6434F610>
2026-07-14 11:14:13,867 [DEBUG] (uiparser.py:114) -> pop layout QHBoxLayout buttonsLayout
2026-07-14 11:14:13,867 [DEBUG] (uiparser.py:114) -> pop layout QHBoxLayout horizontalLayout
2026-07-14 11:14:13,867 [DEBUG] (uiparser.py:120) -> pop widget DocumentTypeCard DocumentTypeCard
2026-07-14 11:14:13,867 [DEBUG] (uiparser.py:128) -> new topwidget None
2026-07-14 11:14:13,868 [DEBUG] (uiparser.py:838) -> toplevel widget is DocumentTypeCard
2026-07-14 11:14:13,868 [DEBUG] (properties.py:415) -> setting property geometry
2026-07-14 11:14:13,868 [DEBUG] (properties.py:415) -> setting property minimumSize
2026-07-14 11:14:13,868 [DEBUG] (properties.py:415) -> setting property maximumSize
2026-07-14 11:14:13,869 [DEBUG] (properties.py:415) -> setting property styleSheet
2026-07-14 11:14:13,869 [DEBUG] (uiparser.py:106) -> push DocumentTypeCard DocumentTypeCard
2026-07-14 11:14:13,869 [DEBUG] (properties.py:415) -> setting property spacing
2026-07-14 11:14:13,869 [DEBUG] (properties.py:415) -> setting property leftMargin
2026-07-14 11:14:13,869 [DEBUG] (properties.py:415) -> setting property topMargin
2026-07-14 11:14:13,869 [DEBUG] (properties.py:415) -> setting property rightMargin
2026-07-14 11:14:13,869 [DEBUG] (properties.py:415) -> setting property bottomMargin
2026-07-14 11:14:13,869 [DEBUG] (properties.py:415) -> setting property pyuicMargins
2026-07-14 11:14:13,869 [DEBUG] (properties.py:415) -> setting property pyuicSpacing
2026-07-14 11:14:13,869 [DEBUG] (uiparser.py:106) -> push QHBoxLayout horizontalLayout
2026-07-14 11:14:13,869 [DEBUG] (properties.py:415) -> setting property spacing
2026-07-14 11:14:13,869 [DEBUG] (properties.py:415) -> setting property pyuicSpacing
2026-07-14 11:14:13,869 [DEBUG] (uiparser.py:106) -> push QHBoxLayout buttonsLayout
2026-07-14 11:14:13,869 [DEBUG] (properties.py:415) -> setting property spacing
2026-07-14 11:14:13,869 [DEBUG] (properties.py:415) -> setting property pyuicSpacing
2026-07-14 11:14:13,869 [DEBUG] (uiparser.py:106) -> push QVBoxLayout infoLayout_2
2026-07-14 11:14:13,869 [DEBUG] (properties.py:415) -> setting property styleSheet
2026-07-14 11:14:13,869 [DEBUG] (properties.py:415) -> setting property text
2026-07-14 11:14:13,869 [DEBUG] (uiparser.py:106) -> push QLabel nameLabel_2
2026-07-14 11:14:13,869 [DEBUG] (uiparser.py:120) -> pop widget QLabel nameLabel_2
2026-07-14 11:14:13,869 [DEBUG] (uiparser.py:128) -> new topwidget <client.windows.system.document_types.document_type_card.DocumentTypeCard object at 0x0000025D6434FCF0>
2026-07-14 11:14:13,869 [DEBUG] (properties.py:415) -> setting property styleSheet
2026-07-14 11:14:13,869 [DEBUG] (properties.py:415) -> setting property text
2026-07-14 11:14:13,869 [DEBUG] (uiparser.py:106) -> push QLabel fieldsCountLabel
2026-07-14 11:14:13,869 [DEBUG] (uiparser.py:120) -> pop widget QLabel fieldsCountLabel
2026-07-14 11:14:13,869 [DEBUG] (uiparser.py:128) -> new topwidget <client.windows.system.document_types.document_type_card.DocumentTypeCard object at 0x0000025D6434FCF0>
2026-07-14 11:14:13,869 [DEBUG] (properties.py:415) -> setting property styleSheet
2026-07-14 11:14:13,869 [DEBUG] (properties.py:415) -> setting property text
2026-07-14 11:14:13,869 [DEBUG] (uiparser.py:106) -> push QLabel autoNumLabel
2026-07-14 11:14:13,869 [DEBUG] (uiparser.py:120) -> pop widget QLabel autoNumLabel
2026-07-14 11:14:13,869 [DEBUG] (uiparser.py:128) -> new topwidget <client.windows.system.document_types.document_type_card.DocumentTypeCard object at 0x0000025D6434FCF0>
2026-07-14 11:14:13,869 [DEBUG] (properties.py:415) -> setting property styleSheet
2026-07-14 11:14:13,869 [DEBUG] (properties.py:415) -> setting property text
2026-07-14 11:14:13,869 [DEBUG] (uiparser.py:106) -> push QLabel docsCountLabel
2026-07-14 11:14:13,869 [DEBUG] (uiparser.py:120) -> pop widget QLabel docsCountLabel
2026-07-14 11:14:13,869 [DEBUG] (uiparser.py:128) -> new topwidget <client.windows.system.document_types.document_type_card.DocumentTypeCard object at 0x0000025D6434FCF0>
2026-07-14 11:14:13,869 [DEBUG] (uiparser.py:114) -> pop layout QVBoxLayout infoLayout_2
2026-07-14 11:14:13,869 [DEBUG] (properties.py:415) -> setting property minimumSize
2026-07-14 11:14:13,869 [DEBUG] (properties.py:415) -> setting property maximumSize
2026-07-14 11:14:13,869 [DEBUG] (properties.py:415) -> setting property cursor
2026-07-14 11:14:13,869 [DEBUG] (properties.py:415) -> setting property styleSheet
2026-07-14 11:14:13,870 [DEBUG] (properties.py:415) -> setting property text
2026-07-14 11:14:13,870 [DEBUG] (uiparser.py:106) -> push QPushButton editBtn
2026-07-14 11:14:13,870 [DEBUG] (uiparser.py:120) -> pop widget QPushButton editBtn
2026-07-14 11:14:13,870 [DEBUG] (uiparser.py:128) -> new topwidget <client.windows.system.document_types.document_type_card.DocumentTypeCard object at 0x0000025D6434FCF0>
2026-07-14 11:14:13,870 [DEBUG] (properties.py:415) -> setting property minimumSize
2026-07-14 11:14:13,870 [DEBUG] (properties.py:415) -> setting property maximumSize
2026-07-14 11:14:13,870 [DEBUG] (properties.py:415) -> setting property cursor
2026-07-14 11:14:13,870 [DEBUG] (properties.py:415) -> setting property styleSheet
2026-07-14 11:14:13,870 [DEBUG] (properties.py:415) -> setting property text
2026-07-14 11:14:13,870 [DEBUG] (uiparser.py:106) -> push QPushButton deleteBtn
2026-07-14 11:14:13,870 [DEBUG] (uiparser.py:120) -> pop widget QPushButton deleteBtn
2026-07-14 11:14:13,870 [DEBUG] (uiparser.py:128) -> new topwidget <client.windows.system.document_types.document_type_card.DocumentTypeCard object at 0x0000025D6434FCF0>
2026-07-14 11:14:13,870 [DEBUG] (uiparser.py:114) -> pop layout QHBoxLayout buttonsLayout
2026-07-14 11:14:13,870 [DEBUG] (uiparser.py:114) -> pop layout QHBoxLayout horizontalLayout
2026-07-14 11:14:13,870 [DEBUG] (uiparser.py:120) -> pop widget DocumentTypeCard DocumentTypeCard
2026-07-14 11:14:13,870 [DEBUG] (uiparser.py:128) -> new topwidget None
2026-07-14 11:14:13,871 [DEBUG] (uiparser.py:838) -> toplevel widget is DocumentTypeCard
2026-07-14 11:14:13,871 [DEBUG] (properties.py:415) -> setting property geometry
2026-07-14 11:14:13,871 [DEBUG] (properties.py:415) -> setting property minimumSize
2026-07-14 11:14:13,871 [DEBUG] (properties.py:415) -> setting property maximumSize
2026-07-14 11:14:13,871 [DEBUG] (properties.py:415) -> setting property styleSheet
2026-07-14 11:14:13,871 [DEBUG] (uiparser.py:106) -> push DocumentTypeCard DocumentTypeCard
2026-07-14 11:14:13,871 [DEBUG] (properties.py:415) -> setting property spacing
2026-07-14 11:14:13,871 [DEBUG] (properties.py:415) -> setting property leftMargin
2026-07-14 11:14:13,871 [DEBUG] (properties.py:415) -> setting property topMargin
2026-07-14 11:14:13,871 [DEBUG] (properties.py:415) -> setting property rightMargin
2026-07-14 11:14:13,871 [DEBUG] (properties.py:415) -> setting property bottomMargin
2026-07-14 11:14:13,871 [DEBUG] (properties.py:415) -> setting property pyuicMargins
2026-07-14 11:14:13,871 [DEBUG] (properties.py:415) -> setting property pyuicSpacing
2026-07-14 11:14:13,872 [DEBUG] (uiparser.py:106) -> push QHBoxLayout horizontalLayout
2026-07-14 11:14:13,872 [DEBUG] (properties.py:415) -> setting property spacing
2026-07-14 11:14:13,872 [DEBUG] (properties.py:415) -> setting property pyuicSpacing
2026-07-14 11:14:13,872 [DEBUG] (uiparser.py:106) -> push QHBoxLayout buttonsLayout
2026-07-14 11:14:13,872 [DEBUG] (properties.py:415) -> setting property spacing
2026-07-14 11:14:13,872 [DEBUG] (properties.py:415) -> setting property pyuicSpacing
2026-07-14 11:14:13,872 [DEBUG] (uiparser.py:106) -> push QVBoxLayout infoLayout_2
2026-07-14 11:14:13,872 [DEBUG] (properties.py:415) -> setting property styleSheet
2026-07-14 11:14:13,872 [DEBUG] (properties.py:415) -> setting property text
2026-07-14 11:14:13,872 [DEBUG] (uiparser.py:106) -> push QLabel nameLabel_2
2026-07-14 11:14:13,872 [DEBUG] (uiparser.py:120) -> pop widget QLabel nameLabel_2
2026-07-14 11:14:13,872 [DEBUG] (uiparser.py:128) -> new topwidget <client.windows.system.document_types.document_type_card.DocumentTypeCard object at 0x0000025D64358410>
2026-07-14 11:14:13,872 [DEBUG] (properties.py:415) -> setting property styleSheet
2026-07-14 11:14:13,872 [DEBUG] (properties.py:415) -> setting property text
2026-07-14 11:14:13,872 [DEBUG] (uiparser.py:106) -> push QLabel fieldsCountLabel
2026-07-14 11:14:13,872 [DEBUG] (uiparser.py:120) -> pop widget QLabel fieldsCountLabel
2026-07-14 11:14:13,872 [DEBUG] (uiparser.py:128) -> new topwidget <client.windows.system.document_types.document_type_card.DocumentTypeCard object at 0x0000025D64358410>
2026-07-14 11:14:13,872 [DEBUG] (properties.py:415) -> setting property styleSheet
2026-07-14 11:14:13,872 [DEBUG] (properties.py:415) -> setting property text
2026-07-14 11:14:13,872 [DEBUG] (uiparser.py:106) -> push QLabel autoNumLabel
2026-07-14 11:14:13,872 [DEBUG] (uiparser.py:120) -> pop widget QLabel autoNumLabel
2026-07-14 11:14:13,872 [DEBUG] (uiparser.py:128) -> new topwidget <client.windows.system.document_types.document_type_card.DocumentTypeCard object at 0x0000025D64358410>
2026-07-14 11:14:13,872 [DEBUG] (properties.py:415) -> setting property styleSheet
2026-07-14 11:14:13,872 [DEBUG] (properties.py:415) -> setting property text
2026-07-14 11:14:13,872 [DEBUG] (uiparser.py:106) -> push QLabel docsCountLabel
2026-07-14 11:14:13,872 [DEBUG] (uiparser.py:120) -> pop widget QLabel docsCountLabel
2026-07-14 11:14:13,872 [DEBUG] (uiparser.py:128) -> new topwidget <client.windows.system.document_types.document_type_card.DocumentTypeCard object at 0x0000025D64358410>
2026-07-14 11:14:13,872 [DEBUG] (uiparser.py:114) -> pop layout QVBoxLayout infoLayout_2
2026-07-14 11:14:13,872 [DEBUG] (properties.py:415) -> setting property minimumSize
2026-07-14 11:14:13,872 [DEBUG] (properties.py:415) -> setting property maximumSize
2026-07-14 11:14:13,872 [DEBUG] (properties.py:415) -> setting property cursor
2026-07-14 11:14:13,872 [DEBUG] (properties.py:415) -> setting property styleSheet
2026-07-14 11:14:13,872 [DEBUG] (properties.py:415) -> setting property text
2026-07-14 11:14:13,872 [DEBUG] (uiparser.py:106) -> push QPushButton editBtn
2026-07-14 11:14:13,872 [DEBUG] (uiparser.py:120) -> pop widget QPushButton editBtn
2026-07-14 11:14:13,872 [DEBUG] (uiparser.py:128) -> new topwidget <client.windows.system.document_types.document_type_card.DocumentTypeCard object at 0x0000025D64358410>
2026-07-14 11:14:13,872 [DEBUG] (properties.py:415) -> setting property minimumSize
2026-07-14 11:14:13,872 [DEBUG] (properties.py:415) -> setting property maximumSize
2026-07-14 11:14:13,872 [DEBUG] (properties.py:415) -> setting property cursor
2026-07-14 11:14:13,872 [DEBUG] (properties.py:415) -> setting property styleSheet
2026-07-14 11:14:13,872 [DEBUG] (properties.py:415) -> setting property text
2026-07-14 11:14:13,872 [DEBUG] (uiparser.py:106) -> push QPushButton deleteBtn
2026-07-14 11:14:13,872 [DEBUG] (uiparser.py:120) -> pop widget QPushButton deleteBtn
2026-07-14 11:14:13,872 [DEBUG] (uiparser.py:128) -> new topwidget <client.windows.system.document_types.document_type_card.DocumentTypeCard object at 0x0000025D64358410>
2026-07-14 11:14:13,872 [DEBUG] (uiparser.py:114) -> pop layout QHBoxLayout buttonsLayout
2026-07-14 11:14:13,872 [DEBUG] (uiparser.py:114) -> pop layout QHBoxLayout horizontalLayout
2026-07-14 11:14:13,873 [DEBUG] (uiparser.py:120) -> pop widget DocumentTypeCard DocumentTypeCard
2026-07-14 11:14:13,873 [DEBUG] (uiparser.py:128) -> new topwidget None
2026-07-14 11:14:13,874 [DEBUG] (uiparser.py:838) -> toplevel widget is DocumentTypeCard
2026-07-14 11:14:13,874 [DEBUG] (properties.py:415) -> setting property geometry
2026-07-14 11:14:13,874 [DEBUG] (properties.py:415) -> setting property minimumSize
2026-07-14 11:14:13,874 [DEBUG] (properties.py:415) -> setting property maximumSize
2026-07-14 11:14:13,874 [DEBUG] (properties.py:415) -> setting property styleSheet
2026-07-14 11:14:13,874 [DEBUG] (uiparser.py:106) -> push DocumentTypeCard DocumentTypeCard
2026-07-14 11:14:13,874 [DEBUG] (properties.py:415) -> setting property spacing
2026-07-14 11:14:13,874 [DEBUG] (properties.py:415) -> setting property leftMargin
2026-07-14 11:14:13,874 [DEBUG] (properties.py:415) -> setting property topMargin
2026-07-14 11:14:13,874 [DEBUG] (properties.py:415) -> setting property rightMargin
2026-07-14 11:14:13,874 [DEBUG] (properties.py:415) -> setting property bottomMargin
2026-07-14 11:14:13,874 [DEBUG] (properties.py:415) -> setting property pyuicMargins
2026-07-14 11:14:13,874 [DEBUG] (properties.py:415) -> setting property pyuicSpacing
2026-07-14 11:14:13,874 [DEBUG] (uiparser.py:106) -> push QHBoxLayout horizontalLayout
2026-07-14 11:14:13,874 [DEBUG] (properties.py:415) -> setting property spacing
2026-07-14 11:14:13,874 [DEBUG] (properties.py:415) -> setting property pyuicSpacing
2026-07-14 11:14:13,874 [DEBUG] (uiparser.py:106) -> push QHBoxLayout buttonsLayout
2026-07-14 11:14:13,874 [DEBUG] (properties.py:415) -> setting property spacing
2026-07-14 11:14:13,874 [DEBUG] (properties.py:415) -> setting property pyuicSpacing
2026-07-14 11:14:13,874 [DEBUG] (uiparser.py:106) -> push QVBoxLayout infoLayout_2
2026-07-14 11:14:13,874 [DEBUG] (properties.py:415) -> setting property styleSheet
2026-07-14 11:14:13,874 [DEBUG] (properties.py:415) -> setting property text
2026-07-14 11:14:13,874 [DEBUG] (uiparser.py:106) -> push QLabel nameLabel_2
2026-07-14 11:14:13,874 [DEBUG] (uiparser.py:120) -> pop widget QLabel nameLabel_2
2026-07-14 11:14:13,874 [DEBUG] (uiparser.py:128) -> new topwidget <client.windows.system.document_types.document_type_card.DocumentTypeCard object at 0x0000025D64358AF0>
2026-07-14 11:14:13,874 [DEBUG] (properties.py:415) -> setting property styleSheet
2026-07-14 11:14:13,875 [DEBUG] (properties.py:415) -> setting property text
2026-07-14 11:14:13,875 [DEBUG] (uiparser.py:106) -> push QLabel fieldsCountLabel
2026-07-14 11:14:13,875 [DEBUG] (uiparser.py:120) -> pop widget QLabel fieldsCountLabel
2026-07-14 11:14:13,875 [DEBUG] (uiparser.py:128) -> new topwidget <client.windows.system.document_types.document_type_card.DocumentTypeCard object at 0x0000025D64358AF0>
2026-07-14 11:14:13,875 [DEBUG] (properties.py:415) -> setting property styleSheet
2026-07-14 11:14:13,875 [DEBUG] (properties.py:415) -> setting property text
2026-07-14 11:14:13,875 [DEBUG] (uiparser.py:106) -> push QLabel autoNumLabel
2026-07-14 11:14:13,875 [DEBUG] (uiparser.py:120) -> pop widget QLabel autoNumLabel
2026-07-14 11:14:13,875 [DEBUG] (uiparser.py:128) -> new topwidget <client.windows.system.document_types.document_type_card.DocumentTypeCard object at 0x0000025D64358AF0>
2026-07-14 11:14:13,875 [DEBUG] (properties.py:415) -> setting property styleSheet
2026-07-14 11:14:13,875 [DEBUG] (properties.py:415) -> setting property text
2026-07-14 11:14:13,875 [DEBUG] (uiparser.py:106) -> push QLabel docsCountLabel
2026-07-14 11:14:13,875 [DEBUG] (uiparser.py:120) -> pop widget QLabel docsCountLabel
2026-07-14 11:14:13,875 [DEBUG] (uiparser.py:128) -> new topwidget <client.windows.system.document_types.document_type_card.DocumentTypeCard object at 0x0000025D64358AF0>
2026-07-14 11:14:13,875 [DEBUG] (uiparser.py:114) -> pop layout QVBoxLayout infoLayout_2
2026-07-14 11:14:13,875 [DEBUG] (properties.py:415) -> setting property minimumSize
2026-07-14 11:14:13,875 [DEBUG] (properties.py:415) -> setting property maximumSize
2026-07-14 11:14:13,875 [DEBUG] (properties.py:415) -> setting property cursor
2026-07-14 11:14:13,875 [DEBUG] (properties.py:415) -> setting property styleSheet
2026-07-14 11:14:13,875 [DEBUG] (properties.py:415) -> setting property text
2026-07-14 11:14:13,875 [DEBUG] (uiparser.py:106) -> push QPushButton editBtn
2026-07-14 11:14:13,875 [DEBUG] (uiparser.py:120) -> pop widget QPushButton editBtn
2026-07-14 11:14:13,875 [DEBUG] (uiparser.py:128) -> new topwidget <client.windows.system.document_types.document_type_card.DocumentTypeCard object at 0x0000025D64358AF0>
2026-07-14 11:14:13,875 [DEBUG] (properties.py:415) -> setting property minimumSize
2026-07-14 11:14:13,875 [DEBUG] (properties.py:415) -> setting property maximumSize
2026-07-14 11:14:13,875 [DEBUG] (properties.py:415) -> setting property cursor
2026-07-14 11:14:13,875 [DEBUG] (properties.py:415) -> setting property styleSheet
2026-07-14 11:14:13,875 [DEBUG] (properties.py:415) -> setting property text
2026-07-14 11:14:13,875 [DEBUG] (uiparser.py:106) -> push QPushButton deleteBtn
2026-07-14 11:14:13,875 [DEBUG] (uiparser.py:120) -> pop widget QPushButton deleteBtn
2026-07-14 11:14:13,875 [DEBUG] (uiparser.py:128) -> new topwidget <client.windows.system.document_types.document_type_card.DocumentTypeCard object at 0x0000025D64358AF0>
2026-07-14 11:14:13,875 [DEBUG] (uiparser.py:114) -> pop layout QHBoxLayout buttonsLayout
2026-07-14 11:14:13,875 [DEBUG] (uiparser.py:114) -> pop layout QHBoxLayout horizontalLayout
2026-07-14 11:14:13,875 [DEBUG] (uiparser.py:120) -> pop widget DocumentTypeCard DocumentTypeCard
2026-07-14 11:14:13,875 [DEBUG] (uiparser.py:128) -> new topwidget None
2026-07-14 11:14:13,876 [DEBUG] (uiparser.py:838) -> toplevel widget is DocumentTypeCard
2026-07-14 11:14:13,876 [DEBUG] (properties.py:415) -> setting property geometry
2026-07-14 11:14:13,877 [DEBUG] (properties.py:415) -> setting property minimumSize
2026-07-14 11:14:13,877 [DEBUG] (properties.py:415) -> setting property maximumSize
2026-07-14 11:14:13,877 [DEBUG] (properties.py:415) -> setting property styleSheet
2026-07-14 11:14:13,877 [DEBUG] (uiparser.py:106) -> push DocumentTypeCard DocumentTypeCard
2026-07-14 11:14:13,877 [DEBUG] (properties.py:415) -> setting property spacing
2026-07-14 11:14:13,877 [DEBUG] (properties.py:415) -> setting property leftMargin
2026-07-14 11:14:13,877 [DEBUG] (properties.py:415) -> setting property topMargin
2026-07-14 11:14:13,877 [DEBUG] (properties.py:415) -> setting property rightMargin
2026-07-14 11:14:13,877 [DEBUG] (properties.py:415) -> setting property bottomMargin
2026-07-14 11:14:13,877 [DEBUG] (properties.py:415) -> setting property pyuicMargins
2026-07-14 11:14:13,877 [DEBUG] (properties.py:415) -> setting property pyuicSpacing
2026-07-14 11:14:13,877 [DEBUG] (uiparser.py:106) -> push QHBoxLayout horizontalLayout
2026-07-14 11:14:13,877 [DEBUG] (properties.py:415) -> setting property spacing
2026-07-14 11:14:13,877 [DEBUG] (properties.py:415) -> setting property pyuicSpacing
2026-07-14 11:14:13,877 [DEBUG] (uiparser.py:106) -> push QHBoxLayout buttonsLayout
2026-07-14 11:14:13,877 [DEBUG] (properties.py:415) -> setting property spacing
2026-07-14 11:14:13,877 [DEBUG] (properties.py:415) -> setting property pyuicSpacing
2026-07-14 11:14:13,877 [DEBUG] (uiparser.py:106) -> push QVBoxLayout infoLayout_2
2026-07-14 11:14:13,877 [DEBUG] (properties.py:415) -> setting property styleSheet
2026-07-14 11:14:13,877 [DEBUG] (properties.py:415) -> setting property text
2026-07-14 11:14:13,877 [DEBUG] (uiparser.py:106) -> push QLabel nameLabel_2
2026-07-14 11:14:13,877 [DEBUG] (uiparser.py:120) -> pop widget QLabel nameLabel_2
2026-07-14 11:14:13,877 [DEBUG] (uiparser.py:128) -> new topwidget <client.windows.system.document_types.document_type_card.DocumentTypeCard object at 0x0000025D643591D0>
2026-07-14 11:14:13,877 [DEBUG] (properties.py:415) -> setting property styleSheet
2026-07-14 11:14:13,877 [DEBUG] (properties.py:415) -> setting property text
2026-07-14 11:14:13,877 [DEBUG] (uiparser.py:106) -> push QLabel fieldsCountLabel
2026-07-14 11:14:13,877 [DEBUG] (uiparser.py:120) -> pop widget QLabel fieldsCountLabel
2026-07-14 11:14:13,877 [DEBUG] (uiparser.py:128) -> new topwidget <client.windows.system.document_types.document_type_card.DocumentTypeCard object at 0x0000025D643591D0>
2026-07-14 11:14:13,877 [DEBUG] (properties.py:415) -> setting property styleSheet
2026-07-14 11:14:13,877 [DEBUG] (properties.py:415) -> setting property text
2026-07-14 11:14:13,877 [DEBUG] (uiparser.py:106) -> push QLabel autoNumLabel
2026-07-14 11:14:13,877 [DEBUG] (uiparser.py:120) -> pop widget QLabel autoNumLabel
2026-07-14 11:14:13,877 [DEBUG] (uiparser.py:128) -> new topwidget <client.windows.system.document_types.document_type_card.DocumentTypeCard object at 0x0000025D643591D0>
2026-07-14 11:14:13,877 [DEBUG] (properties.py:415) -> setting property styleSheet
2026-07-14 11:14:13,877 [DEBUG] (properties.py:415) -> setting property text
2026-07-14 11:14:13,877 [DEBUG] (uiparser.py:106) -> push QLabel docsCountLabel
2026-07-14 11:14:13,877 [DEBUG] (uiparser.py:120) -> pop widget QLabel docsCountLabel
2026-07-14 11:14:13,877 [DEBUG] (uiparser.py:128) -> new topwidget <client.windows.system.document_types.document_type_card.DocumentTypeCard object at 0x0000025D643591D0>
2026-07-14 11:14:13,877 [DEBUG] (uiparser.py:114) -> pop layout QVBoxLayout infoLayout_2
2026-07-14 11:14:13,877 [DEBUG] (properties.py:415) -> setting property minimumSize
2026-07-14 11:14:13,877 [DEBUG] (properties.py:415) -> setting property maximumSize
2026-07-14 11:14:13,877 [DEBUG] (properties.py:415) -> setting property cursor
2026-07-14 11:14:13,877 [DEBUG] (properties.py:415) -> setting property styleSheet
2026-07-14 11:14:13,878 [DEBUG] (properties.py:415) -> setting property text
2026-07-14 11:14:13,878 [DEBUG] (uiparser.py:106) -> push QPushButton editBtn
2026-07-14 11:14:13,878 [DEBUG] (uiparser.py:120) -> pop widget QPushButton editBtn
2026-07-14 11:14:13,878 [DEBUG] (uiparser.py:128) -> new topwidget <client.windows.system.document_types.document_type_card.DocumentTypeCard object at 0x0000025D643591D0>
2026-07-14 11:14:13,878 [DEBUG] (properties.py:415) -> setting property minimumSize
2026-07-14 11:14:13,878 [DEBUG] (properties.py:415) -> setting property maximumSize
2026-07-14 11:14:13,878 [DEBUG] (properties.py:415) -> setting property cursor
2026-07-14 11:14:13,878 [DEBUG] (properties.py:415) -> setting property styleSheet
2026-07-14 11:14:13,878 [DEBUG] (properties.py:415) -> setting property text
2026-07-14 11:14:13,878 [DEBUG] (uiparser.py:106) -> push QPushButton deleteBtn
2026-07-14 11:14:13,878 [DEBUG] (uiparser.py:120) -> pop widget QPushButton deleteBtn
2026-07-14 11:14:13,878 [DEBUG] (uiparser.py:128) -> new topwidget <client.windows.system.document_types.document_type_card.DocumentTypeCard object at 0x0000025D643591D0>
2026-07-14 11:14:13,878 [DEBUG] (uiparser.py:114) -> pop layout QHBoxLayout buttonsLayout
2026-07-14 11:14:13,878 [DEBUG] (uiparser.py:114) -> pop layout QHBoxLayout horizontalLayout
2026-07-14 11:14:13,878 [DEBUG] (uiparser.py:120) -> pop widget DocumentTypeCard DocumentTypeCard
2026-07-14 11:14:13,878 [DEBUG] (uiparser.py:128) -> new topwidget None
2026-07-14 11:14:13,880 [DEBUG] (uiparser.py:838) -> toplevel widget is DocumentTypeCard
2026-07-14 11:14:13,880 [DEBUG] (properties.py:415) -> setting property geometry
2026-07-14 11:14:13,880 [DEBUG] (properties.py:415) -> setting property minimumSize
2026-07-14 11:14:13,880 [DEBUG] (properties.py:415) -> setting property maximumSize
2026-07-14 11:14:13,880 [DEBUG] (properties.py:415) -> setting property styleSheet
2026-07-14 11:14:13,880 [DEBUG] (uiparser.py:106) -> push DocumentTypeCard DocumentTypeCard
2026-07-14 11:14:13,880 [DEBUG] (properties.py:415) -> setting property spacing
2026-07-14 11:14:13,880 [DEBUG] (properties.py:415) -> setting property leftMargin
2026-07-14 11:14:13,880 [DEBUG] (properties.py:415) -> setting property topMargin
2026-07-14 11:14:13,880 [DEBUG] (properties.py:415) -> setting property rightMargin
2026-07-14 11:14:13,880 [DEBUG] (properties.py:415) -> setting property bottomMargin
2026-07-14 11:14:13,880 [DEBUG] (properties.py:415) -> setting property pyuicMargins
2026-07-14 11:14:13,880 [DEBUG] (properties.py:415) -> setting property pyuicSpacing
2026-07-14 11:14:13,880 [DEBUG] (uiparser.py:106) -> push QHBoxLayout horizontalLayout
2026-07-14 11:14:13,880 [DEBUG] (properties.py:415) -> setting property spacing
2026-07-14 11:14:13,880 [DEBUG] (properties.py:415) -> setting property pyuicSpacing
2026-07-14 11:14:13,880 [DEBUG] (uiparser.py:106) -> push QHBoxLayout buttonsLayout
2026-07-14 11:14:13,880 [DEBUG] (properties.py:415) -> setting property spacing
2026-07-14 11:14:13,880 [DEBUG] (properties.py:415) -> setting property pyuicSpacing
2026-07-14 11:14:13,880 [DEBUG] (uiparser.py:106) -> push QVBoxLayout infoLayout_2
2026-07-14 11:14:13,880 [DEBUG] (properties.py:415) -> setting property styleSheet
2026-07-14 11:14:13,880 [DEBUG] (properties.py:415) -> setting property text
2026-07-14 11:14:13,880 [DEBUG] (uiparser.py:106) -> push QLabel nameLabel_2
2026-07-14 11:14:13,880 [DEBUG] (uiparser.py:120) -> pop widget QLabel nameLabel_2
2026-07-14 11:14:13,880 [DEBUG] (uiparser.py:128) -> new topwidget <client.windows.system.document_types.document_type_card.DocumentTypeCard object at 0x0000025D643598B0>
2026-07-14 11:14:13,880 [DEBUG] (properties.py:415) -> setting property styleSheet
2026-07-14 11:14:13,880 [DEBUG] (properties.py:415) -> setting property text
2026-07-14 11:14:13,880 [DEBUG] (uiparser.py:106) -> push QLabel fieldsCountLabel
2026-07-14 11:14:13,880 [DEBUG] (uiparser.py:120) -> pop widget QLabel fieldsCountLabel
2026-07-14 11:14:13,880 [DEBUG] (uiparser.py:128) -> new topwidget <client.windows.system.document_types.document_type_card.DocumentTypeCard object at 0x0000025D643598B0>
2026-07-14 11:14:13,880 [DEBUG] (properties.py:415) -> setting property styleSheet
2026-07-14 11:14:13,880 [DEBUG] (properties.py:415) -> setting property text
2026-07-14 11:14:13,880 [DEBUG] (uiparser.py:106) -> push QLabel autoNumLabel
2026-07-14 11:14:13,880 [DEBUG] (uiparser.py:120) -> pop widget QLabel autoNumLabel
2026-07-14 11:14:13,880 [DEBUG] (uiparser.py:128) -> new topwidget <client.windows.system.document_types.document_type_card.DocumentTypeCard object at 0x0000025D643598B0>
2026-07-14 11:14:13,880 [DEBUG] (properties.py:415) -> setting property styleSheet
2026-07-14 11:14:13,880 [DEBUG] (properties.py:415) -> setting property text
2026-07-14 11:14:13,880 [DEBUG] (uiparser.py:106) -> push QLabel docsCountLabel
2026-07-14 11:14:13,880 [DEBUG] (uiparser.py:120) -> pop widget QLabel docsCountLabel
2026-07-14 11:14:13,880 [DEBUG] (uiparser.py:128) -> new topwidget <client.windows.system.document_types.document_type_card.DocumentTypeCard object at 0x0000025D643598B0>
2026-07-14 11:14:13,880 [DEBUG] (uiparser.py:114) -> pop layout QVBoxLayout infoLayout_2
2026-07-14 11:14:13,881 [DEBUG] (properties.py:415) -> setting property minimumSize
2026-07-14 11:14:13,881 [DEBUG] (properties.py:415) -> setting property maximumSize
2026-07-14 11:14:13,881 [DEBUG] (properties.py:415) -> setting property cursor
2026-07-14 11:14:13,881 [DEBUG] (properties.py:415) -> setting property styleSheet
2026-07-14 11:14:13,881 [DEBUG] (properties.py:415) -> setting property text
2026-07-14 11:14:13,881 [DEBUG] (uiparser.py:106) -> push QPushButton editBtn
2026-07-14 11:14:13,881 [DEBUG] (uiparser.py:120) -> pop widget QPushButton editBtn
2026-07-14 11:14:13,881 [DEBUG] (uiparser.py:128) -> new topwidget <client.windows.system.document_types.document_type_card.DocumentTypeCard object at 0x0000025D643598B0>
2026-07-14 11:14:13,881 [DEBUG] (properties.py:415) -> setting property minimumSize
2026-07-14 11:14:13,881 [DEBUG] (properties.py:415) -> setting property maximumSize
2026-07-14 11:14:13,881 [DEBUG] (properties.py:415) -> setting property cursor
2026-07-14 11:14:13,881 [DEBUG] (properties.py:415) -> setting property styleSheet
2026-07-14 11:14:13,881 [DEBUG] (properties.py:415) -> setting property text
2026-07-14 11:14:13,881 [DEBUG] (uiparser.py:106) -> push QPushButton deleteBtn
2026-07-14 11:14:13,881 [DEBUG] (uiparser.py:120) -> pop widget QPushButton deleteBtn
2026-07-14 11:14:13,881 [DEBUG] (uiparser.py:128) -> new topwidget <client.windows.system.document_types.document_type_card.DocumentTypeCard object at 0x0000025D643598B0>
2026-07-14 11:14:13,881 [DEBUG] (uiparser.py:114) -> pop layout QHBoxLayout buttonsLayout
2026-07-14 11:14:13,881 [DEBUG] (uiparser.py:114) -> pop layout QHBoxLayout horizontalLayout
2026-07-14 11:14:13,881 [DEBUG] (uiparser.py:120) -> pop widget DocumentTypeCard DocumentTypeCard
2026-07-14 11:14:13,881 [DEBUG] (uiparser.py:128) -> new topwidget None
2026-07-14 11:14:13,882 [DEBUG] (uiparser.py:838) -> toplevel widget is DocumentTypeCard
2026-07-14 11:14:13,882 [DEBUG] (properties.py:415) -> setting property geometry
2026-07-14 11:14:13,882 [DEBUG] (properties.py:415) -> setting property minimumSize
2026-07-14 11:14:13,882 [DEBUG] (properties.py:415) -> setting property maximumSize
2026-07-14 11:14:13,882 [DEBUG] (properties.py:415) -> setting property styleSheet
2026-07-14 11:14:13,882 [DEBUG] (uiparser.py:106) -> push DocumentTypeCard DocumentTypeCard
2026-07-14 11:14:13,882 [DEBUG] (properties.py:415) -> setting property spacing
2026-07-14 11:14:13,882 [DEBUG] (properties.py:415) -> setting property leftMargin
2026-07-14 11:14:13,882 [DEBUG] (properties.py:415) -> setting property topMargin
2026-07-14 11:14:13,882 [DEBUG] (properties.py:415) -> setting property rightMargin
2026-07-14 11:14:13,882 [DEBUG] (properties.py:415) -> setting property bottomMargin
2026-07-14 11:14:13,882 [DEBUG] (properties.py:415) -> setting property pyuicMargins
2026-07-14 11:14:13,882 [DEBUG] (properties.py:415) -> setting property pyuicSpacing
2026-07-14 11:14:13,882 [DEBUG] (uiparser.py:106) -> push QHBoxLayout horizontalLayout
2026-07-14 11:14:13,883 [DEBUG] (properties.py:415) -> setting property spacing
2026-07-14 11:14:13,883 [DEBUG] (properties.py:415) -> setting property pyuicSpacing
2026-07-14 11:14:13,883 [DEBUG] (uiparser.py:106) -> push QHBoxLayout buttonsLayout
2026-07-14 11:14:13,883 [DEBUG] (properties.py:415) -> setting property spacing
2026-07-14 11:14:13,883 [DEBUG] (properties.py:415) -> setting property pyuicSpacing
2026-07-14 11:14:13,883 [DEBUG] (uiparser.py:106) -> push QVBoxLayout infoLayout_2
2026-07-14 11:14:13,883 [DEBUG] (properties.py:415) -> setting property styleSheet
2026-07-14 11:14:13,883 [DEBUG] (properties.py:415) -> setting property text
2026-07-14 11:14:13,883 [DEBUG] (uiparser.py:106) -> push QLabel nameLabel_2
2026-07-14 11:14:13,883 [DEBUG] (uiparser.py:120) -> pop widget QLabel nameLabel_2
2026-07-14 11:14:13,883 [DEBUG] (uiparser.py:128) -> new topwidget <client.windows.system.document_types.document_type_card.DocumentTypeCard object at 0x0000025D64359F90>
2026-07-14 11:14:13,883 [DEBUG] (properties.py:415) -> setting property styleSheet
2026-07-14 11:14:13,883 [DEBUG] (properties.py:415) -> setting property text
2026-07-14 11:14:13,883 [DEBUG] (uiparser.py:106) -> push QLabel fieldsCountLabel
2026-07-14 11:14:13,883 [DEBUG] (uiparser.py:120) -> pop widget QLabel fieldsCountLabel
2026-07-14 11:14:13,883 [DEBUG] (uiparser.py:128) -> new topwidget <client.windows.system.document_types.document_type_card.DocumentTypeCard object at 0x0000025D64359F90>
2026-07-14 11:14:13,883 [DEBUG] (properties.py:415) -> setting property styleSheet
2026-07-14 11:14:13,883 [DEBUG] (properties.py:415) -> setting property text
2026-07-14 11:14:13,883 [DEBUG] (uiparser.py:106) -> push QLabel autoNumLabel
2026-07-14 11:14:13,883 [DEBUG] (uiparser.py:120) -> pop widget QLabel autoNumLabel
2026-07-14 11:14:13,883 [DEBUG] (uiparser.py:128) -> new topwidget <client.windows.system.document_types.document_type_card.DocumentTypeCard object at 0x0000025D64359F90>
2026-07-14 11:14:13,883 [DEBUG] (properties.py:415) -> setting property styleSheet
2026-07-14 11:14:13,883 [DEBUG] (properties.py:415) -> setting property text
2026-07-14 11:14:13,883 [DEBUG] (uiparser.py:106) -> push QLabel docsCountLabel
2026-07-14 11:14:13,883 [DEBUG] (uiparser.py:120) -> pop widget QLabel docsCountLabel
2026-07-14 11:14:13,883 [DEBUG] (uiparser.py:128) -> new topwidget <client.windows.system.document_types.document_type_card.DocumentTypeCard object at 0x0000025D64359F90>
2026-07-14 11:14:13,883 [DEBUG] (uiparser.py:114) -> pop layout QVBoxLayout infoLayout_2
2026-07-14 11:14:13,883 [DEBUG] (properties.py:415) -> setting property minimumSize
2026-07-14 11:14:13,883 [DEBUG] (properties.py:415) -> setting property maximumSize
2026-07-14 11:14:13,883 [DEBUG] (properties.py:415) -> setting property cursor
2026-07-14 11:14:13,883 [DEBUG] (properties.py:415) -> setting property styleSheet
2026-07-14 11:14:13,883 [DEBUG] (properties.py:415) -> setting property text
2026-07-14 11:14:13,883 [DEBUG] (uiparser.py:106) -> push QPushButton editBtn
2026-07-14 11:14:13,883 [DEBUG] (uiparser.py:120) -> pop widget QPushButton editBtn
2026-07-14 11:14:13,883 [DEBUG] (uiparser.py:128) -> new topwidget <client.windows.system.document_types.document_type_card.DocumentTypeCard object at 0x0000025D64359F90>
2026-07-14 11:14:13,883 [DEBUG] (properties.py:415) -> setting property minimumSize
2026-07-14 11:14:13,883 [DEBUG] (properties.py:415) -> setting property maximumSize
2026-07-14 11:14:13,883 [DEBUG] (properties.py:415) -> setting property cursor
2026-07-14 11:14:13,883 [DEBUG] (properties.py:415) -> setting property styleSheet
2026-07-14 11:14:13,883 [DEBUG] (properties.py:415) -> setting property text
2026-07-14 11:14:13,883 [DEBUG] (uiparser.py:106) -> push QPushButton deleteBtn
2026-07-14 11:14:13,883 [DEBUG] (uiparser.py:120) -> pop widget QPushButton deleteBtn
2026-07-14 11:14:13,883 [DEBUG] (uiparser.py:128) -> new topwidget <client.windows.system.document_types.document_type_card.DocumentTypeCard object at 0x0000025D64359F90>
2026-07-14 11:14:13,883 [DEBUG] (uiparser.py:114) -> pop layout QHBoxLayout buttonsLayout
2026-07-14 11:14:13,883 [DEBUG] (uiparser.py:114) -> pop layout QHBoxLayout horizontalLayout
2026-07-14 11:14:13,883 [DEBUG] (uiparser.py:120) -> pop widget DocumentTypeCard DocumentTypeCard
2026-07-14 11:14:13,883 [DEBUG] (uiparser.py:128) -> new topwidget None
2026-07-14 11:14:13,885 [DEBUG] (uiparser.py:838) -> toplevel widget is DocumentTypeCard
2026-07-14 11:14:13,885 [DEBUG] (properties.py:415) -> setting property geometry
2026-07-14 11:14:13,885 [DEBUG] (properties.py:415) -> setting property minimumSize
2026-07-14 11:14:13,885 [DEBUG] (properties.py:415) -> setting property maximumSize
2026-07-14 11:14:13,885 [DEBUG] (properties.py:415) -> setting property styleSheet
2026-07-14 11:14:13,885 [DEBUG] (uiparser.py:106) -> push DocumentTypeCard DocumentTypeCard
2026-07-14 11:14:13,885 [DEBUG] (properties.py:415) -> setting property spacing
2026-07-14 11:14:13,885 [DEBUG] (properties.py:415) -> setting property leftMargin
2026-07-14 11:14:13,885 [DEBUG] (properties.py:415) -> setting property topMargin
2026-07-14 11:14:13,885 [DEBUG] (properties.py:415) -> setting property rightMargin
2026-07-14 11:14:13,885 [DEBUG] (properties.py:415) -> setting property bottomMargin
2026-07-14 11:14:13,885 [DEBUG] (properties.py:415) -> setting property pyuicMargins
2026-07-14 11:14:13,885 [DEBUG] (properties.py:415) -> setting property pyuicSpacing
2026-07-14 11:14:13,885 [DEBUG] (uiparser.py:106) -> push QHBoxLayout horizontalLayout
2026-07-14 11:14:13,885 [DEBUG] (properties.py:415) -> setting property spacing
2026-07-14 11:14:13,885 [DEBUG] (properties.py:415) -> setting property pyuicSpacing
2026-07-14 11:14:13,885 [DEBUG] (uiparser.py:106) -> push QHBoxLayout buttonsLayout
2026-07-14 11:14:13,885 [DEBUG] (properties.py:415) -> setting property spacing
2026-07-14 11:14:13,885 [DEBUG] (properties.py:415) -> setting property pyuicSpacing
2026-07-14 11:14:13,885 [DEBUG] (uiparser.py:106) -> push QVBoxLayout infoLayout_2
2026-07-14 11:14:13,885 [DEBUG] (properties.py:415) -> setting property styleSheet
2026-07-14 11:14:13,885 [DEBUG] (properties.py:415) -> setting property text
2026-07-14 11:14:13,885 [DEBUG] (uiparser.py:106) -> push QLabel nameLabel_2
2026-07-14 11:14:13,885 [DEBUG] (uiparser.py:120) -> pop widget QLabel nameLabel_2
2026-07-14 11:14:13,885 [DEBUG] (uiparser.py:128) -> new topwidget <client.windows.system.document_types.document_type_card.DocumentTypeCard object at 0x0000025D6435A670>
2026-07-14 11:14:13,885 [DEBUG] (properties.py:415) -> setting property styleSheet
2026-07-14 11:14:13,885 [DEBUG] (properties.py:415) -> setting property text
2026-07-14 11:14:13,885 [DEBUG] (uiparser.py:106) -> push QLabel fieldsCountLabel
2026-07-14 11:14:13,885 [DEBUG] (uiparser.py:120) -> pop widget QLabel fieldsCountLabel
2026-07-14 11:14:13,885 [DEBUG] (uiparser.py:128) -> new topwidget <client.windows.system.document_types.document_type_card.DocumentTypeCard object at 0x0000025D6435A670>
2026-07-14 11:14:13,885 [DEBUG] (properties.py:415) -> setting property styleSheet
2026-07-14 11:14:13,885 [DEBUG] (properties.py:415) -> setting property text
2026-07-14 11:14:13,885 [DEBUG] (uiparser.py:106) -> push QLabel autoNumLabel
2026-07-14 11:14:13,885 [DEBUG] (uiparser.py:120) -> pop widget QLabel autoNumLabel
2026-07-14 11:14:13,885 [DEBUG] (uiparser.py:128) -> new topwidget <client.windows.system.document_types.document_type_card.DocumentTypeCard object at 0x0000025D6435A670>
2026-07-14 11:14:13,886 [DEBUG] (properties.py:415) -> setting property styleSheet
2026-07-14 11:14:13,886 [DEBUG] (properties.py:415) -> setting property text
2026-07-14 11:14:13,886 [DEBUG] (uiparser.py:106) -> push QLabel docsCountLabel
2026-07-14 11:14:13,886 [DEBUG] (uiparser.py:120) -> pop widget QLabel docsCountLabel
2026-07-14 11:14:13,886 [DEBUG] (uiparser.py:128) -> new topwidget <client.windows.system.document_types.document_type_card.DocumentTypeCard object at 0x0000025D6435A670>
2026-07-14 11:14:13,886 [DEBUG] (uiparser.py:114) -> pop layout QVBoxLayout infoLayout_2
2026-07-14 11:14:13,886 [DEBUG] (properties.py:415) -> setting property minimumSize
2026-07-14 11:14:13,886 [DEBUG] (properties.py:415) -> setting property maximumSize
2026-07-14 11:14:13,886 [DEBUG] (properties.py:415) -> setting property cursor
2026-07-14 11:14:13,886 [DEBUG] (properties.py:415) -> setting property styleSheet
2026-07-14 11:14:13,886 [DEBUG] (properties.py:415) -> setting property text
2026-07-14 11:14:13,886 [DEBUG] (uiparser.py:106) -> push QPushButton editBtn
2026-07-14 11:14:13,886 [DEBUG] (uiparser.py:120) -> pop widget QPushButton editBtn
2026-07-14 11:14:13,886 [DEBUG] (uiparser.py:128) -> new topwidget <client.windows.system.document_types.document_type_card.DocumentTypeCard object at 0x0000025D6435A670>
2026-07-14 11:14:13,886 [DEBUG] (properties.py:415) -> setting property minimumSize
2026-07-14 11:14:13,886 [DEBUG] (properties.py:415) -> setting property maximumSize
2026-07-14 11:14:13,886 [DEBUG] (properties.py:415) -> setting property cursor
2026-07-14 11:14:13,886 [DEBUG] (properties.py:415) -> setting property styleSheet
2026-07-14 11:14:13,886 [DEBUG] (properties.py:415) -> setting property text
2026-07-14 11:14:13,886 [DEBUG] (uiparser.py:106) -> push QPushButton deleteBtn
2026-07-14 11:14:13,886 [DEBUG] (uiparser.py:120) -> pop widget QPushButton deleteBtn
2026-07-14 11:14:13,886 [DEBUG] (uiparser.py:128) -> new topwidget <client.windows.system.document_types.document_type_card.DocumentTypeCard object at 0x0000025D6435A670>
2026-07-14 11:14:13,886 [DEBUG] (uiparser.py:114) -> pop layout QHBoxLayout buttonsLayout
2026-07-14 11:14:13,886 [DEBUG] (uiparser.py:114) -> pop layout QHBoxLayout horizontalLayout
2026-07-14 11:14:13,886 [DEBUG] (uiparser.py:120) -> pop widget DocumentTypeCard DocumentTypeCard
2026-07-14 11:14:13,886 [DEBUG] (uiparser.py:128) -> new topwidget None
2026-07-14 11:14:13,887 [DEBUG] (uiparser.py:838) -> toplevel widget is DocumentTypeCard
2026-07-14 11:14:13,887 [DEBUG] (properties.py:415) -> setting property geometry
2026-07-14 11:14:13,887 [DEBUG] (properties.py:415) -> setting property minimumSize
2026-07-14 11:14:13,887 [DEBUG] (properties.py:415) -> setting property maximumSize
2026-07-14 11:14:13,887 [DEBUG] (properties.py:415) -> setting property styleSheet
2026-07-14 11:14:13,887 [DEBUG] (uiparser.py:106) -> push DocumentTypeCard DocumentTypeCard
2026-07-14 11:14:13,887 [DEBUG] (properties.py:415) -> setting property spacing
2026-07-14 11:14:13,887 [DEBUG] (properties.py:415) -> setting property leftMargin
2026-07-14 11:14:13,888 [DEBUG] (properties.py:415) -> setting property topMargin
2026-07-14 11:14:13,888 [DEBUG] (properties.py:415) -> setting property rightMargin
2026-07-14 11:14:13,888 [DEBUG] (properties.py:415) -> setting property bottomMargin
2026-07-14 11:14:13,888 [DEBUG] (properties.py:415) -> setting property pyuicMargins
2026-07-14 11:14:13,888 [DEBUG] (properties.py:415) -> setting property pyuicSpacing
2026-07-14 11:14:13,888 [DEBUG] (uiparser.py:106) -> push QHBoxLayout horizontalLayout
2026-07-14 11:14:13,888 [DEBUG] (properties.py:415) -> setting property spacing
2026-07-14 11:14:13,888 [DEBUG] (properties.py:415) -> setting property pyuicSpacing
2026-07-14 11:14:13,888 [DEBUG] (uiparser.py:106) -> push QHBoxLayout buttonsLayout
2026-07-14 11:14:13,888 [DEBUG] (properties.py:415) -> setting property spacing
2026-07-14 11:14:13,888 [DEBUG] (properties.py:415) -> setting property pyuicSpacing
2026-07-14 11:14:13,888 [DEBUG] (uiparser.py:106) -> push QVBoxLayout infoLayout_2
2026-07-14 11:14:13,888 [DEBUG] (properties.py:415) -> setting property styleSheet
2026-07-14 11:14:13,888 [DEBUG] (properties.py:415) -> setting property text
2026-07-14 11:14:13,888 [DEBUG] (uiparser.py:106) -> push QLabel nameLabel_2
2026-07-14 11:14:13,888 [DEBUG] (uiparser.py:120) -> pop widget QLabel nameLabel_2
2026-07-14 11:14:13,888 [DEBUG] (uiparser.py:128) -> new topwidget <client.windows.system.document_types.document_type_card.DocumentTypeCard object at 0x0000025D6435AD50>
2026-07-14 11:14:13,888 [DEBUG] (properties.py:415) -> setting property styleSheet
2026-07-14 11:14:13,888 [DEBUG] (properties.py:415) -> setting property text
2026-07-14 11:14:13,888 [DEBUG] (uiparser.py:106) -> push QLabel fieldsCountLabel
2026-07-14 11:14:13,888 [DEBUG] (uiparser.py:120) -> pop widget QLabel fieldsCountLabel
2026-07-14 11:14:13,888 [DEBUG] (uiparser.py:128) -> new topwidget <client.windows.system.document_types.document_type_card.DocumentTypeCard object at 0x0000025D6435AD50>
2026-07-14 11:14:13,888 [DEBUG] (properties.py:415) -> setting property styleSheet
2026-07-14 11:14:13,888 [DEBUG] (properties.py:415) -> setting property text
2026-07-14 11:14:13,888 [DEBUG] (uiparser.py:106) -> push QLabel autoNumLabel
2026-07-14 11:14:13,888 [DEBUG] (uiparser.py:120) -> pop widget QLabel autoNumLabel
2026-07-14 11:14:13,888 [DEBUG] (uiparser.py:128) -> new topwidget <client.windows.system.document_types.document_type_card.DocumentTypeCard object at 0x0000025D6435AD50>
2026-07-14 11:14:13,888 [DEBUG] (properties.py:415) -> setting property styleSheet
2026-07-14 11:14:13,888 [DEBUG] (properties.py:415) -> setting property text
2026-07-14 11:14:13,888 [DEBUG] (uiparser.py:106) -> push QLabel docsCountLabel
2026-07-14 11:14:13,888 [DEBUG] (uiparser.py:120) -> pop widget QLabel docsCountLabel
2026-07-14 11:14:13,888 [DEBUG] (uiparser.py:128) -> new topwidget <client.windows.system.document_types.document_type_card.DocumentTypeCard object at 0x0000025D6435AD50>
2026-07-14 11:14:13,888 [DEBUG] (uiparser.py:114) -> pop layout QVBoxLayout infoLayout_2
2026-07-14 11:14:13,888 [DEBUG] (properties.py:415) -> setting property minimumSize
2026-07-14 11:14:13,888 [DEBUG] (properties.py:415) -> setting property maximumSize
2026-07-14 11:14:13,888 [DEBUG] (properties.py:415) -> setting property cursor
2026-07-14 11:14:13,888 [DEBUG] (properties.py:415) -> setting property styleSheet
2026-07-14 11:14:13,889 [DEBUG] (properties.py:415) -> setting property text
2026-07-14 11:14:13,889 [DEBUG] (uiparser.py:106) -> push QPushButton editBtn
2026-07-14 11:14:13,889 [DEBUG] (uiparser.py:120) -> pop widget QPushButton editBtn
2026-07-14 11:14:13,889 [DEBUG] (uiparser.py:128) -> new topwidget <client.windows.system.document_types.document_type_card.DocumentTypeCard object at 0x0000025D6435AD50>
2026-07-14 11:14:13,889 [DEBUG] (properties.py:415) -> setting property minimumSize
2026-07-14 11:14:13,889 [DEBUG] (properties.py:415) -> setting property maximumSize
2026-07-14 11:14:13,889 [DEBUG] (properties.py:415) -> setting property cursor
2026-07-14 11:14:13,889 [DEBUG] (properties.py:415) -> setting property styleSheet
2026-07-14 11:14:13,889 [DEBUG] (properties.py:415) -> setting property text
2026-07-14 11:14:13,889 [DEBUG] (uiparser.py:106) -> push QPushButton deleteBtn
2026-07-14 11:14:13,889 [DEBUG] (uiparser.py:120) -> pop widget QPushButton deleteBtn
2026-07-14 11:14:13,889 [DEBUG] (uiparser.py:128) -> new topwidget <client.windows.system.document_types.document_type_card.DocumentTypeCard object at 0x0000025D6435AD50>
2026-07-14 11:14:13,889 [DEBUG] (uiparser.py:114) -> pop layout QHBoxLayout buttonsLayout
2026-07-14 11:14:13,889 [DEBUG] (uiparser.py:114) -> pop layout QHBoxLayout horizontalLayout
2026-07-14 11:14:13,889 [DEBUG] (uiparser.py:120) -> pop widget DocumentTypeCard DocumentTypeCard
2026-07-14 11:14:13,889 [DEBUG] (uiparser.py:128) -> new topwidget None
2026-07-14 11:14:13,891 [DEBUG] (uiparser.py:838) -> toplevel widget is DocumentTypeCard
2026-07-14 11:14:13,891 [DEBUG] (properties.py:415) -> setting property geometry
2026-07-14 11:14:13,891 [DEBUG] (properties.py:415) -> setting property minimumSize
2026-07-14 11:14:13,891 [DEBUG] (properties.py:415) -> setting property maximumSize
2026-07-14 11:14:13,891 [DEBUG] (properties.py:415) -> setting property styleSheet
2026-07-14 11:14:13,891 [DEBUG] (uiparser.py:106) -> push DocumentTypeCard DocumentTypeCard
2026-07-14 11:14:13,891 [DEBUG] (properties.py:415) -> setting property spacing
2026-07-14 11:14:13,891 [DEBUG] (properties.py:415) -> setting property leftMargin
2026-07-14 11:14:13,891 [DEBUG] (properties.py:415) -> setting property topMargin
2026-07-14 11:14:13,891 [DEBUG] (properties.py:415) -> setting property rightMargin
2026-07-14 11:14:13,891 [DEBUG] (properties.py:415) -> setting property bottomMargin
2026-07-14 11:14:13,891 [DEBUG] (properties.py:415) -> setting property pyuicMargins
2026-07-14 11:14:13,891 [DEBUG] (properties.py:415) -> setting property pyuicSpacing
2026-07-14 11:14:13,891 [DEBUG] (uiparser.py:106) -> push QHBoxLayout horizontalLayout
2026-07-14 11:14:13,891 [DEBUG] (properties.py:415) -> setting property spacing
2026-07-14 11:14:13,891 [DEBUG] (properties.py:415) -> setting property pyuicSpacing
2026-07-14 11:14:13,891 [DEBUG] (uiparser.py:106) -> push QHBoxLayout buttonsLayout
2026-07-14 11:14:13,891 [DEBUG] (properties.py:415) -> setting property spacing
2026-07-14 11:14:13,891 [DEBUG] (properties.py:415) -> setting property pyuicSpacing
2026-07-14 11:14:13,891 [DEBUG] (uiparser.py:106) -> push QVBoxLayout infoLayout_2
2026-07-14 11:14:13,891 [DEBUG] (properties.py:415) -> setting property styleSheet
2026-07-14 11:14:13,891 [DEBUG] (properties.py:415) -> setting property text
2026-07-14 11:14:13,891 [DEBUG] (uiparser.py:106) -> push QLabel nameLabel_2
2026-07-14 11:14:13,891 [DEBUG] (uiparser.py:120) -> pop widget QLabel nameLabel_2
2026-07-14 11:14:13,891 [DEBUG] (uiparser.py:128) -> new topwidget <client.windows.system.document_types.document_type_card.DocumentTypeCard object at 0x0000025D6435B430>
2026-07-14 11:14:13,891 [DEBUG] (properties.py:415) -> setting property styleSheet
2026-07-14 11:14:13,891 [DEBUG] (properties.py:415) -> setting property text
2026-07-14 11:14:13,891 [DEBUG] (uiparser.py:106) -> push QLabel fieldsCountLabel
2026-07-14 11:14:13,891 [DEBUG] (uiparser.py:120) -> pop widget QLabel fieldsCountLabel
2026-07-14 11:14:13,891 [DEBUG] (uiparser.py:128) -> new topwidget <client.windows.system.document_types.document_type_card.DocumentTypeCard object at 0x0000025D6435B430>
2026-07-14 11:14:13,892 [DEBUG] (properties.py:415) -> setting property styleSheet
2026-07-14 11:14:13,892 [DEBUG] (properties.py:415) -> setting property text
2026-07-14 11:14:13,892 [DEBUG] (uiparser.py:106) -> push QLabel autoNumLabel
2026-07-14 11:14:13,892 [DEBUG] (uiparser.py:120) -> pop widget QLabel autoNumLabel
2026-07-14 11:14:13,892 [DEBUG] (uiparser.py:128) -> new topwidget <client.windows.system.document_types.document_type_card.DocumentTypeCard object at 0x0000025D6435B430>
2026-07-14 11:14:13,892 [DEBUG] (properties.py:415) -> setting property styleSheet
2026-07-14 11:14:13,892 [DEBUG] (properties.py:415) -> setting property text
2026-07-14 11:14:13,892 [DEBUG] (uiparser.py:106) -> push QLabel docsCountLabel
2026-07-14 11:14:13,892 [DEBUG] (uiparser.py:120) -> pop widget QLabel docsCountLabel
2026-07-14 11:14:13,892 [DEBUG] (uiparser.py:128) -> new topwidget <client.windows.system.document_types.document_type_card.DocumentTypeCard object at 0x0000025D6435B430>
2026-07-14 11:14:13,892 [DEBUG] (uiparser.py:114) -> pop layout QVBoxLayout infoLayout_2
2026-07-14 11:14:13,892 [DEBUG] (properties.py:415) -> setting property minimumSize
2026-07-14 11:14:13,892 [DEBUG] (properties.py:415) -> setting property maximumSize
2026-07-14 11:14:13,892 [DEBUG] (properties.py:415) -> setting property cursor
2026-07-14 11:14:13,892 [DEBUG] (properties.py:415) -> setting property styleSheet
2026-07-14 11:14:13,897 [DEBUG] (properties.py:415) -> setting property text
2026-07-14 11:14:13,897 [DEBUG] (uiparser.py:106) -> push QPushButton editBtn
2026-07-14 11:14:13,897 [DEBUG] (uiparser.py:120) -> pop widget QPushButton editBtn
2026-07-14 11:14:13,897 [DEBUG] (uiparser.py:128) -> new topwidget <client.windows.system.document_types.document_type_card.DocumentTypeCard object at 0x0000025D6435B430>
2026-07-14 11:14:13,897 [DEBUG] (properties.py:415) -> setting property minimumSize
2026-07-14 11:14:13,897 [DEBUG] (properties.py:415) -> setting property maximumSize
2026-07-14 11:14:13,897 [DEBUG] (properties.py:415) -> setting property cursor
2026-07-14 11:14:13,897 [DEBUG] (properties.py:415) -> setting property styleSheet
2026-07-14 11:14:13,897 [DEBUG] (properties.py:415) -> setting property text
2026-07-14 11:14:13,897 [DEBUG] (uiparser.py:106) -> push QPushButton deleteBtn
2026-07-14 11:14:13,897 [DEBUG] (uiparser.py:120) -> pop widget QPushButton deleteBtn
2026-07-14 11:14:13,897 [DEBUG] (uiparser.py:128) -> new topwidget <client.windows.system.document_types.document_type_card.DocumentTypeCard object at 0x0000025D6435B430>
2026-07-14 11:14:13,897 [DEBUG] (uiparser.py:114) -> pop layout QHBoxLayout buttonsLayout
2026-07-14 11:14:13,897 [DEBUG] (uiparser.py:114) -> pop layout QHBoxLayout horizontalLayout
2026-07-14 11:14:13,897 [DEBUG] (uiparser.py:120) -> pop widget DocumentTypeCard DocumentTypeCard
2026-07-14 11:14:13,897 [DEBUG] (uiparser.py:128) -> new topwidget None
2026-07-14 11:14:13,898 [DEBUG] (uiparser.py:838) -> toplevel widget is DocumentTypeCard
2026-07-14 11:14:13,898 [DEBUG] (properties.py:415) -> setting property geometry
2026-07-14 11:14:13,898 [DEBUG] (properties.py:415) -> setting property minimumSize
2026-07-14 11:14:13,898 [DEBUG] (properties.py:415) -> setting property maximumSize
2026-07-14 11:14:13,898 [DEBUG] (properties.py:415) -> setting property styleSheet
2026-07-14 11:14:13,898 [DEBUG] (uiparser.py:106) -> push DocumentTypeCard DocumentTypeCard
2026-07-14 11:14:13,899 [DEBUG] (properties.py:415) -> setting property spacing
2026-07-14 11:14:13,899 [DEBUG] (properties.py:415) -> setting property leftMargin
2026-07-14 11:14:13,899 [DEBUG] (properties.py:415) -> setting property topMargin
2026-07-14 11:14:13,899 [DEBUG] (properties.py:415) -> setting property rightMargin
2026-07-14 11:14:13,899 [DEBUG] (properties.py:415) -> setting property bottomMargin
2026-07-14 11:14:13,899 [DEBUG] (properties.py:415) -> setting property pyuicMargins
2026-07-14 11:14:13,899 [DEBUG] (properties.py:415) -> setting property pyuicSpacing
2026-07-14 11:14:13,899 [DEBUG] (uiparser.py:106) -> push QHBoxLayout horizontalLayout
2026-07-14 11:14:13,899 [DEBUG] (properties.py:415) -> setting property spacing
2026-07-14 11:14:13,899 [DEBUG] (properties.py:415) -> setting property pyuicSpacing
2026-07-14 11:14:13,899 [DEBUG] (uiparser.py:106) -> push QHBoxLayout buttonsLayout
2026-07-14 11:14:13,899 [DEBUG] (properties.py:415) -> setting property spacing
2026-07-14 11:14:13,899 [DEBUG] (properties.py:415) -> setting property pyuicSpacing
2026-07-14 11:14:13,899 [DEBUG] (uiparser.py:106) -> push QVBoxLayout infoLayout_2
2026-07-14 11:14:13,899 [DEBUG] (properties.py:415) -> setting property styleSheet
2026-07-14 11:14:13,899 [DEBUG] (properties.py:415) -> setting property text
2026-07-14 11:14:13,899 [DEBUG] (uiparser.py:106) -> push QLabel nameLabel_2
2026-07-14 11:14:13,899 [DEBUG] (uiparser.py:120) -> pop widget QLabel nameLabel_2
2026-07-14 11:14:13,899 [DEBUG] (uiparser.py:128) -> new topwidget <client.windows.system.document_types.document_type_card.DocumentTypeCard object at 0x0000025D6435BB10>
2026-07-14 11:14:13,899 [DEBUG] (properties.py:415) -> setting property styleSheet
2026-07-14 11:14:13,899 [DEBUG] (properties.py:415) -> setting property text
2026-07-14 11:14:13,899 [DEBUG] (uiparser.py:106) -> push QLabel fieldsCountLabel
2026-07-14 11:14:13,899 [DEBUG] (uiparser.py:120) -> pop widget QLabel fieldsCountLabel
2026-07-14 11:14:13,899 [DEBUG] (uiparser.py:128) -> new topwidget <client.windows.system.document_types.document_type_card.DocumentTypeCard object at 0x0000025D6435BB10>
2026-07-14 11:14:13,899 [DEBUG] (properties.py:415) -> setting property styleSheet
2026-07-14 11:14:13,899 [DEBUG] (properties.py:415) -> setting property text
2026-07-14 11:14:13,899 [DEBUG] (uiparser.py:106) -> push QLabel autoNumLabel
2026-07-14 11:14:13,899 [DEBUG] (uiparser.py:120) -> pop widget QLabel autoNumLabel
2026-07-14 11:14:13,899 [DEBUG] (uiparser.py:128) -> new topwidget <client.windows.system.document_types.document_type_card.DocumentTypeCard object at 0x0000025D6435BB10>
2026-07-14 11:14:13,899 [DEBUG] (properties.py:415) -> setting property styleSheet
2026-07-14 11:14:13,899 [DEBUG] (properties.py:415) -> setting property text
2026-07-14 11:14:13,899 [DEBUG] (uiparser.py:106) -> push QLabel docsCountLabel
2026-07-14 11:14:13,899 [DEBUG] (uiparser.py:120) -> pop widget QLabel docsCountLabel
2026-07-14 11:14:13,899 [DEBUG] (uiparser.py:128) -> new topwidget <client.windows.system.document_types.document_type_card.DocumentTypeCard object at 0x0000025D6435BB10>
2026-07-14 11:14:13,899 [DEBUG] (uiparser.py:114) -> pop layout QVBoxLayout infoLayout_2
2026-07-14 11:14:13,899 [DEBUG] (properties.py:415) -> setting property minimumSize
2026-07-14 11:14:13,899 [DEBUG] (properties.py:415) -> setting property maximumSize
2026-07-14 11:14:13,899 [DEBUG] (properties.py:415) -> setting property cursor
2026-07-14 11:14:13,899 [DEBUG] (properties.py:415) -> setting property styleSheet
2026-07-14 11:14:13,899 [DEBUG] (properties.py:415) -> setting property text
2026-07-14 11:14:13,899 [DEBUG] (uiparser.py:106) -> push QPushButton editBtn
2026-07-14 11:14:13,899 [DEBUG] (uiparser.py:120) -> pop widget QPushButton editBtn
2026-07-14 11:14:13,899 [DEBUG] (uiparser.py:128) -> new topwidget <client.windows.system.document_types.document_type_card.DocumentTypeCard object at 0x0000025D6435BB10>
2026-07-14 11:14:13,899 [DEBUG] (properties.py:415) -> setting property minimumSize
2026-07-14 11:14:13,899 [DEBUG] (properties.py:415) -> setting property maximumSize
2026-07-14 11:14:13,899 [DEBUG] (properties.py:415) -> setting property cursor
2026-07-14 11:14:13,899 [DEBUG] (properties.py:415) -> setting property styleSheet
2026-07-14 11:14:13,900 [DEBUG] (properties.py:415) -> setting property text
2026-07-14 11:14:13,900 [DEBUG] (uiparser.py:106) -> push QPushButton deleteBtn
2026-07-14 11:14:13,900 [DEBUG] (uiparser.py:120) -> pop widget QPushButton deleteBtn
2026-07-14 11:14:13,901 [DEBUG] (uiparser.py:128) -> new topwidget <client.windows.system.document_types.document_type_card.DocumentTypeCard object at 0x0000025D6435BB10>
2026-07-14 11:14:13,901 [DEBUG] (uiparser.py:114) -> pop layout QHBoxLayout buttonsLayout
2026-07-14 11:14:13,901 [DEBUG] (uiparser.py:114) -> pop layout QHBoxLayout horizontalLayout
2026-07-14 11:14:13,901 [DEBUG] (uiparser.py:120) -> pop widget DocumentTypeCard DocumentTypeCard
2026-07-14 11:14:13,901 [DEBUG] (uiparser.py:128) -> new topwidget None
2026-07-14 11:14:13,903 [DEBUG] (uiparser.py:838) -> toplevel widget is DocumentTypeCard
2026-07-14 11:14:13,903 [DEBUG] (properties.py:415) -> setting property geometry
2026-07-14 11:14:13,903 [DEBUG] (properties.py:415) -> setting property minimumSize
2026-07-14 11:14:13,903 [DEBUG] (properties.py:415) -> setting property maximumSize
2026-07-14 11:14:13,903 [DEBUG] (properties.py:415) -> setting property styleSheet
2026-07-14 11:14:13,903 [DEBUG] (uiparser.py:106) -> push DocumentTypeCard DocumentTypeCard
2026-07-14 11:14:13,903 [DEBUG] (properties.py:415) -> setting property spacing
2026-07-14 11:14:13,903 [DEBUG] (properties.py:415) -> setting property leftMargin
2026-07-14 11:14:13,903 [DEBUG] (properties.py:415) -> setting property topMargin
2026-07-14 11:14:13,903 [DEBUG] (properties.py:415) -> setting property rightMargin
2026-07-14 11:14:13,903 [DEBUG] (properties.py:415) -> setting property bottomMargin
2026-07-14 11:14:13,903 [DEBUG] (properties.py:415) -> setting property pyuicMargins
2026-07-14 11:14:13,903 [DEBUG] (properties.py:415) -> setting property pyuicSpacing
2026-07-14 11:14:13,903 [DEBUG] (uiparser.py:106) -> push QHBoxLayout horizontalLayout
2026-07-14 11:14:13,903 [DEBUG] (properties.py:415) -> setting property spacing
2026-07-14 11:14:13,903 [DEBUG] (properties.py:415) -> setting property pyuicSpacing
2026-07-14 11:14:13,903 [DEBUG] (uiparser.py:106) -> push QHBoxLayout buttonsLayout
2026-07-14 11:14:13,903 [DEBUG] (properties.py:415) -> setting property spacing
2026-07-14 11:14:13,903 [DEBUG] (properties.py:415) -> setting property pyuicSpacing
2026-07-14 11:14:13,903 [DEBUG] (uiparser.py:106) -> push QVBoxLayout infoLayout_2
2026-07-14 11:14:13,903 [DEBUG] (properties.py:415) -> setting property styleSheet
2026-07-14 11:14:13,903 [DEBUG] (properties.py:415) -> setting property text
2026-07-14 11:14:13,903 [DEBUG] (uiparser.py:106) -> push QLabel nameLabel_2
2026-07-14 11:14:13,903 [DEBUG] (uiparser.py:120) -> pop widget QLabel nameLabel_2
2026-07-14 11:14:13,903 [DEBUG] (uiparser.py:128) -> new topwidget <client.windows.system.document_types.document_type_card.DocumentTypeCard object at 0x0000025D6435C230>
2026-07-14 11:14:13,903 [DEBUG] (properties.py:415) -> setting property styleSheet
2026-07-14 11:14:13,903 [DEBUG] (properties.py:415) -> setting property text
2026-07-14 11:14:13,903 [DEBUG] (uiparser.py:106) -> push QLabel fieldsCountLabel
2026-07-14 11:14:13,903 [DEBUG] (uiparser.py:120) -> pop widget QLabel fieldsCountLabel
2026-07-14 11:14:13,903 [DEBUG] (uiparser.py:128) -> new topwidget <client.windows.system.document_types.document_type_card.DocumentTypeCard object at 0x0000025D6435C230>
2026-07-14 11:14:13,903 [DEBUG] (properties.py:415) -> setting property styleSheet
2026-07-14 11:14:13,903 [DEBUG] (properties.py:415) -> setting property text
2026-07-14 11:14:13,903 [DEBUG] (uiparser.py:106) -> push QLabel autoNumLabel
2026-07-14 11:14:13,903 [DEBUG] (uiparser.py:120) -> pop widget QLabel autoNumLabel
2026-07-14 11:14:13,903 [DEBUG] (uiparser.py:128) -> new topwidget <client.windows.system.document_types.document_type_card.DocumentTypeCard object at 0x0000025D6435C230>
2026-07-14 11:14:13,904 [DEBUG] (properties.py:415) -> setting property styleSheet
2026-07-14 11:14:13,904 [DEBUG] (properties.py:415) -> setting property text
2026-07-14 11:14:13,904 [DEBUG] (uiparser.py:106) -> push QLabel docsCountLabel
2026-07-14 11:14:13,904 [DEBUG] (uiparser.py:120) -> pop widget QLabel docsCountLabel
2026-07-14 11:14:13,904 [DEBUG] (uiparser.py:128) -> new topwidget <client.windows.system.document_types.document_type_card.DocumentTypeCard object at 0x0000025D6435C230>
2026-07-14 11:14:13,904 [DEBUG] (uiparser.py:114) -> pop layout QVBoxLayout infoLayout_2
2026-07-14 11:14:13,904 [DEBUG] (properties.py:415) -> setting property minimumSize
2026-07-14 11:14:13,904 [DEBUG] (properties.py:415) -> setting property maximumSize
2026-07-14 11:14:13,904 [DEBUG] (properties.py:415) -> setting property cursor
2026-07-14 11:14:13,904 [DEBUG] (properties.py:415) -> setting property styleSheet
2026-07-14 11:14:13,908 [DEBUG] (properties.py:415) -> setting property text
2026-07-14 11:14:13,908 [DEBUG] (uiparser.py:106) -> push QPushButton editBtn
2026-07-14 11:14:13,908 [DEBUG] (uiparser.py:120) -> pop widget QPushButton editBtn
2026-07-14 11:14:13,908 [DEBUG] (uiparser.py:128) -> new topwidget <client.windows.system.document_types.document_type_card.DocumentTypeCard object at 0x0000025D6435C230>
2026-07-14 11:14:13,908 [DEBUG] (properties.py:415) -> setting property minimumSize
2026-07-14 11:14:13,908 [DEBUG] (properties.py:415) -> setting property maximumSize
2026-07-14 11:14:13,908 [DEBUG] (properties.py:415) -> setting property cursor
2026-07-14 11:14:13,908 [DEBUG] (properties.py:415) -> setting property styleSheet
2026-07-14 11:14:13,908 [DEBUG] (properties.py:415) -> setting property text
2026-07-14 11:14:13,908 [DEBUG] (uiparser.py:106) -> push QPushButton deleteBtn
2026-07-14 11:14:13,908 [DEBUG] (uiparser.py:120) -> pop widget QPushButton deleteBtn
2026-07-14 11:14:13,908 [DEBUG] (uiparser.py:128) -> new topwidget <client.windows.system.document_types.document_type_card.DocumentTypeCard object at 0x0000025D6435C230>
2026-07-14 11:14:13,908 [DEBUG] (uiparser.py:114) -> pop layout QHBoxLayout buttonsLayout
2026-07-14 11:14:13,908 [DEBUG] (uiparser.py:114) -> pop layout QHBoxLayout horizontalLayout
2026-07-14 11:14:13,908 [DEBUG] (uiparser.py:120) -> pop widget DocumentTypeCard DocumentTypeCard
2026-07-14 11:14:13,908 [DEBUG] (uiparser.py:128) -> new topwidget None
2026-07-14 11:14:13,909 [DEBUG] (uiparser.py:838) -> toplevel widget is DocumentTypeCard
2026-07-14 11:14:13,909 [DEBUG] (properties.py:415) -> setting property geometry
2026-07-14 11:14:13,909 [DEBUG] (properties.py:415) -> setting property minimumSize
2026-07-14 11:14:13,909 [DEBUG] (properties.py:415) -> setting property maximumSize
2026-07-14 11:14:13,909 [DEBUG] (properties.py:415) -> setting property styleSheet
2026-07-14 11:14:13,909 [DEBUG] (uiparser.py:106) -> push DocumentTypeCard DocumentTypeCard
2026-07-14 11:14:13,909 [DEBUG] (properties.py:415) -> setting property spacing
2026-07-14 11:14:13,909 [DEBUG] (properties.py:415) -> setting property leftMargin
2026-07-14 11:14:13,910 [DEBUG] (properties.py:415) -> setting property topMargin
2026-07-14 11:14:13,910 [DEBUG] (properties.py:415) -> setting property rightMargin
2026-07-14 11:14:13,910 [DEBUG] (properties.py:415) -> setting property bottomMargin
2026-07-14 11:14:13,910 [DEBUG] (properties.py:415) -> setting property pyuicMargins
2026-07-14 11:14:13,910 [DEBUG] (properties.py:415) -> setting property pyuicSpacing
2026-07-14 11:14:13,910 [DEBUG] (uiparser.py:106) -> push QHBoxLayout horizontalLayout
2026-07-14 11:14:13,910 [DEBUG] (properties.py:415) -> setting property spacing
2026-07-14 11:14:13,910 [DEBUG] (properties.py:415) -> setting property pyuicSpacing
2026-07-14 11:14:13,910 [DEBUG] (uiparser.py:106) -> push QHBoxLayout buttonsLayout
2026-07-14 11:14:13,910 [DEBUG] (properties.py:415) -> setting property spacing
2026-07-14 11:14:13,910 [DEBUG] (properties.py:415) -> setting property pyuicSpacing
2026-07-14 11:14:13,910 [DEBUG] (uiparser.py:106) -> push QVBoxLayout infoLayout_2
2026-07-14 11:14:13,910 [DEBUG] (properties.py:415) -> setting property styleSheet
2026-07-14 11:14:13,910 [DEBUG] (properties.py:415) -> setting property text
2026-07-14 11:14:13,910 [DEBUG] (uiparser.py:106) -> push QLabel nameLabel_2
2026-07-14 11:14:13,910 [DEBUG] (uiparser.py:120) -> pop widget QLabel nameLabel_2
2026-07-14 11:14:13,910 [DEBUG] (uiparser.py:128) -> new topwidget <client.windows.system.document_types.document_type_card.DocumentTypeCard object at 0x0000025D6435C910>
2026-07-14 11:14:13,910 [DEBUG] (properties.py:415) -> setting property styleSheet
2026-07-14 11:14:13,910 [DEBUG] (properties.py:415) -> setting property text
2026-07-14 11:14:13,910 [DEBUG] (uiparser.py:106) -> push QLabel fieldsCountLabel
2026-07-14 11:14:13,910 [DEBUG] (uiparser.py:120) -> pop widget QLabel fieldsCountLabel
2026-07-14 11:14:13,910 [DEBUG] (uiparser.py:128) -> new topwidget <client.windows.system.document_types.document_type_card.DocumentTypeCard object at 0x0000025D6435C910>
2026-07-14 11:14:13,910 [DEBUG] (properties.py:415) -> setting property styleSheet
2026-07-14 11:14:13,910 [DEBUG] (properties.py:415) -> setting property text
2026-07-14 11:14:13,910 [DEBUG] (uiparser.py:106) -> push QLabel autoNumLabel
2026-07-14 11:14:13,910 [DEBUG] (uiparser.py:120) -> pop widget QLabel autoNumLabel
2026-07-14 11:14:13,910 [DEBUG] (uiparser.py:128) -> new topwidget <client.windows.system.document_types.document_type_card.DocumentTypeCard object at 0x0000025D6435C910>
2026-07-14 11:14:13,910 [DEBUG] (properties.py:415) -> setting property styleSheet
2026-07-14 11:14:13,910 [DEBUG] (properties.py:415) -> setting property text
2026-07-14 11:14:13,910 [DEBUG] (uiparser.py:106) -> push QLabel docsCountLabel
2026-07-14 11:14:13,910 [DEBUG] (uiparser.py:120) -> pop widget QLabel docsCountLabel
2026-07-14 11:14:13,910 [DEBUG] (uiparser.py:128) -> new topwidget <client.windows.system.document_types.document_type_card.DocumentTypeCard object at 0x0000025D6435C910>
2026-07-14 11:14:13,910 [DEBUG] (uiparser.py:114) -> pop layout QVBoxLayout infoLayout_2
2026-07-14 11:14:13,910 [DEBUG] (properties.py:415) -> setting property minimumSize
2026-07-14 11:14:13,910 [DEBUG] (properties.py:415) -> setting property maximumSize
2026-07-14 11:14:13,910 [DEBUG] (properties.py:415) -> setting property cursor
2026-07-14 11:14:13,910 [DEBUG] (properties.py:415) -> setting property styleSheet
2026-07-14 11:14:13,910 [DEBUG] (properties.py:415) -> setting property text
2026-07-14 11:14:13,910 [DEBUG] (uiparser.py:106) -> push QPushButton editBtn
2026-07-14 11:14:13,910 [DEBUG] (uiparser.py:120) -> pop widget QPushButton editBtn
2026-07-14 11:14:13,910 [DEBUG] (uiparser.py:128) -> new topwidget <client.windows.system.document_types.document_type_card.DocumentTypeCard object at 0x0000025D6435C910>
2026-07-14 11:14:13,910 [DEBUG] (properties.py:415) -> setting property minimumSize
2026-07-14 11:14:13,910 [DEBUG] (properties.py:415) -> setting property maximumSize
2026-07-14 11:14:13,911 [DEBUG] (properties.py:415) -> setting property cursor
2026-07-14 11:14:13,911 [DEBUG] (properties.py:415) -> setting property styleSheet
2026-07-14 11:14:13,911 [DEBUG] (properties.py:415) -> setting property text
2026-07-14 11:14:13,911 [DEBUG] (uiparser.py:106) -> push QPushButton deleteBtn
2026-07-14 11:14:13,911 [DEBUG] (uiparser.py:120) -> pop widget QPushButton deleteBtn
2026-07-14 11:14:13,911 [DEBUG] (uiparser.py:128) -> new topwidget <client.windows.system.document_types.document_type_card.DocumentTypeCard object at 0x0000025D6435C910>
2026-07-14 11:14:13,911 [DEBUG] (uiparser.py:114) -> pop layout QHBoxLayout buttonsLayout
2026-07-14 11:14:13,911 [DEBUG] (uiparser.py:114) -> pop layout QHBoxLayout horizontalLayout
2026-07-14 11:14:13,911 [DEBUG] (uiparser.py:120) -> pop widget DocumentTypeCard DocumentTypeCard
2026-07-14 11:14:13,911 [DEBUG] (uiparser.py:128) -> new topwidget None
2026-07-14 11:14:13,912 [DEBUG] (uiparser.py:838) -> toplevel widget is DocumentTypeCard
2026-07-14 11:14:13,912 [DEBUG] (properties.py:415) -> setting property geometry
2026-07-14 11:14:13,912 [DEBUG] (properties.py:415) -> setting property minimumSize
2026-07-14 11:14:13,912 [DEBUG] (properties.py:415) -> setting property maximumSize
2026-07-14 11:14:13,912 [DEBUG] (properties.py:415) -> setting property styleSheet
2026-07-14 11:14:13,912 [DEBUG] (uiparser.py:106) -> push DocumentTypeCard DocumentTypeCard
2026-07-14 11:14:13,912 [DEBUG] (properties.py:415) -> setting property spacing
2026-07-14 11:14:13,912 [DEBUG] (properties.py:415) -> setting property leftMargin
2026-07-14 11:14:13,912 [DEBUG] (properties.py:415) -> setting property topMargin
2026-07-14 11:14:13,912 [DEBUG] (properties.py:415) -> setting property rightMargin
2026-07-14 11:14:13,912 [DEBUG] (properties.py:415) -> setting property bottomMargin
2026-07-14 11:14:13,912 [DEBUG] (properties.py:415) -> setting property pyuicMargins
2026-07-14 11:14:13,912 [DEBUG] (properties.py:415) -> setting property pyuicSpacing
2026-07-14 11:14:13,912 [DEBUG] (uiparser.py:106) -> push QHBoxLayout horizontalLayout
2026-07-14 11:14:13,912 [DEBUG] (properties.py:415) -> setting property spacing
2026-07-14 11:14:13,912 [DEBUG] (properties.py:415) -> setting property pyuicSpacing
2026-07-14 11:14:13,912 [DEBUG] (uiparser.py:106) -> push QHBoxLayout buttonsLayout
2026-07-14 11:14:13,912 [DEBUG] (properties.py:415) -> setting property spacing
2026-07-14 11:14:13,912 [DEBUG] (properties.py:415) -> setting property pyuicSpacing
2026-07-14 11:14:13,912 [DEBUG] (uiparser.py:106) -> push QVBoxLayout infoLayout_2
2026-07-14 11:14:13,913 [DEBUG] (properties.py:415) -> setting property styleSheet
2026-07-14 11:14:13,913 [DEBUG] (properties.py:415) -> setting property text
2026-07-14 11:14:13,913 [DEBUG] (uiparser.py:106) -> push QLabel nameLabel_2
2026-07-14 11:14:13,913 [DEBUG] (uiparser.py:120) -> pop widget QLabel nameLabel_2
2026-07-14 11:14:13,913 [DEBUG] (uiparser.py:128) -> new topwidget <client.windows.system.document_types.document_type_card.DocumentTypeCard object at 0x0000025D642ED310>
2026-07-14 11:14:13,913 [DEBUG] (properties.py:415) -> setting property styleSheet
2026-07-14 11:14:13,913 [DEBUG] (properties.py:415) -> setting property text
2026-07-14 11:14:13,913 [DEBUG] (uiparser.py:106) -> push QLabel fieldsCountLabel
2026-07-14 11:14:13,913 [DEBUG] (uiparser.py:120) -> pop widget QLabel fieldsCountLabel
2026-07-14 11:14:13,913 [DEBUG] (uiparser.py:128) -> new topwidget <client.windows.system.document_types.document_type_card.DocumentTypeCard object at 0x0000025D642ED310>
2026-07-14 11:14:13,913 [DEBUG] (properties.py:415) -> setting property styleSheet
2026-07-14 11:14:13,913 [DEBUG] (properties.py:415) -> setting property text
2026-07-14 11:14:13,913 [DEBUG] (uiparser.py:106) -> push QLabel autoNumLabel
2026-07-14 11:14:13,913 [DEBUG] (uiparser.py:120) -> pop widget QLabel autoNumLabel
2026-07-14 11:14:13,913 [DEBUG] (uiparser.py:128) -> new topwidget <client.windows.system.document_types.document_type_card.DocumentTypeCard object at 0x0000025D642ED310>
2026-07-14 11:14:13,913 [DEBUG] (properties.py:415) -> setting property styleSheet
2026-07-14 11:14:13,913 [DEBUG] (properties.py:415) -> setting property text
2026-07-14 11:14:13,913 [DEBUG] (uiparser.py:106) -> push QLabel docsCountLabel
2026-07-14 11:14:13,913 [DEBUG] (uiparser.py:120) -> pop widget QLabel docsCountLabel
2026-07-14 11:14:13,913 [DEBUG] (uiparser.py:128) -> new topwidget <client.windows.system.document_types.document_type_card.DocumentTypeCard object at 0x0000025D642ED310>
2026-07-14 11:14:13,913 [DEBUG] (uiparser.py:114) -> pop layout QVBoxLayout infoLayout_2
2026-07-14 11:14:13,913 [DEBUG] (properties.py:415) -> setting property minimumSize
2026-07-14 11:14:13,913 [DEBUG] (properties.py:415) -> setting property maximumSize
2026-07-14 11:14:13,913 [DEBUG] (properties.py:415) -> setting property cursor
2026-07-14 11:14:13,913 [DEBUG] (properties.py:415) -> setting property styleSheet
2026-07-14 11:14:13,914 [DEBUG] (properties.py:415) -> setting property text
2026-07-14 11:14:13,914 [DEBUG] (uiparser.py:106) -> push QPushButton editBtn
2026-07-14 11:14:13,914 [DEBUG] (uiparser.py:120) -> pop widget QPushButton editBtn
2026-07-14 11:14:13,914 [DEBUG] (uiparser.py:128) -> new topwidget <client.windows.system.document_types.document_type_card.DocumentTypeCard object at 0x0000025D642ED310>
2026-07-14 11:14:13,914 [DEBUG] (properties.py:415) -> setting property minimumSize
2026-07-14 11:14:13,914 [DEBUG] (properties.py:415) -> setting property maximumSize
2026-07-14 11:14:13,914 [DEBUG] (properties.py:415) -> setting property cursor
2026-07-14 11:14:13,914 [DEBUG] (properties.py:415) -> setting property styleSheet
2026-07-14 11:14:13,914 [DEBUG] (properties.py:415) -> setting property text
2026-07-14 11:14:13,914 [DEBUG] (uiparser.py:106) -> push QPushButton deleteBtn
2026-07-14 11:14:13,914 [DEBUG] (uiparser.py:120) -> pop widget QPushButton deleteBtn
2026-07-14 11:14:13,914 [DEBUG] (uiparser.py:128) -> new topwidget <client.windows.system.document_types.document_type_card.DocumentTypeCard object at 0x0000025D642ED310>
2026-07-14 11:14:13,914 [DEBUG] (uiparser.py:114) -> pop layout QHBoxLayout buttonsLayout
2026-07-14 11:14:13,914 [DEBUG] (uiparser.py:114) -> pop layout QHBoxLayout horizontalLayout
2026-07-14 11:14:13,914 [DEBUG] (uiparser.py:120) -> pop widget DocumentTypeCard DocumentTypeCard
2026-07-14 11:14:13,914 [DEBUG] (uiparser.py:128) -> new topwidget None
2026-07-14 11:14:13,916 [DEBUG] (uiparser.py:838) -> toplevel widget is DocumentTypeCard
2026-07-14 11:14:13,916 [DEBUG] (properties.py:415) -> setting property geometry
2026-07-14 11:14:13,916 [DEBUG] (properties.py:415) -> setting property minimumSize
2026-07-14 11:14:13,916 [DEBUG] (properties.py:415) -> setting property maximumSize
2026-07-14 11:14:13,916 [DEBUG] (properties.py:415) -> setting property styleSheet
2026-07-14 11:14:13,917 [DEBUG] (uiparser.py:106) -> push DocumentTypeCard DocumentTypeCard
2026-07-14 11:14:13,917 [DEBUG] (properties.py:415) -> setting property spacing
2026-07-14 11:14:13,917 [DEBUG] (properties.py:415) -> setting property leftMargin
2026-07-14 11:14:13,917 [DEBUG] (properties.py:415) -> setting property topMargin
2026-07-14 11:14:13,917 [DEBUG] (properties.py:415) -> setting property rightMargin
2026-07-14 11:14:13,917 [DEBUG] (properties.py:415) -> setting property bottomMargin
2026-07-14 11:14:13,917 [DEBUG] (properties.py:415) -> setting property pyuicMargins
2026-07-14 11:14:13,917 [DEBUG] (properties.py:415) -> setting property pyuicSpacing
2026-07-14 11:14:13,917 [DEBUG] (uiparser.py:106) -> push QHBoxLayout horizontalLayout
2026-07-14 11:14:13,917 [DEBUG] (properties.py:415) -> setting property spacing
2026-07-14 11:14:13,917 [DEBUG] (properties.py:415) -> setting property pyuicSpacing
2026-07-14 11:14:13,917 [DEBUG] (uiparser.py:106) -> push QHBoxLayout buttonsLayout
2026-07-14 11:14:13,917 [DEBUG] (properties.py:415) -> setting property spacing
2026-07-14 11:14:13,917 [DEBUG] (properties.py:415) -> setting property pyuicSpacing
2026-07-14 11:14:13,917 [DEBUG] (uiparser.py:106) -> push QVBoxLayout infoLayout_2
2026-07-14 11:14:13,917 [DEBUG] (properties.py:415) -> setting property styleSheet
2026-07-14 11:14:13,917 [DEBUG] (properties.py:415) -> setting property text
2026-07-14 11:14:13,917 [DEBUG] (uiparser.py:106) -> push QLabel nameLabel_2
2026-07-14 11:14:13,917 [DEBUG] (uiparser.py:120) -> pop widget QLabel nameLabel_2
2026-07-14 11:14:13,917 [DEBUG] (uiparser.py:128) -> new topwidget <client.windows.system.document_types.document_type_card.DocumentTypeCard object at 0x0000025D6435D630>
2026-07-14 11:14:13,917 [DEBUG] (properties.py:415) -> setting property styleSheet
2026-07-14 11:14:13,917 [DEBUG] (properties.py:415) -> setting property text
2026-07-14 11:14:13,917 [DEBUG] (uiparser.py:106) -> push QLabel fieldsCountLabel
2026-07-14 11:14:13,917 [DEBUG] (uiparser.py:120) -> pop widget QLabel fieldsCountLabel
2026-07-14 11:14:13,917 [DEBUG] (uiparser.py:128) -> new topwidget <client.windows.system.document_types.document_type_card.DocumentTypeCard object at 0x0000025D6435D630>
2026-07-14 11:14:13,917 [DEBUG] (properties.py:415) -> setting property styleSheet
2026-07-14 11:14:13,917 [DEBUG] (properties.py:415) -> setting property text
2026-07-14 11:14:13,917 [DEBUG] (uiparser.py:106) -> push QLabel autoNumLabel
2026-07-14 11:14:13,917 [DEBUG] (uiparser.py:120) -> pop widget QLabel autoNumLabel
2026-07-14 11:14:13,917 [DEBUG] (uiparser.py:128) -> new topwidget <client.windows.system.document_types.document_type_card.DocumentTypeCard object at 0x0000025D6435D630>
2026-07-14 11:14:13,917 [DEBUG] (properties.py:415) -> setting property styleSheet
2026-07-14 11:14:13,917 [DEBUG] (properties.py:415) -> setting property text
2026-07-14 11:14:13,917 [DEBUG] (uiparser.py:106) -> push QLabel docsCountLabel
2026-07-14 11:14:13,917 [DEBUG] (uiparser.py:120) -> pop widget QLabel docsCountLabel
2026-07-14 11:14:13,917 [DEBUG] (uiparser.py:128) -> new topwidget <client.windows.system.document_types.document_type_card.DocumentTypeCard object at 0x0000025D6435D630>
2026-07-14 11:14:13,917 [DEBUG] (uiparser.py:114) -> pop layout QVBoxLayout infoLayout_2
2026-07-14 11:14:13,917 [DEBUG] (properties.py:415) -> setting property minimumSize
2026-07-14 11:14:13,917 [DEBUG] (properties.py:415) -> setting property maximumSize
2026-07-14 11:14:13,917 [DEBUG] (properties.py:415) -> setting property cursor
2026-07-14 11:14:13,917 [DEBUG] (properties.py:415) -> setting property styleSheet
2026-07-14 11:14:13,917 [DEBUG] (properties.py:415) -> setting property text
2026-07-14 11:14:13,917 [DEBUG] (uiparser.py:106) -> push QPushButton editBtn
2026-07-14 11:14:13,917 [DEBUG] (uiparser.py:120) -> pop widget QPushButton editBtn
2026-07-14 11:14:13,917 [DEBUG] (uiparser.py:128) -> new topwidget <client.windows.system.document_types.document_type_card.DocumentTypeCard object at 0x0000025D6435D630>
2026-07-14 11:14:13,918 [DEBUG] (properties.py:415) -> setting property minimumSize
2026-07-14 11:14:13,918 [DEBUG] (properties.py:415) -> setting property maximumSize
2026-07-14 11:14:13,918 [DEBUG] (properties.py:415) -> setting property cursor
2026-07-14 11:14:13,918 [DEBUG] (properties.py:415) -> setting property styleSheet
2026-07-14 11:14:13,918 [DEBUG] (properties.py:415) -> setting property text
2026-07-14 11:14:13,918 [DEBUG] (uiparser.py:106) -> push QPushButton deleteBtn
2026-07-14 11:14:13,918 [DEBUG] (uiparser.py:120) -> pop widget QPushButton deleteBtn
2026-07-14 11:14:13,918 [DEBUG] (uiparser.py:128) -> new topwidget <client.windows.system.document_types.document_type_card.DocumentTypeCard object at 0x0000025D6435D630>
2026-07-14 11:14:13,918 [DEBUG] (uiparser.py:114) -> pop layout QHBoxLayout buttonsLayout
2026-07-14 11:14:13,918 [DEBUG] (uiparser.py:114) -> pop layout QHBoxLayout horizontalLayout
2026-07-14 11:14:13,918 [DEBUG] (uiparser.py:120) -> pop widget DocumentTypeCard DocumentTypeCard
2026-07-14 11:14:13,918 [DEBUG] (uiparser.py:128) -> new topwidget None
2026-07-14 11:14:13,919 [DEBUG] (uiparser.py:838) -> toplevel widget is DocumentTypeCard
2026-07-14 11:14:13,919 [DEBUG] (properties.py:415) -> setting property geometry
2026-07-14 11:14:13,919 [DEBUG] (properties.py:415) -> setting property minimumSize
2026-07-14 11:14:13,919 [DEBUG] (properties.py:415) -> setting property maximumSize
2026-07-14 11:14:13,919 [DEBUG] (properties.py:415) -> setting property styleSheet
2026-07-14 11:14:13,919 [DEBUG] (uiparser.py:106) -> push DocumentTypeCard DocumentTypeCard
2026-07-14 11:14:13,919 [DEBUG] (properties.py:415) -> setting property spacing
2026-07-14 11:14:13,919 [DEBUG] (properties.py:415) -> setting property leftMargin
2026-07-14 11:14:13,919 [DEBUG] (properties.py:415) -> setting property topMargin
2026-07-14 11:14:13,919 [DEBUG] (properties.py:415) -> setting property rightMargin
2026-07-14 11:14:13,919 [DEBUG] (properties.py:415) -> setting property bottomMargin
2026-07-14 11:14:13,919 [DEBUG] (properties.py:415) -> setting property pyuicMargins
2026-07-14 11:14:13,919 [DEBUG] (properties.py:415) -> setting property pyuicSpacing
2026-07-14 11:14:13,919 [DEBUG] (uiparser.py:106) -> push QHBoxLayout horizontalLayout
2026-07-14 11:14:13,919 [DEBUG] (properties.py:415) -> setting property spacing
2026-07-14 11:14:13,919 [DEBUG] (properties.py:415) -> setting property pyuicSpacing
2026-07-14 11:14:13,919 [DEBUG] (uiparser.py:106) -> push QHBoxLayout buttonsLayout
2026-07-14 11:14:13,919 [DEBUG] (properties.py:415) -> setting property spacing
2026-07-14 11:14:13,920 [DEBUG] (properties.py:415) -> setting property pyuicSpacing
2026-07-14 11:14:13,920 [DEBUG] (uiparser.py:106) -> push QVBoxLayout infoLayout_2
2026-07-14 11:14:13,920 [DEBUG] (properties.py:415) -> setting property styleSheet
2026-07-14 11:14:13,920 [DEBUG] (properties.py:415) -> setting property text
2026-07-14 11:14:13,920 [DEBUG] (uiparser.py:106) -> push QLabel nameLabel_2
2026-07-14 11:14:13,920 [DEBUG] (uiparser.py:120) -> pop widget QLabel nameLabel_2
2026-07-14 11:14:13,920 [DEBUG] (uiparser.py:128) -> new topwidget <client.windows.system.document_types.document_type_card.DocumentTypeCard object at 0x0000025D6435DD10>
2026-07-14 11:14:13,920 [DEBUG] (properties.py:415) -> setting property styleSheet
2026-07-14 11:14:13,920 [DEBUG] (properties.py:415) -> setting property text
2026-07-14 11:14:13,920 [DEBUG] (uiparser.py:106) -> push QLabel fieldsCountLabel
2026-07-14 11:14:13,920 [DEBUG] (uiparser.py:120) -> pop widget QLabel fieldsCountLabel
2026-07-14 11:14:13,920 [DEBUG] (uiparser.py:128) -> new topwidget <client.windows.system.document_types.document_type_card.DocumentTypeCard object at 0x0000025D6435DD10>
2026-07-14 11:14:13,920 [DEBUG] (properties.py:415) -> setting property styleSheet
2026-07-14 11:14:13,920 [DEBUG] (properties.py:415) -> setting property text
2026-07-14 11:14:13,920 [DEBUG] (uiparser.py:106) -> push QLabel autoNumLabel
2026-07-14 11:14:13,920 [DEBUG] (uiparser.py:120) -> pop widget QLabel autoNumLabel
2026-07-14 11:14:13,920 [DEBUG] (uiparser.py:128) -> new topwidget <client.windows.system.document_types.document_type_card.DocumentTypeCard object at 0x0000025D6435DD10>
2026-07-14 11:14:13,920 [DEBUG] (properties.py:415) -> setting property styleSheet
2026-07-14 11:14:13,920 [DEBUG] (properties.py:415) -> setting property text
2026-07-14 11:14:13,920 [DEBUG] (uiparser.py:106) -> push QLabel docsCountLabel
2026-07-14 11:14:13,920 [DEBUG] (uiparser.py:120) -> pop widget QLabel docsCountLabel
2026-07-14 11:14:13,920 [DEBUG] (uiparser.py:128) -> new topwidget <client.windows.system.document_types.document_type_card.DocumentTypeCard object at 0x0000025D6435DD10>
2026-07-14 11:14:13,920 [DEBUG] (uiparser.py:114) -> pop layout QVBoxLayout infoLayout_2
2026-07-14 11:14:13,920 [DEBUG] (properties.py:415) -> setting property minimumSize
2026-07-14 11:14:13,920 [DEBUG] (properties.py:415) -> setting property maximumSize
2026-07-14 11:14:13,920 [DEBUG] (properties.py:415) -> setting property cursor
2026-07-14 11:14:13,920 [DEBUG] (properties.py:415) -> setting property styleSheet
2026-07-14 11:14:13,920 [DEBUG] (properties.py:415) -> setting property text
2026-07-14 11:14:13,920 [DEBUG] (uiparser.py:106) -> push QPushButton editBtn
2026-07-14 11:14:13,920 [DEBUG] (uiparser.py:120) -> pop widget QPushButton editBtn
2026-07-14 11:14:13,920 [DEBUG] (uiparser.py:128) -> new topwidget <client.windows.system.document_types.document_type_card.DocumentTypeCard object at 0x0000025D6435DD10>
2026-07-14 11:14:13,920 [DEBUG] (properties.py:415) -> setting property minimumSize
2026-07-14 11:14:13,920 [DEBUG] (properties.py:415) -> setting property maximumSize
2026-07-14 11:14:13,920 [DEBUG] (properties.py:415) -> setting property cursor
2026-07-14 11:14:13,920 [DEBUG] (properties.py:415) -> setting property styleSheet
2026-07-14 11:14:13,920 [DEBUG] (properties.py:415) -> setting property text
2026-07-14 11:14:13,920 [DEBUG] (uiparser.py:106) -> push QPushButton deleteBtn
2026-07-14 11:14:13,920 [DEBUG] (uiparser.py:120) -> pop widget QPushButton deleteBtn
2026-07-14 11:14:13,920 [DEBUG] (uiparser.py:128) -> new topwidget <client.windows.system.document_types.document_type_card.DocumentTypeCard object at 0x0000025D6435DD10>
2026-07-14 11:14:13,920 [DEBUG] (uiparser.py:114) -> pop layout QHBoxLayout buttonsLayout
2026-07-14 11:14:13,920 [DEBUG] (uiparser.py:114) -> pop layout QHBoxLayout horizontalLayout
2026-07-14 11:14:13,920 [DEBUG] (uiparser.py:120) -> pop widget DocumentTypeCard DocumentTypeCard
2026-07-14 11:14:13,920 [DEBUG] (uiparser.py:128) -> new topwidget None
2026-07-14 11:14:13,922 [DEBUG] (uiparser.py:838) -> toplevel widget is DocumentTypeCard
2026-07-14 11:14:13,922 [DEBUG] (properties.py:415) -> setting property geometry
2026-07-14 11:14:13,922 [DEBUG] (properties.py:415) -> setting property minimumSize
2026-07-14 11:14:13,922 [DEBUG] (properties.py:415) -> setting property maximumSize
2026-07-14 11:14:13,922 [DEBUG] (properties.py:415) -> setting property styleSheet
2026-07-14 11:14:13,922 [DEBUG] (uiparser.py:106) -> push DocumentTypeCard DocumentTypeCard
2026-07-14 11:14:13,922 [DEBUG] (properties.py:415) -> setting property spacing
2026-07-14 11:14:13,922 [DEBUG] (properties.py:415) -> setting property leftMargin
2026-07-14 11:14:13,922 [DEBUG] (properties.py:415) -> setting property topMargin
2026-07-14 11:14:13,922 [DEBUG] (properties.py:415) -> setting property rightMargin
2026-07-14 11:14:13,922 [DEBUG] (properties.py:415) -> setting property bottomMargin
2026-07-14 11:14:13,922 [DEBUG] (properties.py:415) -> setting property pyuicMargins
2026-07-14 11:14:13,922 [DEBUG] (properties.py:415) -> setting property pyuicSpacing
2026-07-14 11:14:13,922 [DEBUG] (uiparser.py:106) -> push QHBoxLayout horizontalLayout
2026-07-14 11:14:13,922 [DEBUG] (properties.py:415) -> setting property spacing
2026-07-14 11:14:13,922 [DEBUG] (properties.py:415) -> setting property pyuicSpacing
2026-07-14 11:14:13,922 [DEBUG] (uiparser.py:106) -> push QHBoxLayout buttonsLayout
2026-07-14 11:14:13,922 [DEBUG] (properties.py:415) -> setting property spacing
2026-07-14 11:14:13,922 [DEBUG] (properties.py:415) -> setting property pyuicSpacing
2026-07-14 11:14:13,922 [DEBUG] (uiparser.py:106) -> push QVBoxLayout infoLayout_2
2026-07-14 11:14:13,922 [DEBUG] (properties.py:415) -> setting property styleSheet
2026-07-14 11:14:13,922 [DEBUG] (properties.py:415) -> setting property text
2026-07-14 11:14:13,922 [DEBUG] (uiparser.py:106) -> push QLabel nameLabel_2
2026-07-14 11:14:13,922 [DEBUG] (uiparser.py:120) -> pop widget QLabel nameLabel_2
2026-07-14 11:14:13,922 [DEBUG] (uiparser.py:128) -> new topwidget <client.windows.system.document_types.document_type_card.DocumentTypeCard object at 0x0000025D6435E3F0>
2026-07-14 11:14:13,922 [DEBUG] (properties.py:415) -> setting property styleSheet
2026-07-14 11:14:13,922 [DEBUG] (properties.py:415) -> setting property text
2026-07-14 11:14:13,922 [DEBUG] (uiparser.py:106) -> push QLabel fieldsCountLabel
2026-07-14 11:14:13,922 [DEBUG] (uiparser.py:120) -> pop widget QLabel fieldsCountLabel
2026-07-14 11:14:13,922 [DEBUG] (uiparser.py:128) -> new topwidget <client.windows.system.document_types.document_type_card.DocumentTypeCard object at 0x0000025D6435E3F0>
2026-07-14 11:14:13,922 [DEBUG] (properties.py:415) -> setting property styleSheet
2026-07-14 11:14:13,922 [DEBUG] (properties.py:415) -> setting property text
2026-07-14 11:14:13,922 [DEBUG] (uiparser.py:106) -> push QLabel autoNumLabel
2026-07-14 11:14:13,922 [DEBUG] (uiparser.py:120) -> pop widget QLabel autoNumLabel
2026-07-14 11:14:13,922 [DEBUG] (uiparser.py:128) -> new topwidget <client.windows.system.document_types.document_type_card.DocumentTypeCard object at 0x0000025D6435E3F0>
2026-07-14 11:14:13,922 [DEBUG] (properties.py:415) -> setting property styleSheet
2026-07-14 11:14:13,922 [DEBUG] (properties.py:415) -> setting property text
2026-07-14 11:14:13,922 [DEBUG] (uiparser.py:106) -> push QLabel docsCountLabel
2026-07-14 11:14:13,922 [DEBUG] (uiparser.py:120) -> pop widget QLabel docsCountLabel
2026-07-14 11:14:13,923 [DEBUG] (uiparser.py:128) -> new topwidget <client.windows.system.document_types.document_type_card.DocumentTypeCard object at 0x0000025D6435E3F0>
2026-07-14 11:14:13,923 [DEBUG] (uiparser.py:114) -> pop layout QVBoxLayout infoLayout_2
2026-07-14 11:14:13,923 [DEBUG] (properties.py:415) -> setting property minimumSize
2026-07-14 11:14:13,923 [DEBUG] (properties.py:415) -> setting property maximumSize
2026-07-14 11:14:13,923 [DEBUG] (properties.py:415) -> setting property cursor
2026-07-14 11:14:13,923 [DEBUG] (properties.py:415) -> setting property styleSheet
2026-07-14 11:14:13,924 [DEBUG] (properties.py:415) -> setting property text
2026-07-14 11:14:13,924 [DEBUG] (uiparser.py:106) -> push QPushButton editBtn
2026-07-14 11:14:13,924 [DEBUG] (uiparser.py:120) -> pop widget QPushButton editBtn
2026-07-14 11:14:13,924 [DEBUG] (uiparser.py:128) -> new topwidget <client.windows.system.document_types.document_type_card.DocumentTypeCard object at 0x0000025D6435E3F0>
2026-07-14 11:14:13,924 [DEBUG] (properties.py:415) -> setting property minimumSize
2026-07-14 11:14:13,924 [DEBUG] (properties.py:415) -> setting property maximumSize
2026-07-14 11:14:13,924 [DEBUG] (properties.py:415) -> setting property cursor
2026-07-14 11:14:13,924 [DEBUG] (properties.py:415) -> setting property styleSheet
2026-07-14 11:14:13,924 [DEBUG] (properties.py:415) -> setting property text
2026-07-14 11:14:13,924 [DEBUG] (uiparser.py:106) -> push QPushButton deleteBtn
2026-07-14 11:14:13,924 [DEBUG] (uiparser.py:120) -> pop widget QPushButton deleteBtn
2026-07-14 11:14:13,924 [DEBUG] (uiparser.py:128) -> new topwidget <client.windows.system.document_types.document_type_card.DocumentTypeCard object at 0x0000025D6435E3F0>
2026-07-14 11:14:13,924 [DEBUG] (uiparser.py:114) -> pop layout QHBoxLayout buttonsLayout
2026-07-14 11:14:13,924 [DEBUG] (uiparser.py:114) -> pop layout QHBoxLayout horizontalLayout
2026-07-14 11:14:13,924 [DEBUG] (uiparser.py:120) -> pop widget DocumentTypeCard DocumentTypeCard
2026-07-14 11:14:13,924 [DEBUG] (uiparser.py:128) -> new topwidget None
2026-07-14 11:14:13,925 [DEBUG] (uiparser.py:838) -> toplevel widget is DocumentTypeCard
2026-07-14 11:14:13,925 [DEBUG] (properties.py:415) -> setting property geometry
2026-07-14 11:14:13,925 [DEBUG] (properties.py:415) -> setting property minimumSize
2026-07-14 11:14:13,925 [DEBUG] (properties.py:415) -> setting property maximumSize
2026-07-14 11:14:13,925 [DEBUG] (properties.py:415) -> setting property styleSheet
2026-07-14 11:14:13,925 [DEBUG] (uiparser.py:106) -> push DocumentTypeCard DocumentTypeCard
2026-07-14 11:14:13,925 [DEBUG] (properties.py:415) -> setting property spacing
2026-07-14 11:14:13,925 [DEBUG] (properties.py:415) -> setting property leftMargin
2026-07-14 11:14:13,925 [DEBUG] (properties.py:415) -> setting property topMargin
2026-07-14 11:14:13,925 [DEBUG] (properties.py:415) -> setting property rightMargin
2026-07-14 11:14:13,926 [DEBUG] (properties.py:415) -> setting property bottomMargin
2026-07-14 11:14:13,926 [DEBUG] (properties.py:415) -> setting property pyuicMargins
2026-07-14 11:14:13,926 [DEBUG] (properties.py:415) -> setting property pyuicSpacing
2026-07-14 11:14:13,926 [DEBUG] (uiparser.py:106) -> push QHBoxLayout horizontalLayout
2026-07-14 11:14:13,926 [DEBUG] (properties.py:415) -> setting property spacing
2026-07-14 11:14:13,926 [DEBUG] (properties.py:415) -> setting property pyuicSpacing
2026-07-14 11:14:13,926 [DEBUG] (uiparser.py:106) -> push QHBoxLayout buttonsLayout
2026-07-14 11:14:13,926 [DEBUG] (properties.py:415) -> setting property spacing
2026-07-14 11:14:13,926 [DEBUG] (properties.py:415) -> setting property pyuicSpacing
2026-07-14 11:14:13,926 [DEBUG] (uiparser.py:106) -> push QVBoxLayout infoLayout_2
2026-07-14 11:14:13,926 [DEBUG] (properties.py:415) -> setting property styleSheet
2026-07-14 11:14:13,926 [DEBUG] (properties.py:415) -> setting property text
2026-07-14 11:14:13,926 [DEBUG] (uiparser.py:106) -> push QLabel nameLabel_2
2026-07-14 11:14:13,926 [DEBUG] (uiparser.py:120) -> pop widget QLabel nameLabel_2
2026-07-14 11:14:13,926 [DEBUG] (uiparser.py:128) -> new topwidget <client.windows.system.document_types.document_type_card.DocumentTypeCard object at 0x0000025D6435EAD0>
2026-07-14 11:14:13,926 [DEBUG] (properties.py:415) -> setting property styleSheet
2026-07-14 11:14:13,926 [DEBUG] (properties.py:415) -> setting property text
2026-07-14 11:14:13,926 [DEBUG] (uiparser.py:106) -> push QLabel fieldsCountLabel
2026-07-14 11:14:13,926 [DEBUG] (uiparser.py:120) -> pop widget QLabel fieldsCountLabel
2026-07-14 11:14:13,926 [DEBUG] (uiparser.py:128) -> new topwidget <client.windows.system.document_types.document_type_card.DocumentTypeCard object at 0x0000025D6435EAD0>
2026-07-14 11:14:13,926 [DEBUG] (properties.py:415) -> setting property styleSheet
2026-07-14 11:14:13,926 [DEBUG] (properties.py:415) -> setting property text
2026-07-14 11:14:13,926 [DEBUG] (uiparser.py:106) -> push QLabel autoNumLabel
2026-07-14 11:14:13,926 [DEBUG] (uiparser.py:120) -> pop widget QLabel autoNumLabel
2026-07-14 11:14:13,926 [DEBUG] (uiparser.py:128) -> new topwidget <client.windows.system.document_types.document_type_card.DocumentTypeCard object at 0x0000025D6435EAD0>
2026-07-14 11:14:13,926 [DEBUG] (properties.py:415) -> setting property styleSheet
2026-07-14 11:14:13,926 [DEBUG] (properties.py:415) -> setting property text
2026-07-14 11:14:13,926 [DEBUG] (uiparser.py:106) -> push QLabel docsCountLabel
2026-07-14 11:14:13,926 [DEBUG] (uiparser.py:120) -> pop widget QLabel docsCountLabel
2026-07-14 11:14:13,926 [DEBUG] (uiparser.py:128) -> new topwidget <client.windows.system.document_types.document_type_card.DocumentTypeCard object at 0x0000025D6435EAD0>
2026-07-14 11:14:13,926 [DEBUG] (uiparser.py:114) -> pop layout QVBoxLayout infoLayout_2
2026-07-14 11:14:13,926 [DEBUG] (properties.py:415) -> setting property minimumSize
2026-07-14 11:14:13,926 [DEBUG] (properties.py:415) -> setting property maximumSize
2026-07-14 11:14:13,926 [DEBUG] (properties.py:415) -> setting property cursor
2026-07-14 11:14:13,926 [DEBUG] (properties.py:415) -> setting property styleSheet
2026-07-14 11:14:13,926 [DEBUG] (properties.py:415) -> setting property text
2026-07-14 11:14:13,926 [DEBUG] (uiparser.py:106) -> push QPushButton editBtn
2026-07-14 11:14:13,926 [DEBUG] (uiparser.py:120) -> pop widget QPushButton editBtn
2026-07-14 11:14:13,926 [DEBUG] (uiparser.py:128) -> new topwidget <client.windows.system.document_types.document_type_card.DocumentTypeCard object at 0x0000025D6435EAD0>
2026-07-14 11:14:13,926 [DEBUG] (properties.py:415) -> setting property minimumSize
2026-07-14 11:14:13,926 [DEBUG] (properties.py:415) -> setting property maximumSize
2026-07-14 11:14:13,926 [DEBUG] (properties.py:415) -> setting property cursor
2026-07-14 11:14:13,926 [DEBUG] (properties.py:415) -> setting property styleSheet
2026-07-14 11:14:13,926 [DEBUG] (properties.py:415) -> setting property text
2026-07-14 11:14:13,927 [DEBUG] (uiparser.py:106) -> push QPushButton deleteBtn
2026-07-14 11:14:13,927 [DEBUG] (uiparser.py:120) -> pop widget QPushButton deleteBtn
2026-07-14 11:14:13,927 [DEBUG] (uiparser.py:128) -> new topwidget <client.windows.system.document_types.document_type_card.DocumentTypeCard object at 0x0000025D6435EAD0>
2026-07-14 11:14:13,927 [DEBUG] (uiparser.py:114) -> pop layout QHBoxLayout buttonsLayout
2026-07-14 11:14:13,928 [DEBUG] (uiparser.py:114) -> pop layout QHBoxLayout horizontalLayout
2026-07-14 11:14:13,928 [DEBUG] (uiparser.py:120) -> pop widget DocumentTypeCard DocumentTypeCard
2026-07-14 11:14:13,928 [DEBUG] (uiparser.py:128) -> new topwidget None
2026-07-14 11:14:13,929 [DEBUG] (uiparser.py:838) -> toplevel widget is DocumentTypeCard
2026-07-14 11:14:13,929 [DEBUG] (properties.py:415) -> setting property geometry
2026-07-14 11:14:13,929 [DEBUG] (properties.py:415) -> setting property minimumSize
2026-07-14 11:14:13,929 [DEBUG] (properties.py:415) -> setting property maximumSize
2026-07-14 11:14:13,929 [DEBUG] (properties.py:415) -> setting property styleSheet
2026-07-14 11:14:13,929 [DEBUG] (uiparser.py:106) -> push DocumentTypeCard DocumentTypeCard
2026-07-14 11:14:13,929 [DEBUG] (properties.py:415) -> setting property spacing
2026-07-14 11:14:13,929 [DEBUG] (properties.py:415) -> setting property leftMargin
2026-07-14 11:14:13,929 [DEBUG] (properties.py:415) -> setting property topMargin
2026-07-14 11:14:13,929 [DEBUG] (properties.py:415) -> setting property rightMargin
2026-07-14 11:14:13,929 [DEBUG] (properties.py:415) -> setting property bottomMargin
2026-07-14 11:14:13,929 [DEBUG] (properties.py:415) -> setting property pyuicMargins
2026-07-14 11:14:13,929 [DEBUG] (properties.py:415) -> setting property pyuicSpacing
2026-07-14 11:14:13,929 [DEBUG] (uiparser.py:106) -> push QHBoxLayout horizontalLayout
2026-07-14 11:14:13,929 [DEBUG] (properties.py:415) -> setting property spacing
2026-07-14 11:14:13,929 [DEBUG] (properties.py:415) -> setting property pyuicSpacing
2026-07-14 11:14:13,929 [DEBUG] (uiparser.py:106) -> push QHBoxLayout buttonsLayout
2026-07-14 11:14:13,929 [DEBUG] (properties.py:415) -> setting property spacing
2026-07-14 11:14:13,929 [DEBUG] (properties.py:415) -> setting property pyuicSpacing
2026-07-14 11:14:13,929 [DEBUG] (uiparser.py:106) -> push QVBoxLayout infoLayout_2
2026-07-14 11:14:13,930 [DEBUG] (properties.py:415) -> setting property styleSheet
2026-07-14 11:14:13,930 [DEBUG] (properties.py:415) -> setting property text
2026-07-14 11:14:13,930 [DEBUG] (uiparser.py:106) -> push QLabel nameLabel_2
2026-07-14 11:14:13,930 [DEBUG] (uiparser.py:120) -> pop widget QLabel nameLabel_2
2026-07-14 11:14:13,930 [DEBUG] (uiparser.py:128) -> new topwidget <client.windows.system.document_types.document_type_card.DocumentTypeCard object at 0x0000025D6435F1B0>
2026-07-14 11:14:13,930 [DEBUG] (properties.py:415) -> setting property styleSheet
2026-07-14 11:14:13,930 [DEBUG] (properties.py:415) -> setting property text
2026-07-14 11:14:13,930 [DEBUG] (uiparser.py:106) -> push QLabel fieldsCountLabel
2026-07-14 11:14:13,930 [DEBUG] (uiparser.py:120) -> pop widget QLabel fieldsCountLabel
2026-07-14 11:14:13,930 [DEBUG] (uiparser.py:128) -> new topwidget <client.windows.system.document_types.document_type_card.DocumentTypeCard object at 0x0000025D6435F1B0>
2026-07-14 11:14:13,930 [DEBUG] (properties.py:415) -> setting property styleSheet
2026-07-14 11:14:13,930 [DEBUG] (properties.py:415) -> setting property text
2026-07-14 11:14:13,930 [DEBUG] (uiparser.py:106) -> push QLabel autoNumLabel
2026-07-14 11:14:13,930 [DEBUG] (uiparser.py:120) -> pop widget QLabel autoNumLabel
2026-07-14 11:14:13,930 [DEBUG] (uiparser.py:128) -> new topwidget <client.windows.system.document_types.document_type_card.DocumentTypeCard object at 0x0000025D6435F1B0>
2026-07-14 11:14:13,930 [DEBUG] (properties.py:415) -> setting property styleSheet
2026-07-14 11:14:13,930 [DEBUG] (properties.py:415) -> setting property text
2026-07-14 11:14:13,930 [DEBUG] (uiparser.py:106) -> push QLabel docsCountLabel
2026-07-14 11:14:13,930 [DEBUG] (uiparser.py:120) -> pop widget QLabel docsCountLabel
2026-07-14 11:14:13,930 [DEBUG] (uiparser.py:128) -> new topwidget <client.windows.system.document_types.document_type_card.DocumentTypeCard object at 0x0000025D6435F1B0>
2026-07-14 11:14:13,930 [DEBUG] (uiparser.py:114) -> pop layout QVBoxLayout infoLayout_2
2026-07-14 11:14:13,930 [DEBUG] (properties.py:415) -> setting property minimumSize
2026-07-14 11:14:13,930 [DEBUG] (properties.py:415) -> setting property maximumSize
2026-07-14 11:14:13,930 [DEBUG] (properties.py:415) -> setting property cursor
2026-07-14 11:14:13,930 [DEBUG] (properties.py:415) -> setting property styleSheet
2026-07-14 11:14:13,930 [DEBUG] (properties.py:415) -> setting property text
2026-07-14 11:14:13,930 [DEBUG] (uiparser.py:106) -> push QPushButton editBtn
2026-07-14 11:14:13,930 [DEBUG] (uiparser.py:120) -> pop widget QPushButton editBtn
2026-07-14 11:14:13,930 [DEBUG] (uiparser.py:128) -> new topwidget <client.windows.system.document_types.document_type_card.DocumentTypeCard object at 0x0000025D6435F1B0>
2026-07-14 11:14:13,930 [DEBUG] (properties.py:415) -> setting property minimumSize
2026-07-14 11:14:13,930 [DEBUG] (properties.py:415) -> setting property maximumSize
2026-07-14 11:14:13,930 [DEBUG] (properties.py:415) -> setting property cursor
2026-07-14 11:14:13,930 [DEBUG] (properties.py:415) -> setting property styleSheet
2026-07-14 11:14:13,930 [DEBUG] (properties.py:415) -> setting property text
2026-07-14 11:14:13,930 [DEBUG] (uiparser.py:106) -> push QPushButton deleteBtn
2026-07-14 11:14:13,930 [DEBUG] (uiparser.py:120) -> pop widget QPushButton deleteBtn
2026-07-14 11:14:13,930 [DEBUG] (uiparser.py:128) -> new topwidget <client.windows.system.document_types.document_type_card.DocumentTypeCard object at 0x0000025D6435F1B0>
2026-07-14 11:14:13,930 [DEBUG] (uiparser.py:114) -> pop layout QHBoxLayout buttonsLayout
2026-07-14 11:14:13,930 [DEBUG] (uiparser.py:114) -> pop layout QHBoxLayout horizontalLayout
2026-07-14 11:14:13,930 [DEBUG] (uiparser.py:120) -> pop widget DocumentTypeCard DocumentTypeCard
2026-07-14 11:14:13,930 [DEBUG] (uiparser.py:128) -> new topwidget None
2026-07-14 11:14:13,932 [DEBUG] (uiparser.py:838) -> toplevel widget is DocumentTypeCard
2026-07-14 11:14:13,932 [DEBUG] (properties.py:415) -> setting property geometry
2026-07-14 11:14:13,932 [DEBUG] (properties.py:415) -> setting property minimumSize
2026-07-14 11:14:13,932 [DEBUG] (properties.py:415) -> setting property maximumSize
2026-07-14 11:14:13,932 [DEBUG] (properties.py:415) -> setting property styleSheet
2026-07-14 11:14:13,932 [DEBUG] (uiparser.py:106) -> push DocumentTypeCard DocumentTypeCard
2026-07-14 11:14:13,932 [DEBUG] (properties.py:415) -> setting property spacing
2026-07-14 11:14:13,932 [DEBUG] (properties.py:415) -> setting property leftMargin
2026-07-14 11:14:13,932 [DEBUG] (properties.py:415) -> setting property topMargin
2026-07-14 11:14:13,932 [DEBUG] (properties.py:415) -> setting property rightMargin
2026-07-14 11:14:13,932 [DEBUG] (properties.py:415) -> setting property bottomMargin
2026-07-14 11:14:13,932 [DEBUG] (properties.py:415) -> setting property pyuicMargins
2026-07-14 11:14:13,932 [DEBUG] (properties.py:415) -> setting property pyuicSpacing
2026-07-14 11:14:13,932 [DEBUG] (uiparser.py:106) -> push QHBoxLayout horizontalLayout
2026-07-14 11:14:13,932 [DEBUG] (properties.py:415) -> setting property spacing
2026-07-14 11:14:13,932 [DEBUG] (properties.py:415) -> setting property pyuicSpacing
2026-07-14 11:14:13,932 [DEBUG] (uiparser.py:106) -> push QHBoxLayout buttonsLayout
2026-07-14 11:14:13,932 [DEBUG] (properties.py:415) -> setting property spacing
2026-07-14 11:14:13,932 [DEBUG] (properties.py:415) -> setting property pyuicSpacing
2026-07-14 11:14:13,932 [DEBUG] (uiparser.py:106) -> push QVBoxLayout infoLayout_2
2026-07-14 11:14:13,932 [DEBUG] (properties.py:415) -> setting property styleSheet
2026-07-14 11:14:13,932 [DEBUG] (properties.py:415) -> setting property text
2026-07-14 11:14:13,932 [DEBUG] (uiparser.py:106) -> push QLabel nameLabel_2
2026-07-14 11:14:13,932 [DEBUG] (uiparser.py:120) -> pop widget QLabel nameLabel_2
2026-07-14 11:14:13,932 [DEBUG] (uiparser.py:128) -> new topwidget <client.windows.system.document_types.document_type_card.DocumentTypeCard object at 0x0000025D6435F890>
2026-07-14 11:14:13,932 [DEBUG] (properties.py:415) -> setting property styleSheet
2026-07-14 11:14:13,932 [DEBUG] (properties.py:415) -> setting property text
2026-07-14 11:14:13,932 [DEBUG] (uiparser.py:106) -> push QLabel fieldsCountLabel
2026-07-14 11:14:13,932 [DEBUG] (uiparser.py:120) -> pop widget QLabel fieldsCountLabel
2026-07-14 11:14:13,932 [DEBUG] (uiparser.py:128) -> new topwidget <client.windows.system.document_types.document_type_card.DocumentTypeCard object at 0x0000025D6435F890>
2026-07-14 11:14:13,932 [DEBUG] (properties.py:415) -> setting property styleSheet
2026-07-14 11:14:13,932 [DEBUG] (properties.py:415) -> setting property text
2026-07-14 11:14:13,932 [DEBUG] (uiparser.py:106) -> push QLabel autoNumLabel
2026-07-14 11:14:13,932 [DEBUG] (uiparser.py:120) -> pop widget QLabel autoNumLabel
2026-07-14 11:14:13,932 [DEBUG] (uiparser.py:128) -> new topwidget <client.windows.system.document_types.document_type_card.DocumentTypeCard object at 0x0000025D6435F890>
2026-07-14 11:14:13,932 [DEBUG] (properties.py:415) -> setting property styleSheet
2026-07-14 11:14:13,932 [DEBUG] (properties.py:415) -> setting property text
2026-07-14 11:14:13,933 [DEBUG] (uiparser.py:106) -> push QLabel docsCountLabel
2026-07-14 11:14:13,933 [DEBUG] (uiparser.py:120) -> pop widget QLabel docsCountLabel
2026-07-14 11:14:13,933 [DEBUG] (uiparser.py:128) -> new topwidget <client.windows.system.document_types.document_type_card.DocumentTypeCard object at 0x0000025D6435F890>
2026-07-14 11:14:13,933 [DEBUG] (uiparser.py:114) -> pop layout QVBoxLayout infoLayout_2
2026-07-14 11:14:13,933 [DEBUG] (properties.py:415) -> setting property minimumSize
2026-07-14 11:14:13,933 [DEBUG] (properties.py:415) -> setting property maximumSize
2026-07-14 11:14:13,933 [DEBUG] (properties.py:415) -> setting property cursor
2026-07-14 11:14:13,933 [DEBUG] (properties.py:415) -> setting property styleSheet
2026-07-14 11:14:13,934 [DEBUG] (properties.py:415) -> setting property text
2026-07-14 11:14:13,934 [DEBUG] (uiparser.py:106) -> push QPushButton editBtn
2026-07-14 11:14:13,934 [DEBUG] (uiparser.py:120) -> pop widget QPushButton editBtn
2026-07-14 11:14:13,934 [DEBUG] (uiparser.py:128) -> new topwidget <client.windows.system.document_types.document_type_card.DocumentTypeCard object at 0x0000025D6435F890>
2026-07-14 11:14:13,934 [DEBUG] (properties.py:415) -> setting property minimumSize
2026-07-14 11:14:13,934 [DEBUG] (properties.py:415) -> setting property maximumSize
2026-07-14 11:14:13,934 [DEBUG] (properties.py:415) -> setting property cursor
2026-07-14 11:14:13,934 [DEBUG] (properties.py:415) -> setting property styleSheet
2026-07-14 11:14:13,934 [DEBUG] (properties.py:415) -> setting property text
2026-07-14 11:14:13,934 [DEBUG] (uiparser.py:106) -> push QPushButton deleteBtn
2026-07-14 11:14:13,934 [DEBUG] (uiparser.py:120) -> pop widget QPushButton deleteBtn
2026-07-14 11:14:13,934 [DEBUG] (uiparser.py:128) -> new topwidget <client.windows.system.document_types.document_type_card.DocumentTypeCard object at 0x0000025D6435F890>
2026-07-14 11:14:13,934 [DEBUG] (uiparser.py:114) -> pop layout QHBoxLayout buttonsLayout
2026-07-14 11:14:13,934 [DEBUG] (uiparser.py:114) -> pop layout QHBoxLayout horizontalLayout
2026-07-14 11:14:13,934 [DEBUG] (uiparser.py:120) -> pop widget DocumentTypeCard DocumentTypeCard
2026-07-14 11:14:13,934 [DEBUG] (uiparser.py:128) -> new topwidget None
2026-07-14 11:14:13,935 [DEBUG] (uiparser.py:838) -> toplevel widget is DocumentTypeCard
2026-07-14 11:14:13,935 [DEBUG] (properties.py:415) -> setting property geometry
2026-07-14 11:14:13,935 [DEBUG] (properties.py:415) -> setting property minimumSize
2026-07-14 11:14:13,935 [DEBUG] (properties.py:415) -> setting property maximumSize
2026-07-14 11:14:13,935 [DEBUG] (properties.py:415) -> setting property styleSheet
2026-07-14 11:14:13,935 [DEBUG] (uiparser.py:106) -> push DocumentTypeCard DocumentTypeCard
2026-07-14 11:14:13,935 [DEBUG] (properties.py:415) -> setting property spacing
2026-07-14 11:14:13,935 [DEBUG] (properties.py:415) -> setting property leftMargin
2026-07-14 11:14:13,935 [DEBUG] (properties.py:415) -> setting property topMargin
2026-07-14 11:14:13,935 [DEBUG] (properties.py:415) -> setting property rightMargin
2026-07-14 11:14:13,935 [DEBUG] (properties.py:415) -> setting property bottomMargin
2026-07-14 11:14:13,935 [DEBUG] (properties.py:415) -> setting property pyuicMargins
2026-07-14 11:14:13,935 [DEBUG] (properties.py:415) -> setting property pyuicSpacing
2026-07-14 11:14:13,935 [DEBUG] (uiparser.py:106) -> push QHBoxLayout horizontalLayout
2026-07-14 11:14:13,935 [DEBUG] (properties.py:415) -> setting property spacing
2026-07-14 11:14:13,935 [DEBUG] (properties.py:415) -> setting property pyuicSpacing
2026-07-14 11:14:13,936 [DEBUG] (uiparser.py:106) -> push QHBoxLayout buttonsLayout
2026-07-14 11:14:13,936 [DEBUG] (properties.py:415) -> setting property spacing
2026-07-14 11:14:13,936 [DEBUG] (properties.py:415) -> setting property pyuicSpacing
2026-07-14 11:14:13,936 [DEBUG] (uiparser.py:106) -> push QVBoxLayout infoLayout_2
2026-07-14 11:14:13,936 [DEBUG] (properties.py:415) -> setting property styleSheet
2026-07-14 11:14:13,936 [DEBUG] (properties.py:415) -> setting property text
2026-07-14 11:14:13,936 [DEBUG] (uiparser.py:106) -> push QLabel nameLabel_2
2026-07-14 11:14:13,936 [DEBUG] (uiparser.py:120) -> pop widget QLabel nameLabel_2
2026-07-14 11:14:13,936 [DEBUG] (uiparser.py:128) -> new topwidget <client.windows.system.document_types.document_type_card.DocumentTypeCard object at 0x0000025D6435FF70>
2026-07-14 11:14:13,936 [DEBUG] (properties.py:415) -> setting property styleSheet
2026-07-14 11:14:13,936 [DEBUG] (properties.py:415) -> setting property text
2026-07-14 11:14:13,936 [DEBUG] (uiparser.py:106) -> push QLabel fieldsCountLabel
2026-07-14 11:14:13,936 [DEBUG] (uiparser.py:120) -> pop widget QLabel fieldsCountLabel
2026-07-14 11:14:13,936 [DEBUG] (uiparser.py:128) -> new topwidget <client.windows.system.document_types.document_type_card.DocumentTypeCard object at 0x0000025D6435FF70>
2026-07-14 11:14:13,936 [DEBUG] (properties.py:415) -> setting property styleSheet
2026-07-14 11:14:13,936 [DEBUG] (properties.py:415) -> setting property text
2026-07-14 11:14:13,936 [DEBUG] (uiparser.py:106) -> push QLabel autoNumLabel
2026-07-14 11:14:13,936 [DEBUG] (uiparser.py:120) -> pop widget QLabel autoNumLabel
2026-07-14 11:14:13,936 [DEBUG] (uiparser.py:128) -> new topwidget <client.windows.system.document_types.document_type_card.DocumentTypeCard object at 0x0000025D6435FF70>
2026-07-14 11:14:13,936 [DEBUG] (properties.py:415) -> setting property styleSheet
2026-07-14 11:14:13,936 [DEBUG] (properties.py:415) -> setting property text
2026-07-14 11:14:13,936 [DEBUG] (uiparser.py:106) -> push QLabel docsCountLabel
2026-07-14 11:14:13,936 [DEBUG] (uiparser.py:120) -> pop widget QLabel docsCountLabel
2026-07-14 11:14:13,936 [DEBUG] (uiparser.py:128) -> new topwidget <client.windows.system.document_types.document_type_card.DocumentTypeCard object at 0x0000025D6435FF70>
2026-07-14 11:14:13,936 [DEBUG] (uiparser.py:114) -> pop layout QVBoxLayout infoLayout_2
2026-07-14 11:14:13,936 [DEBUG] (properties.py:415) -> setting property minimumSize
2026-07-14 11:14:13,936 [DEBUG] (properties.py:415) -> setting property maximumSize
2026-07-14 11:14:13,936 [DEBUG] (properties.py:415) -> setting property cursor
2026-07-14 11:14:13,936 [DEBUG] (properties.py:415) -> setting property styleSheet
2026-07-14 11:14:13,936 [DEBUG] (properties.py:415) -> setting property text
2026-07-14 11:14:13,936 [DEBUG] (uiparser.py:106) -> push QPushButton editBtn
2026-07-14 11:14:13,936 [DEBUG] (uiparser.py:120) -> pop widget QPushButton editBtn
2026-07-14 11:14:13,936 [DEBUG] (uiparser.py:128) -> new topwidget <client.windows.system.document_types.document_type_card.DocumentTypeCard object at 0x0000025D6435FF70>
2026-07-14 11:14:13,936 [DEBUG] (properties.py:415) -> setting property minimumSize
2026-07-14 11:14:13,936 [DEBUG] (properties.py:415) -> setting property maximumSize
2026-07-14 11:14:13,936 [DEBUG] (properties.py:415) -> setting property cursor
2026-07-14 11:14:13,936 [DEBUG] (properties.py:415) -> setting property styleSheet
2026-07-14 11:14:13,936 [DEBUG] (properties.py:415) -> setting property text
2026-07-14 11:14:13,936 [DEBUG] (uiparser.py:106) -> push QPushButton deleteBtn
2026-07-14 11:14:13,936 [DEBUG] (uiparser.py:120) -> pop widget QPushButton deleteBtn
2026-07-14 11:14:13,936 [DEBUG] (uiparser.py:128) -> new topwidget <client.windows.system.document_types.document_type_card.DocumentTypeCard object at 0x0000025D6435FF70>
2026-07-14 11:14:13,936 [DEBUG] (uiparser.py:114) -> pop layout QHBoxLayout buttonsLayout
2026-07-14 11:14:13,936 [DEBUG] (uiparser.py:114) -> pop layout QHBoxLayout horizontalLayout
2026-07-14 11:14:13,936 [DEBUG] (uiparser.py:120) -> pop widget DocumentTypeCard DocumentTypeCard
2026-07-14 11:14:13,936 [DEBUG] (uiparser.py:128) -> new topwidget None
2026-07-14 11:14:13,938 [DEBUG] (uiparser.py:838) -> toplevel widget is DocumentTypeCard
2026-07-14 11:14:13,938 [DEBUG] (properties.py:415) -> setting property geometry
2026-07-14 11:14:13,938 [DEBUG] (properties.py:415) -> setting property minimumSize
2026-07-14 11:14:13,938 [DEBUG] (properties.py:415) -> setting property maximumSize
2026-07-14 11:14:13,938 [DEBUG] (properties.py:415) -> setting property styleSheet
2026-07-14 11:14:13,938 [DEBUG] (uiparser.py:106) -> push DocumentTypeCard DocumentTypeCard
2026-07-14 11:14:13,938 [DEBUG] (properties.py:415) -> setting property spacing
2026-07-14 11:14:13,938 [DEBUG] (properties.py:415) -> setting property leftMargin
2026-07-14 11:14:13,938 [DEBUG] (properties.py:415) -> setting property topMargin
2026-07-14 11:14:13,938 [DEBUG] (properties.py:415) -> setting property rightMargin
2026-07-14 11:14:13,938 [DEBUG] (properties.py:415) -> setting property bottomMargin
2026-07-14 11:14:13,938 [DEBUG] (properties.py:415) -> setting property pyuicMargins
2026-07-14 11:14:13,938 [DEBUG] (properties.py:415) -> setting property pyuicSpacing
2026-07-14 11:14:13,938 [DEBUG] (uiparser.py:106) -> push QHBoxLayout horizontalLayout
2026-07-14 11:14:13,938 [DEBUG] (properties.py:415) -> setting property spacing
2026-07-14 11:14:13,938 [DEBUG] (properties.py:415) -> setting property pyuicSpacing
2026-07-14 11:14:13,938 [DEBUG] (uiparser.py:106) -> push QHBoxLayout buttonsLayout
2026-07-14 11:14:13,938 [DEBUG] (properties.py:415) -> setting property spacing
2026-07-14 11:14:13,938 [DEBUG] (properties.py:415) -> setting property pyuicSpacing
2026-07-14 11:14:13,938 [DEBUG] (uiparser.py:106) -> push QVBoxLayout infoLayout_2
2026-07-14 11:14:13,938 [DEBUG] (properties.py:415) -> setting property styleSheet
2026-07-14 11:14:13,938 [DEBUG] (properties.py:415) -> setting property text
2026-07-14 11:14:13,938 [DEBUG] (uiparser.py:106) -> push QLabel nameLabel_2
2026-07-14 11:14:13,938 [DEBUG] (uiparser.py:120) -> pop widget QLabel nameLabel_2
2026-07-14 11:14:13,938 [DEBUG] (uiparser.py:128) -> new topwidget <client.windows.system.document_types.document_type_card.DocumentTypeCard object at 0x0000025D64364690>
2026-07-14 11:14:13,938 [DEBUG] (properties.py:415) -> setting property styleSheet
2026-07-14 11:14:13,938 [DEBUG] (properties.py:415) -> setting property text
2026-07-14 11:14:13,938 [DEBUG] (uiparser.py:106) -> push QLabel fieldsCountLabel
2026-07-14 11:14:13,938 [DEBUG] (uiparser.py:120) -> pop widget QLabel fieldsCountLabel
2026-07-14 11:14:13,938 [DEBUG] (uiparser.py:128) -> new topwidget <client.windows.system.document_types.document_type_card.DocumentTypeCard object at 0x0000025D64364690>
2026-07-14 11:14:13,938 [DEBUG] (properties.py:415) -> setting property styleSheet
2026-07-14 11:14:13,938 [DEBUG] (properties.py:415) -> setting property text
2026-07-14 11:14:13,938 [DEBUG] (uiparser.py:106) -> push QLabel autoNumLabel
2026-07-14 11:14:13,938 [DEBUG] (uiparser.py:120) -> pop widget QLabel autoNumLabel
2026-07-14 11:14:13,938 [DEBUG] (uiparser.py:128) -> new topwidget <client.windows.system.document_types.document_type_card.DocumentTypeCard object at 0x0000025D64364690>
2026-07-14 11:14:13,938 [DEBUG] (properties.py:415) -> setting property styleSheet
2026-07-14 11:14:13,938 [DEBUG] (properties.py:415) -> setting property text
2026-07-14 11:14:13,938 [DEBUG] (uiparser.py:106) -> push QLabel docsCountLabel
2026-07-14 11:14:13,939 [DEBUG] (uiparser.py:120) -> pop widget QLabel docsCountLabel
2026-07-14 11:14:13,939 [DEBUG] (uiparser.py:128) -> new topwidget <client.windows.system.document_types.document_type_card.DocumentTypeCard object at 0x0000025D64364690>
2026-07-14 11:14:13,939 [DEBUG] (uiparser.py:114) -> pop layout QVBoxLayout infoLayout_2
2026-07-14 11:14:13,939 [DEBUG] (properties.py:415) -> setting property minimumSize
2026-07-14 11:14:13,939 [DEBUG] (properties.py:415) -> setting property maximumSize
2026-07-14 11:14:13,939 [DEBUG] (properties.py:415) -> setting property cursor
2026-07-14 11:14:13,939 [DEBUG] (properties.py:415) -> setting property styleSheet
2026-07-14 11:14:13,939 [DEBUG] (properties.py:415) -> setting property text
2026-07-14 11:14:13,939 [DEBUG] (uiparser.py:106) -> push QPushButton editBtn
2026-07-14 11:14:13,939 [DEBUG] (uiparser.py:120) -> pop widget QPushButton editBtn
2026-07-14 11:14:13,939 [DEBUG] (uiparser.py:128) -> new topwidget <client.windows.system.document_types.document_type_card.DocumentTypeCard object at 0x0000025D64364690>
2026-07-14 11:14:13,939 [DEBUG] (properties.py:415) -> setting property minimumSize
2026-07-14 11:14:13,939 [DEBUG] (properties.py:415) -> setting property maximumSize
2026-07-14 11:14:13,939 [DEBUG] (properties.py:415) -> setting property cursor
2026-07-14 11:14:13,939 [DEBUG] (properties.py:415) -> setting property styleSheet
2026-07-14 11:14:13,939 [DEBUG] (properties.py:415) -> setting property text
2026-07-14 11:14:13,939 [DEBUG] (uiparser.py:106) -> push QPushButton deleteBtn
2026-07-14 11:14:13,939 [DEBUG] (uiparser.py:120) -> pop widget QPushButton deleteBtn
2026-07-14 11:14:13,939 [DEBUG] (uiparser.py:128) -> new topwidget <client.windows.system.document_types.document_type_card.DocumentTypeCard object at 0x0000025D64364690>
2026-07-14 11:14:13,939 [DEBUG] (uiparser.py:114) -> pop layout QHBoxLayout buttonsLayout
2026-07-14 11:14:13,939 [DEBUG] (uiparser.py:114) -> pop layout QHBoxLayout horizontalLayout
2026-07-14 11:14:13,939 [DEBUG] (uiparser.py:120) -> pop widget DocumentTypeCard DocumentTypeCard
2026-07-14 11:14:13,939 [DEBUG] (uiparser.py:128) -> new topwidget None
2026-07-14 11:14:13,940 [DEBUG] (uiparser.py:838) -> toplevel widget is DocumentTypeCard
2026-07-14 11:14:13,940 [DEBUG] (properties.py:415) -> setting property geometry
2026-07-14 11:14:13,940 [DEBUG] (properties.py:415) -> setting property minimumSize
2026-07-14 11:14:13,940 [DEBUG] (properties.py:415) -> setting property maximumSize
2026-07-14 11:14:13,940 [DEBUG] (properties.py:415) -> setting property styleSheet
2026-07-14 11:14:13,940 [DEBUG] (uiparser.py:106) -> push DocumentTypeCard DocumentTypeCard
2026-07-14 11:14:13,940 [DEBUG] (properties.py:415) -> setting property spacing
2026-07-14 11:14:13,940 [DEBUG] (properties.py:415) -> setting property leftMargin
2026-07-14 11:14:13,940 [DEBUG] (properties.py:415) -> setting property topMargin
2026-07-14 11:14:13,941 [DEBUG] (properties.py:415) -> setting property rightMargin
2026-07-14 11:14:13,941 [DEBUG] (properties.py:415) -> setting property bottomMargin
2026-07-14 11:14:13,941 [DEBUG] (properties.py:415) -> setting property pyuicMargins
2026-07-14 11:14:13,941 [DEBUG] (properties.py:415) -> setting property pyuicSpacing
2026-07-14 11:14:13,941 [DEBUG] (uiparser.py:106) -> push QHBoxLayout horizontalLayout
2026-07-14 11:14:13,941 [DEBUG] (properties.py:415) -> setting property spacing
2026-07-14 11:14:13,941 [DEBUG] (properties.py:415) -> setting property pyuicSpacing
2026-07-14 11:14:13,941 [DEBUG] (uiparser.py:106) -> push QHBoxLayout buttonsLayout
2026-07-14 11:14:13,941 [DEBUG] (properties.py:415) -> setting property spacing
2026-07-14 11:14:13,941 [DEBUG] (properties.py:415) -> setting property pyuicSpacing
2026-07-14 11:14:13,941 [DEBUG] (uiparser.py:106) -> push QVBoxLayout infoLayout_2
2026-07-14 11:14:13,941 [DEBUG] (properties.py:415) -> setting property styleSheet
2026-07-14 11:14:13,941 [DEBUG] (properties.py:415) -> setting property text
2026-07-14 11:14:13,941 [DEBUG] (uiparser.py:106) -> push QLabel nameLabel_2
2026-07-14 11:14:13,941 [DEBUG] (uiparser.py:120) -> pop widget QLabel nameLabel_2
2026-07-14 11:14:13,941 [DEBUG] (uiparser.py:128) -> new topwidget <client.windows.system.document_types.document_type_card.DocumentTypeCard object at 0x0000025D64364D70>
2026-07-14 11:14:13,941 [DEBUG] (properties.py:415) -> setting property styleSheet
2026-07-14 11:14:13,941 [DEBUG] (properties.py:415) -> setting property text
2026-07-14 11:14:13,941 [DEBUG] (uiparser.py:106) -> push QLabel fieldsCountLabel
2026-07-14 11:14:13,941 [DEBUG] (uiparser.py:120) -> pop widget QLabel fieldsCountLabel
2026-07-14 11:14:13,941 [DEBUG] (uiparser.py:128) -> new topwidget <client.windows.system.document_types.document_type_card.DocumentTypeCard object at 0x0000025D64364D70>
2026-07-14 11:14:13,941 [DEBUG] (properties.py:415) -> setting property styleSheet
2026-07-14 11:14:13,941 [DEBUG] (properties.py:415) -> setting property text
2026-07-14 11:14:13,941 [DEBUG] (uiparser.py:106) -> push QLabel autoNumLabel
2026-07-14 11:14:13,941 [DEBUG] (uiparser.py:120) -> pop widget QLabel autoNumLabel
2026-07-14 11:14:13,941 [DEBUG] (uiparser.py:128) -> new topwidget <client.windows.system.document_types.document_type_card.DocumentTypeCard object at 0x0000025D64364D70>
2026-07-14 11:14:13,941 [DEBUG] (properties.py:415) -> setting property styleSheet
2026-07-14 11:14:13,941 [DEBUG] (properties.py:415) -> setting property text
2026-07-14 11:14:13,941 [DEBUG] (uiparser.py:106) -> push QLabel docsCountLabel
2026-07-14 11:14:13,941 [DEBUG] (uiparser.py:120) -> pop widget QLabel docsCountLabel
2026-07-14 11:14:13,941 [DEBUG] (uiparser.py:128) -> new topwidget <client.windows.system.document_types.document_type_card.DocumentTypeCard object at 0x0000025D64364D70>
2026-07-14 11:14:13,941 [DEBUG] (uiparser.py:114) -> pop layout QVBoxLayout infoLayout_2
2026-07-14 11:14:13,941 [DEBUG] (properties.py:415) -> setting property minimumSize
2026-07-14 11:14:13,941 [DEBUG] (properties.py:415) -> setting property maximumSize
2026-07-14 11:14:13,941 [DEBUG] (properties.py:415) -> setting property cursor
2026-07-14 11:14:13,941 [DEBUG] (properties.py:415) -> setting property styleSheet
2026-07-14 11:14:13,942 [DEBUG] (properties.py:415) -> setting property text
2026-07-14 11:14:13,942 [DEBUG] (uiparser.py:106) -> push QPushButton editBtn
2026-07-14 11:14:13,942 [DEBUG] (uiparser.py:120) -> pop widget QPushButton editBtn
2026-07-14 11:14:13,942 [DEBUG] (uiparser.py:128) -> new topwidget <client.windows.system.document_types.document_type_card.DocumentTypeCard object at 0x0000025D64364D70>
2026-07-14 11:14:13,942 [DEBUG] (properties.py:415) -> setting property minimumSize
2026-07-14 11:14:13,942 [DEBUG] (properties.py:415) -> setting property maximumSize
2026-07-14 11:14:13,942 [DEBUG] (properties.py:415) -> setting property cursor
2026-07-14 11:14:13,942 [DEBUG] (properties.py:415) -> setting property styleSheet
2026-07-14 11:14:13,942 [DEBUG] (properties.py:415) -> setting property text
2026-07-14 11:14:13,942 [DEBUG] (uiparser.py:106) -> push QPushButton deleteBtn
2026-07-14 11:14:13,942 [DEBUG] (uiparser.py:120) -> pop widget QPushButton deleteBtn
2026-07-14 11:14:13,942 [DEBUG] (uiparser.py:128) -> new topwidget <client.windows.system.document_types.document_type_card.DocumentTypeCard object at 0x0000025D64364D70>
2026-07-14 11:14:13,942 [DEBUG] (uiparser.py:114) -> pop layout QHBoxLayout buttonsLayout
2026-07-14 11:14:13,942 [DEBUG] (uiparser.py:114) -> pop layout QHBoxLayout horizontalLayout
2026-07-14 11:14:13,942 [DEBUG] (uiparser.py:120) -> pop widget DocumentTypeCard DocumentTypeCard
2026-07-14 11:14:13,942 [DEBUG] (uiparser.py:128) -> new topwidget None
2026-07-14 11:14:13,943 [DEBUG] (uiparser.py:838) -> toplevel widget is DocumentTypeCard
2026-07-14 11:14:13,943 [DEBUG] (properties.py:415) -> setting property geometry
2026-07-14 11:14:13,943 [DEBUG] (properties.py:415) -> setting property minimumSize
2026-07-14 11:14:13,943 [DEBUG] (properties.py:415) -> setting property maximumSize
2026-07-14 11:14:13,943 [DEBUG] (properties.py:415) -> setting property styleSheet
2026-07-14 11:14:13,943 [DEBUG] (uiparser.py:106) -> push DocumentTypeCard DocumentTypeCard
2026-07-14 11:14:13,943 [DEBUG] (properties.py:415) -> setting property spacing
2026-07-14 11:14:13,943 [DEBUG] (properties.py:415) -> setting property leftMargin
2026-07-14 11:14:13,943 [DEBUG] (properties.py:415) -> setting property topMargin
2026-07-14 11:14:13,943 [DEBUG] (properties.py:415) -> setting property rightMargin
2026-07-14 11:14:13,943 [DEBUG] (properties.py:415) -> setting property bottomMargin
2026-07-14 11:14:13,943 [DEBUG] (properties.py:415) -> setting property pyuicMargins
2026-07-14 11:14:13,943 [DEBUG] (properties.py:415) -> setting property pyuicSpacing
2026-07-14 11:14:13,943 [DEBUG] (uiparser.py:106) -> push QHBoxLayout horizontalLayout
2026-07-14 11:14:13,943 [DEBUG] (properties.py:415) -> setting property spacing
2026-07-14 11:14:13,943 [DEBUG] (properties.py:415) -> setting property pyuicSpacing
2026-07-14 11:14:13,943 [DEBUG] (uiparser.py:106) -> push QHBoxLayout buttonsLayout
2026-07-14 11:14:13,944 [DEBUG] (properties.py:415) -> setting property spacing
2026-07-14 11:14:13,944 [DEBUG] (properties.py:415) -> setting property pyuicSpacing
2026-07-14 11:14:13,944 [DEBUG] (uiparser.py:106) -> push QVBoxLayout infoLayout_2
2026-07-14 11:14:13,944 [DEBUG] (properties.py:415) -> setting property styleSheet
2026-07-14 11:14:13,944 [DEBUG] (properties.py:415) -> setting property text
2026-07-14 11:14:13,944 [DEBUG] (uiparser.py:106) -> push QLabel nameLabel_2
2026-07-14 11:14:13,944 [DEBUG] (uiparser.py:120) -> pop widget QLabel nameLabel_2
2026-07-14 11:14:13,944 [DEBUG] (uiparser.py:128) -> new topwidget <client.windows.system.document_types.document_type_card.DocumentTypeCard object at 0x0000025D64365450>
2026-07-14 11:14:13,944 [DEBUG] (properties.py:415) -> setting property styleSheet
2026-07-14 11:14:13,944 [DEBUG] (properties.py:415) -> setting property text
2026-07-14 11:14:13,944 [DEBUG] (uiparser.py:106) -> push QLabel fieldsCountLabel
2026-07-14 11:14:13,944 [DEBUG] (uiparser.py:120) -> pop widget QLabel fieldsCountLabel
2026-07-14 11:14:13,944 [DEBUG] (uiparser.py:128) -> new topwidget <client.windows.system.document_types.document_type_card.DocumentTypeCard object at 0x0000025D64365450>
2026-07-14 11:14:13,944 [DEBUG] (properties.py:415) -> setting property styleSheet
2026-07-14 11:14:13,944 [DEBUG] (properties.py:415) -> setting property text
2026-07-14 11:14:13,944 [DEBUG] (uiparser.py:106) -> push QLabel autoNumLabel
2026-07-14 11:14:13,944 [DEBUG] (uiparser.py:120) -> pop widget QLabel autoNumLabel
2026-07-14 11:14:13,944 [DEBUG] (uiparser.py:128) -> new topwidget <client.windows.system.document_types.document_type_card.DocumentTypeCard object at 0x0000025D64365450>
2026-07-14 11:14:13,944 [DEBUG] (properties.py:415) -> setting property styleSheet
2026-07-14 11:14:13,944 [DEBUG] (properties.py:415) -> setting property text
2026-07-14 11:14:13,944 [DEBUG] (uiparser.py:106) -> push QLabel docsCountLabel
2026-07-14 11:14:13,944 [DEBUG] (uiparser.py:120) -> pop widget QLabel docsCountLabel
2026-07-14 11:14:13,944 [DEBUG] (uiparser.py:128) -> new topwidget <client.windows.system.document_types.document_type_card.DocumentTypeCard object at 0x0000025D64365450>
2026-07-14 11:14:13,944 [DEBUG] (uiparser.py:114) -> pop layout QVBoxLayout infoLayout_2
2026-07-14 11:14:13,944 [DEBUG] (properties.py:415) -> setting property minimumSize
2026-07-14 11:14:13,944 [DEBUG] (properties.py:415) -> setting property maximumSize
2026-07-14 11:14:13,944 [DEBUG] (properties.py:415) -> setting property cursor
2026-07-14 11:14:13,944 [DEBUG] (properties.py:415) -> setting property styleSheet
2026-07-14 11:14:13,945 [DEBUG] (properties.py:415) -> setting property text
2026-07-14 11:14:13,945 [DEBUG] (uiparser.py:106) -> push QPushButton editBtn
2026-07-14 11:14:13,945 [DEBUG] (uiparser.py:120) -> pop widget QPushButton editBtn
2026-07-14 11:14:13,945 [DEBUG] (uiparser.py:128) -> new topwidget <client.windows.system.document_types.document_type_card.DocumentTypeCard object at 0x0000025D64365450>
2026-07-14 11:14:13,945 [DEBUG] (properties.py:415) -> setting property minimumSize
2026-07-14 11:14:13,945 [DEBUG] (properties.py:415) -> setting property maximumSize
2026-07-14 11:14:13,945 [DEBUG] (properties.py:415) -> setting property cursor
2026-07-14 11:14:13,945 [DEBUG] (properties.py:415) -> setting property styleSheet
2026-07-14 11:14:13,945 [DEBUG] (properties.py:415) -> setting property text
2026-07-14 11:14:13,945 [DEBUG] (uiparser.py:106) -> push QPushButton deleteBtn
2026-07-14 11:14:13,945 [DEBUG] (uiparser.py:120) -> pop widget QPushButton deleteBtn
2026-07-14 11:14:13,945 [DEBUG] (uiparser.py:128) -> new topwidget <client.windows.system.document_types.document_type_card.DocumentTypeCard object at 0x0000025D64365450>
2026-07-14 11:14:13,945 [DEBUG] (uiparser.py:114) -> pop layout QHBoxLayout buttonsLayout
2026-07-14 11:14:13,945 [DEBUG] (uiparser.py:114) -> pop layout QHBoxLayout horizontalLayout
2026-07-14 11:14:13,945 [DEBUG] (uiparser.py:120) -> pop widget DocumentTypeCard DocumentTypeCard
2026-07-14 11:14:13,945 [DEBUG] (uiparser.py:128) -> new topwidget None
2026-07-14 11:14:13,946 [DEBUG] (uiparser.py:838) -> toplevel widget is DocumentTypeCard
2026-07-14 11:14:13,946 [DEBUG] (properties.py:415) -> setting property geometry
2026-07-14 11:14:13,946 [DEBUG] (properties.py:415) -> setting property minimumSize
2026-07-14 11:14:13,946 [DEBUG] (properties.py:415) -> setting property maximumSize
2026-07-14 11:14:13,946 [DEBUG] (properties.py:415) -> setting property styleSheet
2026-07-14 11:14:13,947 [DEBUG] (uiparser.py:106) -> push DocumentTypeCard DocumentTypeCard
2026-07-14 11:14:13,947 [DEBUG] (properties.py:415) -> setting property spacing
2026-07-14 11:14:13,947 [DEBUG] (properties.py:415) -> setting property leftMargin
2026-07-14 11:14:13,947 [DEBUG] (properties.py:415) -> setting property topMargin
2026-07-14 11:14:13,947 [DEBUG] (properties.py:415) -> setting property rightMargin
2026-07-14 11:14:13,947 [DEBUG] (properties.py:415) -> setting property bottomMargin
2026-07-14 11:14:13,947 [DEBUG] (properties.py:415) -> setting property pyuicMargins
2026-07-14 11:14:13,947 [DEBUG] (properties.py:415) -> setting property pyuicSpacing
2026-07-14 11:14:13,947 [DEBUG] (uiparser.py:106) -> push QHBoxLayout horizontalLayout
2026-07-14 11:14:13,947 [DEBUG] (properties.py:415) -> setting property spacing
2026-07-14 11:14:13,947 [DEBUG] (properties.py:415) -> setting property pyuicSpacing
2026-07-14 11:14:13,947 [DEBUG] (uiparser.py:106) -> push QHBoxLayout buttonsLayout
2026-07-14 11:14:13,947 [DEBUG] (properties.py:415) -> setting property spacing
2026-07-14 11:14:13,947 [DEBUG] (properties.py:415) -> setting property pyuicSpacing
2026-07-14 11:14:13,947 [DEBUG] (uiparser.py:106) -> push QVBoxLayout infoLayout_2
2026-07-14 11:14:13,947 [DEBUG] (properties.py:415) -> setting property styleSheet
2026-07-14 11:14:13,947 [DEBUG] (properties.py:415) -> setting property text
2026-07-14 11:14:13,947 [DEBUG] (uiparser.py:106) -> push QLabel nameLabel_2
2026-07-14 11:14:13,947 [DEBUG] (uiparser.py:120) -> pop widget QLabel nameLabel_2
2026-07-14 11:14:13,947 [DEBUG] (uiparser.py:128) -> new topwidget <client.windows.system.document_types.document_type_card.DocumentTypeCard object at 0x0000025D64365B30>
2026-07-14 11:14:13,947 [DEBUG] (properties.py:415) -> setting property styleSheet
2026-07-14 11:14:13,947 [DEBUG] (properties.py:415) -> setting property text
2026-07-14 11:14:13,947 [DEBUG] (uiparser.py:106) -> push QLabel fieldsCountLabel
2026-07-14 11:14:13,947 [DEBUG] (uiparser.py:120) -> pop widget QLabel fieldsCountLabel
2026-07-14 11:14:13,947 [DEBUG] (uiparser.py:128) -> new topwidget <client.windows.system.document_types.document_type_card.DocumentTypeCard object at 0x0000025D64365B30>
2026-07-14 11:14:13,947 [DEBUG] (properties.py:415) -> setting property styleSheet
2026-07-14 11:14:13,947 [DEBUG] (properties.py:415) -> setting property text
2026-07-14 11:14:13,947 [DEBUG] (uiparser.py:106) -> push QLabel autoNumLabel
2026-07-14 11:14:13,947 [DEBUG] (uiparser.py:120) -> pop widget QLabel autoNumLabel
2026-07-14 11:14:13,947 [DEBUG] (uiparser.py:128) -> new topwidget <client.windows.system.document_types.document_type_card.DocumentTypeCard object at 0x0000025D64365B30>
2026-07-14 11:14:13,947 [DEBUG] (properties.py:415) -> setting property styleSheet
2026-07-14 11:14:13,947 [DEBUG] (properties.py:415) -> setting property text
2026-07-14 11:14:13,947 [DEBUG] (uiparser.py:106) -> push QLabel docsCountLabel
2026-07-14 11:14:13,947 [DEBUG] (uiparser.py:120) -> pop widget QLabel docsCountLabel
2026-07-14 11:14:13,947 [DEBUG] (uiparser.py:128) -> new topwidget <client.windows.system.document_types.document_type_card.DocumentTypeCard object at 0x0000025D64365B30>
2026-07-14 11:14:13,947 [DEBUG] (uiparser.py:114) -> pop layout QVBoxLayout infoLayout_2
2026-07-14 11:14:13,947 [DEBUG] (properties.py:415) -> setting property minimumSize
2026-07-14 11:14:13,947 [DEBUG] (properties.py:415) -> setting property maximumSize
2026-07-14 11:14:13,947 [DEBUG] (properties.py:415) -> setting property cursor
2026-07-14 11:14:13,947 [DEBUG] (properties.py:415) -> setting property styleSheet
2026-07-14 11:14:13,947 [DEBUG] (properties.py:415) -> setting property text
2026-07-14 11:14:13,947 [DEBUG] (uiparser.py:106) -> push QPushButton editBtn
2026-07-14 11:14:13,947 [DEBUG] (uiparser.py:120) -> pop widget QPushButton editBtn
2026-07-14 11:14:13,947 [DEBUG] (uiparser.py:128) -> new topwidget <client.windows.system.document_types.document_type_card.DocumentTypeCard object at 0x0000025D64365B30>
2026-07-14 11:14:13,947 [DEBUG] (properties.py:415) -> setting property minimumSize
2026-07-14 11:14:13,947 [DEBUG] (properties.py:415) -> setting property maximumSize
2026-07-14 11:14:13,948 [DEBUG] (properties.py:415) -> setting property cursor
2026-07-14 11:14:13,948 [DEBUG] (properties.py:415) -> setting property styleSheet
2026-07-14 11:14:13,948 [DEBUG] (properties.py:415) -> setting property text
2026-07-14 11:14:13,948 [DEBUG] (uiparser.py:106) -> push QPushButton deleteBtn
2026-07-14 11:14:13,948 [DEBUG] (uiparser.py:120) -> pop widget QPushButton deleteBtn
2026-07-14 11:14:13,948 [DEBUG] (uiparser.py:128) -> new topwidget <client.windows.system.document_types.document_type_card.DocumentTypeCard object at 0x0000025D64365B30>
2026-07-14 11:14:13,948 [DEBUG] (uiparser.py:114) -> pop layout QHBoxLayout buttonsLayout
2026-07-14 11:14:13,948 [DEBUG] (uiparser.py:114) -> pop layout QHBoxLayout horizontalLayout
2026-07-14 11:14:13,948 [DEBUG] (uiparser.py:120) -> pop widget DocumentTypeCard DocumentTypeCard
2026-07-14 11:14:13,948 [DEBUG] (uiparser.py:128) -> new topwidget None
2026-07-14 11:14:13,949 [DEBUG] (uiparser.py:838) -> toplevel widget is DocumentTypeCard
2026-07-14 11:14:13,949 [DEBUG] (properties.py:415) -> setting property geometry
2026-07-14 11:14:13,949 [DEBUG] (properties.py:415) -> setting property minimumSize
2026-07-14 11:14:13,949 [DEBUG] (properties.py:415) -> setting property maximumSize
2026-07-14 11:14:13,949 [DEBUG] (properties.py:415) -> setting property styleSheet
2026-07-14 11:14:13,949 [DEBUG] (uiparser.py:106) -> push DocumentTypeCard DocumentTypeCard
2026-07-14 11:14:13,949 [DEBUG] (properties.py:415) -> setting property spacing
2026-07-14 11:14:13,949 [DEBUG] (properties.py:415) -> setting property leftMargin
2026-07-14 11:14:13,949 [DEBUG] (properties.py:415) -> setting property topMargin
2026-07-14 11:14:13,949 [DEBUG] (properties.py:415) -> setting property rightMargin
2026-07-14 11:14:13,949 [DEBUG] (properties.py:415) -> setting property bottomMargin
2026-07-14 11:14:13,949 [DEBUG] (properties.py:415) -> setting property pyuicMargins
2026-07-14 11:14:13,949 [DEBUG] (properties.py:415) -> setting property pyuicSpacing
2026-07-14 11:14:13,949 [DEBUG] (uiparser.py:106) -> push QHBoxLayout horizontalLayout
2026-07-14 11:14:13,949 [DEBUG] (properties.py:415) -> setting property spacing
2026-07-14 11:14:13,949 [DEBUG] (properties.py:415) -> setting property pyuicSpacing
2026-07-14 11:14:13,949 [DEBUG] (uiparser.py:106) -> push QHBoxLayout buttonsLayout
2026-07-14 11:14:13,949 [DEBUG] (properties.py:415) -> setting property spacing
2026-07-14 11:14:13,949 [DEBUG] (properties.py:415) -> setting property pyuicSpacing
2026-07-14 11:14:13,949 [DEBUG] (uiparser.py:106) -> push QVBoxLayout infoLayout_2
2026-07-14 11:14:13,949 [DEBUG] (properties.py:415) -> setting property styleSheet
2026-07-14 11:14:13,949 [DEBUG] (properties.py:415) -> setting property text
2026-07-14 11:14:13,950 [DEBUG] (uiparser.py:106) -> push QLabel nameLabel_2
2026-07-14 11:14:13,950 [DEBUG] (uiparser.py:120) -> pop widget QLabel nameLabel_2
2026-07-14 11:14:13,950 [DEBUG] (uiparser.py:128) -> new topwidget <client.windows.system.document_types.document_type_card.DocumentTypeCard object at 0x0000025D64366210>
2026-07-14 11:14:13,950 [DEBUG] (properties.py:415) -> setting property styleSheet
2026-07-14 11:14:13,950 [DEBUG] (properties.py:415) -> setting property text
2026-07-14 11:14:13,950 [DEBUG] (uiparser.py:106) -> push QLabel fieldsCountLabel
2026-07-14 11:14:13,950 [DEBUG] (uiparser.py:120) -> pop widget QLabel fieldsCountLabel
2026-07-14 11:14:13,950 [DEBUG] (uiparser.py:128) -> new topwidget <client.windows.system.document_types.document_type_card.DocumentTypeCard object at 0x0000025D64366210>
2026-07-14 11:14:13,950 [DEBUG] (properties.py:415) -> setting property styleSheet
2026-07-14 11:14:13,950 [DEBUG] (properties.py:415) -> setting property text
2026-07-14 11:14:13,950 [DEBUG] (uiparser.py:106) -> push QLabel autoNumLabel
2026-07-14 11:14:13,950 [DEBUG] (uiparser.py:120) -> pop widget QLabel autoNumLabel
2026-07-14 11:14:13,950 [DEBUG] (uiparser.py:128) -> new topwidget <client.windows.system.document_types.document_type_card.DocumentTypeCard object at 0x0000025D64366210>
2026-07-14 11:14:13,950 [DEBUG] (properties.py:415) -> setting property styleSheet
2026-07-14 11:14:13,950 [DEBUG] (properties.py:415) -> setting property text
2026-07-14 11:14:13,950 [DEBUG] (uiparser.py:106) -> push QLabel docsCountLabel
2026-07-14 11:14:13,950 [DEBUG] (uiparser.py:120) -> pop widget QLabel docsCountLabel
2026-07-14 11:14:13,950 [DEBUG] (uiparser.py:128) -> new topwidget <client.windows.system.document_types.document_type_card.DocumentTypeCard object at 0x0000025D64366210>
2026-07-14 11:14:13,950 [DEBUG] (uiparser.py:114) -> pop layout QVBoxLayout infoLayout_2
2026-07-14 11:14:13,950 [DEBUG] (properties.py:415) -> setting property minimumSize
2026-07-14 11:14:13,950 [DEBUG] (properties.py:415) -> setting property maximumSize
2026-07-14 11:14:13,950 [DEBUG] (properties.py:415) -> setting property cursor
2026-07-14 11:14:13,950 [DEBUG] (properties.py:415) -> setting property styleSheet
2026-07-14 11:14:13,950 [DEBUG] (properties.py:415) -> setting property text
2026-07-14 11:14:13,950 [DEBUG] (uiparser.py:106) -> push QPushButton editBtn
2026-07-14 11:14:13,950 [DEBUG] (uiparser.py:120) -> pop widget QPushButton editBtn
2026-07-14 11:14:13,950 [DEBUG] (uiparser.py:128) -> new topwidget <client.windows.system.document_types.document_type_card.DocumentTypeCard object at 0x0000025D64366210>
2026-07-14 11:14:13,950 [DEBUG] (properties.py:415) -> setting property minimumSize
2026-07-14 11:14:13,950 [DEBUG] (properties.py:415) -> setting property maximumSize
2026-07-14 11:14:13,950 [DEBUG] (properties.py:415) -> setting property cursor
2026-07-14 11:14:13,950 [DEBUG] (properties.py:415) -> setting property styleSheet
2026-07-14 11:14:13,950 [DEBUG] (properties.py:415) -> setting property text
2026-07-14 11:14:13,950 [DEBUG] (uiparser.py:106) -> push QPushButton deleteBtn
2026-07-14 11:14:13,950 [DEBUG] (uiparser.py:120) -> pop widget QPushButton deleteBtn
2026-07-14 11:14:13,950 [DEBUG] (uiparser.py:128) -> new topwidget <client.windows.system.document_types.document_type_card.DocumentTypeCard object at 0x0000025D64366210>
2026-07-14 11:14:13,950 [DEBUG] (uiparser.py:114) -> pop layout QHBoxLayout buttonsLayout
2026-07-14 11:14:13,950 [DEBUG] (uiparser.py:114) -> pop layout QHBoxLayout horizontalLayout
2026-07-14 11:14:13,950 [DEBUG] (uiparser.py:120) -> pop widget DocumentTypeCard DocumentTypeCard
2026-07-14 11:14:13,950 [DEBUG] (uiparser.py:128) -> new topwidget None
2026-07-14 11:14:13,952 [DEBUG] (uiparser.py:838) -> toplevel widget is DocumentTypeCard
2026-07-14 11:14:13,952 [DEBUG] (properties.py:415) -> setting property geometry
2026-07-14 11:14:13,952 [DEBUG] (properties.py:415) -> setting property minimumSize
2026-07-14 11:14:13,952 [DEBUG] (properties.py:415) -> setting property maximumSize
2026-07-14 11:14:13,952 [DEBUG] (properties.py:415) -> setting property styleSheet
2026-07-14 11:14:13,952 [DEBUG] (uiparser.py:106) -> push DocumentTypeCard DocumentTypeCard
2026-07-14 11:14:13,952 [DEBUG] (properties.py:415) -> setting property spacing
2026-07-14 11:14:13,952 [DEBUG] (properties.py:415) -> setting property leftMargin
2026-07-14 11:14:13,952 [DEBUG] (properties.py:415) -> setting property topMargin
2026-07-14 11:14:13,952 [DEBUG] (properties.py:415) -> setting property rightMargin
2026-07-14 11:14:13,952 [DEBUG] (properties.py:415) -> setting property bottomMargin
2026-07-14 11:14:13,952 [DEBUG] (properties.py:415) -> setting property pyuicMargins
2026-07-14 11:14:13,952 [DEBUG] (properties.py:415) -> setting property pyuicSpacing
2026-07-14 11:14:13,952 [DEBUG] (uiparser.py:106) -> push QHBoxLayout horizontalLayout
2026-07-14 11:14:13,952 [DEBUG] (properties.py:415) -> setting property spacing
2026-07-14 11:14:13,952 [DEBUG] (properties.py:415) -> setting property pyuicSpacing
2026-07-14 11:14:13,952 [DEBUG] (uiparser.py:106) -> push QHBoxLayout buttonsLayout
2026-07-14 11:14:13,952 [DEBUG] (properties.py:415) -> setting property spacing
2026-07-14 11:14:13,952 [DEBUG] (properties.py:415) -> setting property pyuicSpacing
2026-07-14 11:14:13,952 [DEBUG] (uiparser.py:106) -> push QVBoxLayout infoLayout_2
2026-07-14 11:14:13,952 [DEBUG] (properties.py:415) -> setting property styleSheet
2026-07-14 11:14:13,952 [DEBUG] (properties.py:415) -> setting property text
2026-07-14 11:14:13,952 [DEBUG] (uiparser.py:106) -> push QLabel nameLabel_2
2026-07-14 11:14:13,952 [DEBUG] (uiparser.py:120) -> pop widget QLabel nameLabel_2
2026-07-14 11:14:13,952 [DEBUG] (uiparser.py:128) -> new topwidget <client.windows.system.document_types.document_type_card.DocumentTypeCard object at 0x0000025D643668F0>
2026-07-14 11:14:13,952 [DEBUG] (properties.py:415) -> setting property styleSheet
2026-07-14 11:14:13,952 [DEBUG] (properties.py:415) -> setting property text
2026-07-14 11:14:13,952 [DEBUG] (uiparser.py:106) -> push QLabel fieldsCountLabel
2026-07-14 11:14:13,952 [DEBUG] (uiparser.py:120) -> pop widget QLabel fieldsCountLabel
2026-07-14 11:14:13,952 [DEBUG] (uiparser.py:128) -> new topwidget <client.windows.system.document_types.document_type_card.DocumentTypeCard object at 0x0000025D643668F0>
2026-07-14 11:14:13,952 [DEBUG] (properties.py:415) -> setting property styleSheet
2026-07-14 11:14:13,952 [DEBUG] (properties.py:415) -> setting property text
2026-07-14 11:14:13,952 [DEBUG] (uiparser.py:106) -> push QLabel autoNumLabel
2026-07-14 11:14:13,952 [DEBUG] (uiparser.py:120) -> pop widget QLabel autoNumLabel
2026-07-14 11:14:13,952 [DEBUG] (uiparser.py:128) -> new topwidget <client.windows.system.document_types.document_type_card.DocumentTypeCard object at 0x0000025D643668F0>
2026-07-14 11:14:13,952 [DEBUG] (properties.py:415) -> setting property styleSheet
2026-07-14 11:14:13,952 [DEBUG] (properties.py:415) -> setting property text
2026-07-14 11:14:13,952 [DEBUG] (uiparser.py:106) -> push QLabel docsCountLabel
2026-07-14 11:14:13,952 [DEBUG] (uiparser.py:120) -> pop widget QLabel docsCountLabel
2026-07-14 11:14:13,952 [DEBUG] (uiparser.py:128) -> new topwidget <client.windows.system.document_types.document_type_card.DocumentTypeCard object at 0x0000025D643668F0>
2026-07-14 11:14:13,952 [DEBUG] (uiparser.py:114) -> pop layout QVBoxLayout infoLayout_2
2026-07-14 11:14:13,952 [DEBUG] (properties.py:415) -> setting property minimumSize
2026-07-14 11:14:13,952 [DEBUG] (properties.py:415) -> setting property maximumSize
2026-07-14 11:14:13,952 [DEBUG] (properties.py:415) -> setting property cursor
2026-07-14 11:14:13,953 [DEBUG] (properties.py:415) -> setting property styleSheet
2026-07-14 11:14:13,953 [DEBUG] (properties.py:415) -> setting property text
2026-07-14 11:14:13,953 [DEBUG] (uiparser.py:106) -> push QPushButton editBtn
2026-07-14 11:14:13,953 [DEBUG] (uiparser.py:120) -> pop widget QPushButton editBtn
2026-07-14 11:14:13,953 [DEBUG] (uiparser.py:128) -> new topwidget <client.windows.system.document_types.document_type_card.DocumentTypeCard object at 0x0000025D643668F0>
2026-07-14 11:14:13,953 [DEBUG] (properties.py:415) -> setting property minimumSize
2026-07-14 11:14:13,954 [DEBUG] (properties.py:415) -> setting property maximumSize
2026-07-14 11:14:13,954 [DEBUG] (properties.py:415) -> setting property cursor
2026-07-14 11:14:13,954 [DEBUG] (properties.py:415) -> setting property styleSheet
2026-07-14 11:14:13,954 [DEBUG] (properties.py:415) -> setting property text
2026-07-14 11:14:13,954 [DEBUG] (uiparser.py:106) -> push QPushButton deleteBtn
2026-07-14 11:14:13,954 [DEBUG] (uiparser.py:120) -> pop widget QPushButton deleteBtn
2026-07-14 11:14:13,954 [DEBUG] (uiparser.py:128) -> new topwidget <client.windows.system.document_types.document_type_card.DocumentTypeCard object at 0x0000025D643668F0>
2026-07-14 11:14:13,954 [DEBUG] (uiparser.py:114) -> pop layout QHBoxLayout buttonsLayout
2026-07-14 11:14:13,954 [DEBUG] (uiparser.py:114) -> pop layout QHBoxLayout horizontalLayout
2026-07-14 11:14:13,954 [DEBUG] (uiparser.py:120) -> pop widget DocumentTypeCard DocumentTypeCard
2026-07-14 11:14:13,954 [DEBUG] (uiparser.py:128) -> new topwidget None
2026-07-14 11:14:13,955 [DEBUG] (uiparser.py:838) -> toplevel widget is DocumentTypeCard
2026-07-14 11:14:13,955 [DEBUG] (properties.py:415) -> setting property geometry
2026-07-14 11:14:13,955 [DEBUG] (properties.py:415) -> setting property minimumSize
2026-07-14 11:14:13,955 [DEBUG] (properties.py:415) -> setting property maximumSize
2026-07-14 11:14:13,955 [DEBUG] (properties.py:415) -> setting property styleSheet
2026-07-14 11:14:13,955 [DEBUG] (uiparser.py:106) -> push DocumentTypeCard DocumentTypeCard
2026-07-14 11:14:13,955 [DEBUG] (properties.py:415) -> setting property spacing
2026-07-14 11:14:13,955 [DEBUG] (properties.py:415) -> setting property leftMargin
2026-07-14 11:14:13,955 [DEBUG] (properties.py:415) -> setting property topMargin
2026-07-14 11:14:13,955 [DEBUG] (properties.py:415) -> setting property rightMargin
2026-07-14 11:14:13,955 [DEBUG] (properties.py:415) -> setting property bottomMargin
2026-07-14 11:14:13,955 [DEBUG] (properties.py:415) -> setting property pyuicMargins
2026-07-14 11:14:13,955 [DEBUG] (properties.py:415) -> setting property pyuicSpacing
2026-07-14 11:14:13,955 [DEBUG] (uiparser.py:106) -> push QHBoxLayout horizontalLayout
2026-07-14 11:14:13,955 [DEBUG] (properties.py:415) -> setting property spacing
2026-07-14 11:14:13,955 [DEBUG] (properties.py:415) -> setting property pyuicSpacing
2026-07-14 11:14:13,955 [DEBUG] (uiparser.py:106) -> push QHBoxLayout buttonsLayout
2026-07-14 11:14:13,955 [DEBUG] (properties.py:415) -> setting property spacing
2026-07-14 11:14:13,955 [DEBUG] (properties.py:415) -> setting property pyuicSpacing
2026-07-14 11:14:13,955 [DEBUG] (uiparser.py:106) -> push QVBoxLayout infoLayout_2
2026-07-14 11:14:13,955 [DEBUG] (properties.py:415) -> setting property styleSheet
2026-07-14 11:14:13,956 [DEBUG] (properties.py:415) -> setting property text
2026-07-14 11:14:13,956 [DEBUG] (uiparser.py:106) -> push QLabel nameLabel_2
2026-07-14 11:14:13,956 [DEBUG] (uiparser.py:120) -> pop widget QLabel nameLabel_2
2026-07-14 11:14:13,956 [DEBUG] (uiparser.py:128) -> new topwidget <client.windows.system.document_types.document_type_card.DocumentTypeCard object at 0x0000025D64366FD0>
2026-07-14 11:14:13,956 [DEBUG] (properties.py:415) -> setting property styleSheet
2026-07-14 11:14:13,956 [DEBUG] (properties.py:415) -> setting property text
2026-07-14 11:14:13,956 [DEBUG] (uiparser.py:106) -> push QLabel fieldsCountLabel
2026-07-14 11:14:13,956 [DEBUG] (uiparser.py:120) -> pop widget QLabel fieldsCountLabel
2026-07-14 11:14:13,956 [DEBUG] (uiparser.py:128) -> new topwidget <client.windows.system.document_types.document_type_card.DocumentTypeCard object at 0x0000025D64366FD0>
2026-07-14 11:14:13,956 [DEBUG] (properties.py:415) -> setting property styleSheet
2026-07-14 11:14:13,956 [DEBUG] (properties.py:415) -> setting property text
2026-07-14 11:14:13,956 [DEBUG] (uiparser.py:106) -> push QLabel autoNumLabel
2026-07-14 11:14:13,956 [DEBUG] (uiparser.py:120) -> pop widget QLabel autoNumLabel
2026-07-14 11:14:13,956 [DEBUG] (uiparser.py:128) -> new topwidget <client.windows.system.document_types.document_type_card.DocumentTypeCard object at 0x0000025D64366FD0>
2026-07-14 11:14:13,956 [DEBUG] (properties.py:415) -> setting property styleSheet
2026-07-14 11:14:13,956 [DEBUG] (properties.py:415) -> setting property text
2026-07-14 11:14:13,956 [DEBUG] (uiparser.py:106) -> push QLabel docsCountLabel
2026-07-14 11:14:13,956 [DEBUG] (uiparser.py:120) -> pop widget QLabel docsCountLabel
2026-07-14 11:14:13,956 [DEBUG] (uiparser.py:128) -> new topwidget <client.windows.system.document_types.document_type_card.DocumentTypeCard object at 0x0000025D64366FD0>
2026-07-14 11:14:13,956 [DEBUG] (uiparser.py:114) -> pop layout QVBoxLayout infoLayout_2
2026-07-14 11:14:13,956 [DEBUG] (properties.py:415) -> setting property minimumSize
2026-07-14 11:14:13,956 [DEBUG] (properties.py:415) -> setting property maximumSize
2026-07-14 11:14:13,956 [DEBUG] (properties.py:415) -> setting property cursor
2026-07-14 11:14:13,956 [DEBUG] (properties.py:415) -> setting property styleSheet
2026-07-14 11:14:13,956 [DEBUG] (properties.py:415) -> setting property text
2026-07-14 11:14:13,956 [DEBUG] (uiparser.py:106) -> push QPushButton editBtn
2026-07-14 11:14:13,956 [DEBUG] (uiparser.py:120) -> pop widget QPushButton editBtn
2026-07-14 11:14:13,956 [DEBUG] (uiparser.py:128) -> new topwidget <client.windows.system.document_types.document_type_card.DocumentTypeCard object at 0x0000025D64366FD0>
2026-07-14 11:14:13,956 [DEBUG] (properties.py:415) -> setting property minimumSize
2026-07-14 11:14:13,956 [DEBUG] (properties.py:415) -> setting property maximumSize
2026-07-14 11:14:13,956 [DEBUG] (properties.py:415) -> setting property cursor
2026-07-14 11:14:13,956 [DEBUG] (properties.py:415) -> setting property styleSheet
2026-07-14 11:14:13,956 [DEBUG] (properties.py:415) -> setting property text
2026-07-14 11:14:13,956 [DEBUG] (uiparser.py:106) -> push QPushButton deleteBtn
2026-07-14 11:14:13,956 [DEBUG] (uiparser.py:120) -> pop widget QPushButton deleteBtn
2026-07-14 11:14:13,956 [DEBUG] (uiparser.py:128) -> new topwidget <client.windows.system.document_types.document_type_card.DocumentTypeCard object at 0x0000025D64366FD0>
2026-07-14 11:14:13,956 [DEBUG] (uiparser.py:114) -> pop layout QHBoxLayout buttonsLayout
2026-07-14 11:14:13,956 [DEBUG] (uiparser.py:114) -> pop layout QHBoxLayout horizontalLayout
2026-07-14 11:14:13,956 [DEBUG] (uiparser.py:120) -> pop widget DocumentTypeCard DocumentTypeCard
2026-07-14 11:14:13,956 [DEBUG] (uiparser.py:128) -> new topwidget None
2026-07-14 11:14:13,958 [DEBUG] (uiparser.py:838) -> toplevel widget is DocumentTypeCard
2026-07-14 11:14:13,958 [DEBUG] (properties.py:415) -> setting property geometry
2026-07-14 11:14:13,958 [DEBUG] (properties.py:415) -> setting property minimumSize
2026-07-14 11:14:13,958 [DEBUG] (properties.py:415) -> setting property maximumSize
2026-07-14 11:14:13,958 [DEBUG] (properties.py:415) -> setting property styleSheet
2026-07-14 11:14:13,958 [DEBUG] (uiparser.py:106) -> push DocumentTypeCard DocumentTypeCard
2026-07-14 11:14:13,958 [DEBUG] (properties.py:415) -> setting property spacing
2026-07-14 11:14:13,958 [DEBUG] (properties.py:415) -> setting property leftMargin
2026-07-14 11:14:13,958 [DEBUG] (properties.py:415) -> setting property topMargin
2026-07-14 11:14:13,958 [DEBUG] (properties.py:415) -> setting property rightMargin
2026-07-14 11:14:13,958 [DEBUG] (properties.py:415) -> setting property bottomMargin
2026-07-14 11:14:13,958 [DEBUG] (properties.py:415) -> setting property pyuicMargins
2026-07-14 11:14:13,958 [DEBUG] (properties.py:415) -> setting property pyuicSpacing
2026-07-14 11:14:13,958 [DEBUG] (uiparser.py:106) -> push QHBoxLayout horizontalLayout
2026-07-14 11:14:13,958 [DEBUG] (properties.py:415) -> setting property spacing
2026-07-14 11:14:13,958 [DEBUG] (properties.py:415) -> setting property pyuicSpacing
2026-07-14 11:14:13,958 [DEBUG] (uiparser.py:106) -> push QHBoxLayout buttonsLayout
2026-07-14 11:14:13,958 [DEBUG] (properties.py:415) -> setting property spacing
2026-07-14 11:14:13,958 [DEBUG] (properties.py:415) -> setting property pyuicSpacing
2026-07-14 11:14:13,958 [DEBUG] (uiparser.py:106) -> push QVBoxLayout infoLayout_2
2026-07-14 11:14:13,958 [DEBUG] (properties.py:415) -> setting property styleSheet
2026-07-14 11:14:13,958 [DEBUG] (properties.py:415) -> setting property text
2026-07-14 11:14:13,958 [DEBUG] (uiparser.py:106) -> push QLabel nameLabel_2
2026-07-14 11:14:13,958 [DEBUG] (uiparser.py:120) -> pop widget QLabel nameLabel_2
2026-07-14 11:14:13,958 [DEBUG] (uiparser.py:128) -> new topwidget <client.windows.system.document_types.document_type_card.DocumentTypeCard object at 0x0000025D643676B0>
2026-07-14 11:14:13,958 [DEBUG] (properties.py:415) -> setting property styleSheet
2026-07-14 11:14:13,958 [DEBUG] (properties.py:415) -> setting property text
2026-07-14 11:14:13,958 [DEBUG] (uiparser.py:106) -> push QLabel fieldsCountLabel
2026-07-14 11:14:13,958 [DEBUG] (uiparser.py:120) -> pop widget QLabel fieldsCountLabel
2026-07-14 11:14:13,958 [DEBUG] (uiparser.py:128) -> new topwidget <client.windows.system.document_types.document_type_card.DocumentTypeCard object at 0x0000025D643676B0>
2026-07-14 11:14:13,958 [DEBUG] (properties.py:415) -> setting property styleSheet
2026-07-14 11:14:13,958 [DEBUG] (properties.py:415) -> setting property text
2026-07-14 11:14:13,958 [DEBUG] (uiparser.py:106) -> push QLabel autoNumLabel
2026-07-14 11:14:13,958 [DEBUG] (uiparser.py:120) -> pop widget QLabel autoNumLabel
2026-07-14 11:14:13,958 [DEBUG] (uiparser.py:128) -> new topwidget <client.windows.system.document_types.document_type_card.DocumentTypeCard object at 0x0000025D643676B0>
2026-07-14 11:14:13,958 [DEBUG] (properties.py:415) -> setting property styleSheet
2026-07-14 11:14:13,958 [DEBUG] (properties.py:415) -> setting property text
2026-07-14 11:14:13,958 [DEBUG] (uiparser.py:106) -> push QLabel docsCountLabel
2026-07-14 11:14:13,958 [DEBUG] (uiparser.py:120) -> pop widget QLabel docsCountLabel
2026-07-14 11:14:13,958 [DEBUG] (uiparser.py:128) -> new topwidget <client.windows.system.document_types.document_type_card.DocumentTypeCard object at 0x0000025D643676B0>
2026-07-14 11:14:13,958 [DEBUG] (uiparser.py:114) -> pop layout QVBoxLayout infoLayout_2
2026-07-14 11:14:13,958 [DEBUG] (properties.py:415) -> setting property minimumSize
2026-07-14 11:14:13,958 [DEBUG] (properties.py:415) -> setting property maximumSize
2026-07-14 11:14:13,959 [DEBUG] (properties.py:415) -> setting property cursor
2026-07-14 11:14:13,959 [DEBUG] (properties.py:415) -> setting property styleSheet
2026-07-14 11:14:13,959 [DEBUG] (properties.py:415) -> setting property text
2026-07-14 11:14:13,959 [DEBUG] (uiparser.py:106) -> push QPushButton editBtn
2026-07-14 11:14:13,959 [DEBUG] (uiparser.py:120) -> pop widget QPushButton editBtn
2026-07-14 11:14:13,959 [DEBUG] (uiparser.py:128) -> new topwidget <client.windows.system.document_types.document_type_card.DocumentTypeCard object at 0x0000025D643676B0>
2026-07-14 11:14:13,959 [DEBUG] (properties.py:415) -> setting property minimumSize
2026-07-14 11:14:13,960 [DEBUG] (properties.py:415) -> setting property maximumSize
2026-07-14 11:14:13,960 [DEBUG] (properties.py:415) -> setting property cursor
2026-07-14 11:14:13,960 [DEBUG] (properties.py:415) -> setting property styleSheet
2026-07-14 11:14:13,960 [DEBUG] (properties.py:415) -> setting property text
2026-07-14 11:14:13,960 [DEBUG] (uiparser.py:106) -> push QPushButton deleteBtn
2026-07-14 11:14:13,960 [DEBUG] (uiparser.py:120) -> pop widget QPushButton deleteBtn
2026-07-14 11:14:13,960 [DEBUG] (uiparser.py:128) -> new topwidget <client.windows.system.document_types.document_type_card.DocumentTypeCard object at 0x0000025D643676B0>
2026-07-14 11:14:13,960 [DEBUG] (uiparser.py:114) -> pop layout QHBoxLayout buttonsLayout
2026-07-14 11:14:13,960 [DEBUG] (uiparser.py:114) -> pop layout QHBoxLayout horizontalLayout
2026-07-14 11:14:13,960 [DEBUG] (uiparser.py:120) -> pop widget DocumentTypeCard DocumentTypeCard
2026-07-14 11:14:13,960 [DEBUG] (uiparser.py:128) -> new topwidget None
2026-07-14 11:14:13,961 [DEBUG] (uiparser.py:838) -> toplevel widget is DocumentTypeCard
2026-07-14 11:14:13,961 [DEBUG] (properties.py:415) -> setting property geometry
2026-07-14 11:14:13,961 [DEBUG] (properties.py:415) -> setting property minimumSize
2026-07-14 11:14:13,961 [DEBUG] (properties.py:415) -> setting property maximumSize
2026-07-14 11:14:13,961 [DEBUG] (properties.py:415) -> setting property styleSheet
2026-07-14 11:14:13,961 [DEBUG] (uiparser.py:106) -> push DocumentTypeCard DocumentTypeCard
2026-07-14 11:14:13,961 [DEBUG] (properties.py:415) -> setting property spacing
2026-07-14 11:14:13,961 [DEBUG] (properties.py:415) -> setting property leftMargin
2026-07-14 11:14:13,961 [DEBUG] (properties.py:415) -> setting property topMargin
2026-07-14 11:14:13,961 [DEBUG] (properties.py:415) -> setting property rightMargin
2026-07-14 11:14:13,961 [DEBUG] (properties.py:415) -> setting property bottomMargin
2026-07-14 11:14:13,961 [DEBUG] (properties.py:415) -> setting property pyuicMargins
2026-07-14 11:14:13,961 [DEBUG] (properties.py:415) -> setting property pyuicSpacing
2026-07-14 11:14:13,961 [DEBUG] (uiparser.py:106) -> push QHBoxLayout horizontalLayout
2026-07-14 11:14:13,961 [DEBUG] (properties.py:415) -> setting property spacing
2026-07-14 11:14:13,961 [DEBUG] (properties.py:415) -> setting property pyuicSpacing
2026-07-14 11:14:13,961 [DEBUG] (uiparser.py:106) -> push QHBoxLayout buttonsLayout
2026-07-14 11:14:13,961 [DEBUG] (properties.py:415) -> setting property spacing
2026-07-14 11:14:13,961 [DEBUG] (properties.py:415) -> setting property pyuicSpacing
2026-07-14 11:14:13,961 [DEBUG] (uiparser.py:106) -> push QVBoxLayout infoLayout_2
2026-07-14 11:14:13,962 [DEBUG] (properties.py:415) -> setting property styleSheet
2026-07-14 11:14:13,962 [DEBUG] (properties.py:415) -> setting property text
2026-07-14 11:14:13,962 [DEBUG] (uiparser.py:106) -> push QLabel nameLabel_2
2026-07-14 11:14:13,962 [DEBUG] (uiparser.py:120) -> pop widget QLabel nameLabel_2
2026-07-14 11:14:13,962 [DEBUG] (uiparser.py:128) -> new topwidget <client.windows.system.document_types.document_type_card.DocumentTypeCard object at 0x0000025D64367D90>
2026-07-14 11:14:13,962 [DEBUG] (properties.py:415) -> setting property styleSheet
2026-07-14 11:14:13,962 [DEBUG] (properties.py:415) -> setting property text
2026-07-14 11:14:13,962 [DEBUG] (uiparser.py:106) -> push QLabel fieldsCountLabel
2026-07-14 11:14:13,962 [DEBUG] (uiparser.py:120) -> pop widget QLabel fieldsCountLabel
2026-07-14 11:14:13,962 [DEBUG] (uiparser.py:128) -> new topwidget <client.windows.system.document_types.document_type_card.DocumentTypeCard object at 0x0000025D64367D90>
2026-07-14 11:14:13,962 [DEBUG] (properties.py:415) -> setting property styleSheet
2026-07-14 11:14:13,962 [DEBUG] (properties.py:415) -> setting property text
2026-07-14 11:14:13,962 [DEBUG] (uiparser.py:106) -> push QLabel autoNumLabel
2026-07-14 11:14:13,962 [DEBUG] (uiparser.py:120) -> pop widget QLabel autoNumLabel
2026-07-14 11:14:13,962 [DEBUG] (uiparser.py:128) -> new topwidget <client.windows.system.document_types.document_type_card.DocumentTypeCard object at 0x0000025D64367D90>
2026-07-14 11:14:13,962 [DEBUG] (properties.py:415) -> setting property styleSheet
2026-07-14 11:14:13,962 [DEBUG] (properties.py:415) -> setting property text
2026-07-14 11:14:13,962 [DEBUG] (uiparser.py:106) -> push QLabel docsCountLabel
2026-07-14 11:14:13,962 [DEBUG] (uiparser.py:120) -> pop widget QLabel docsCountLabel
2026-07-14 11:14:13,962 [DEBUG] (uiparser.py:128) -> new topwidget <client.windows.system.document_types.document_type_card.DocumentTypeCard object at 0x0000025D64367D90>
2026-07-14 11:14:13,962 [DEBUG] (uiparser.py:114) -> pop layout QVBoxLayout infoLayout_2
2026-07-14 11:14:13,962 [DEBUG] (properties.py:415) -> setting property minimumSize
2026-07-14 11:14:13,962 [DEBUG] (properties.py:415) -> setting property maximumSize
2026-07-14 11:14:13,962 [DEBUG] (properties.py:415) -> setting property cursor
2026-07-14 11:14:13,962 [DEBUG] (properties.py:415) -> setting property styleSheet
2026-07-14 11:14:13,962 [DEBUG] (properties.py:415) -> setting property text
2026-07-14 11:14:13,962 [DEBUG] (uiparser.py:106) -> push QPushButton editBtn
2026-07-14 11:14:13,962 [DEBUG] (uiparser.py:120) -> pop widget QPushButton editBtn
2026-07-14 11:14:13,962 [DEBUG] (uiparser.py:128) -> new topwidget <client.windows.system.document_types.document_type_card.DocumentTypeCard object at 0x0000025D64367D90>
2026-07-14 11:14:13,962 [DEBUG] (properties.py:415) -> setting property minimumSize
2026-07-14 11:14:13,962 [DEBUG] (properties.py:415) -> setting property maximumSize
2026-07-14 11:14:13,962 [DEBUG] (properties.py:415) -> setting property cursor
2026-07-14 11:14:13,962 [DEBUG] (properties.py:415) -> setting property styleSheet
2026-07-14 11:14:13,962 [DEBUG] (properties.py:415) -> setting property text
2026-07-14 11:14:13,962 [DEBUG] (uiparser.py:106) -> push QPushButton deleteBtn
2026-07-14 11:14:13,962 [DEBUG] (uiparser.py:120) -> pop widget QPushButton deleteBtn
2026-07-14 11:14:13,962 [DEBUG] (uiparser.py:128) -> new topwidget <client.windows.system.document_types.document_type_card.DocumentTypeCard object at 0x0000025D64367D90>
2026-07-14 11:14:13,962 [DEBUG] (uiparser.py:114) -> pop layout QHBoxLayout buttonsLayout
2026-07-14 11:14:13,962 [DEBUG] (uiparser.py:114) -> pop layout QHBoxLayout horizontalLayout
2026-07-14 11:14:13,962 [DEBUG] (uiparser.py:120) -> pop widget DocumentTypeCard DocumentTypeCard
2026-07-14 11:14:13,962 [DEBUG] (uiparser.py:128) -> new topwidget None
2026-07-14 11:14:13,964 [DEBUG] (uiparser.py:838) -> toplevel widget is DocumentTypeCard
2026-07-14 11:14:13,964 [DEBUG] (properties.py:415) -> setting property geometry
2026-07-14 11:14:13,964 [DEBUG] (properties.py:415) -> setting property minimumSize
2026-07-14 11:14:13,964 [DEBUG] (properties.py:415) -> setting property maximumSize
2026-07-14 11:14:13,964 [DEBUG] (properties.py:415) -> setting property styleSheet
2026-07-14 11:14:13,964 [DEBUG] (uiparser.py:106) -> push DocumentTypeCard DocumentTypeCard
2026-07-14 11:14:13,964 [DEBUG] (properties.py:415) -> setting property spacing
2026-07-14 11:14:13,964 [DEBUG] (properties.py:415) -> setting property leftMargin
2026-07-14 11:14:13,964 [DEBUG] (properties.py:415) -> setting property topMargin
2026-07-14 11:14:13,964 [DEBUG] (properties.py:415) -> setting property rightMargin
2026-07-14 11:14:13,964 [DEBUG] (properties.py:415) -> setting property bottomMargin
2026-07-14 11:14:13,964 [DEBUG] (properties.py:415) -> setting property pyuicMargins
2026-07-14 11:14:13,964 [DEBUG] (properties.py:415) -> setting property pyuicSpacing
2026-07-14 11:14:13,964 [DEBUG] (uiparser.py:106) -> push QHBoxLayout horizontalLayout
2026-07-14 11:14:13,964 [DEBUG] (properties.py:415) -> setting property spacing
2026-07-14 11:14:13,964 [DEBUG] (properties.py:415) -> setting property pyuicSpacing
2026-07-14 11:14:13,964 [DEBUG] (uiparser.py:106) -> push QHBoxLayout buttonsLayout
2026-07-14 11:14:13,964 [DEBUG] (properties.py:415) -> setting property spacing
2026-07-14 11:14:13,964 [DEBUG] (properties.py:415) -> setting property pyuicSpacing
2026-07-14 11:14:13,964 [DEBUG] (uiparser.py:106) -> push QVBoxLayout infoLayout_2
2026-07-14 11:14:13,964 [DEBUG] (properties.py:415) -> setting property styleSheet
2026-07-14 11:14:13,964 [DEBUG] (properties.py:415) -> setting property text
2026-07-14 11:14:13,964 [DEBUG] (uiparser.py:106) -> push QLabel nameLabel_2
2026-07-14 11:14:13,964 [DEBUG] (uiparser.py:120) -> pop widget QLabel nameLabel_2
2026-07-14 11:14:13,964 [DEBUG] (uiparser.py:128) -> new topwidget <client.windows.system.document_types.document_type_card.DocumentTypeCard object at 0x0000025D6436C4B0>
2026-07-14 11:14:13,964 [DEBUG] (properties.py:415) -> setting property styleSheet
2026-07-14 11:14:13,964 [DEBUG] (properties.py:415) -> setting property text
2026-07-14 11:14:13,964 [DEBUG] (uiparser.py:106) -> push QLabel fieldsCountLabel
2026-07-14 11:14:13,964 [DEBUG] (uiparser.py:120) -> pop widget QLabel fieldsCountLabel
2026-07-14 11:14:13,964 [DEBUG] (uiparser.py:128) -> new topwidget <client.windows.system.document_types.document_type_card.DocumentTypeCard object at 0x0000025D6436C4B0>
2026-07-14 11:14:13,964 [DEBUG] (properties.py:415) -> setting property styleSheet
2026-07-14 11:14:13,964 [DEBUG] (properties.py:415) -> setting property text
2026-07-14 11:14:13,964 [DEBUG] (uiparser.py:106) -> push QLabel autoNumLabel
2026-07-14 11:14:13,964 [DEBUG] (uiparser.py:120) -> pop widget QLabel autoNumLabel
2026-07-14 11:14:13,964 [DEBUG] (uiparser.py:128) -> new topwidget <client.windows.system.document_types.document_type_card.DocumentTypeCard object at 0x0000025D6436C4B0>
2026-07-14 11:14:13,964 [DEBUG] (properties.py:415) -> setting property styleSheet
2026-07-14 11:14:13,964 [DEBUG] (properties.py:415) -> setting property text
2026-07-14 11:14:13,965 [DEBUG] (uiparser.py:106) -> push QLabel docsCountLabel
2026-07-14 11:14:13,965 [DEBUG] (uiparser.py:120) -> pop widget QLabel docsCountLabel
2026-07-14 11:14:13,965 [DEBUG] (uiparser.py:128) -> new topwidget <client.windows.system.document_types.document_type_card.DocumentTypeCard object at 0x0000025D6436C4B0>
2026-07-14 11:14:13,965 [DEBUG] (uiparser.py:114) -> pop layout QVBoxLayout infoLayout_2
2026-07-14 11:14:13,965 [DEBUG] (properties.py:415) -> setting property minimumSize
2026-07-14 11:14:13,965 [DEBUG] (properties.py:415) -> setting property maximumSize
2026-07-14 11:14:13,965 [DEBUG] (properties.py:415) -> setting property cursor
2026-07-14 11:14:13,965 [DEBUG] (properties.py:415) -> setting property styleSheet
2026-07-14 11:14:13,965 [DEBUG] (properties.py:415) -> setting property text
2026-07-14 11:14:13,965 [DEBUG] (uiparser.py:106) -> push QPushButton editBtn
2026-07-14 11:14:13,965 [DEBUG] (uiparser.py:120) -> pop widget QPushButton editBtn
2026-07-14 11:14:13,965 [DEBUG] (uiparser.py:128) -> new topwidget <client.windows.system.document_types.document_type_card.DocumentTypeCard object at 0x0000025D6436C4B0>
2026-07-14 11:14:13,965 [DEBUG] (properties.py:415) -> setting property minimumSize
2026-07-14 11:14:13,965 [DEBUG] (properties.py:415) -> setting property maximumSize
2026-07-14 11:14:13,965 [DEBUG] (properties.py:415) -> setting property cursor
2026-07-14 11:14:13,965 [DEBUG] (properties.py:415) -> setting property styleSheet
2026-07-14 11:14:13,965 [DEBUG] (properties.py:415) -> setting property text
2026-07-14 11:14:13,965 [DEBUG] (uiparser.py:106) -> push QPushButton deleteBtn
2026-07-14 11:14:13,965 [DEBUG] (uiparser.py:120) -> pop widget QPushButton deleteBtn
2026-07-14 11:14:13,965 [DEBUG] (uiparser.py:128) -> new topwidget <client.windows.system.document_types.document_type_card.DocumentTypeCard object at 0x0000025D6436C4B0>
2026-07-14 11:14:13,965 [DEBUG] (uiparser.py:114) -> pop layout QHBoxLayout buttonsLayout
2026-07-14 11:14:13,965 [DEBUG] (uiparser.py:114) -> pop layout QHBoxLayout horizontalLayout
2026-07-14 11:14:13,965 [DEBUG] (uiparser.py:120) -> pop widget DocumentTypeCard DocumentTypeCard
2026-07-14 11:14:13,965 [DEBUG] (uiparser.py:128) -> new topwidget None
2026-07-14 11:14:13,966 [DEBUG] (uiparser.py:838) -> toplevel widget is DocumentTypeCard
2026-07-14 11:14:13,966 [DEBUG] (properties.py:415) -> setting property geometry
2026-07-14 11:14:13,966 [DEBUG] (properties.py:415) -> setting property minimumSize
2026-07-14 11:14:13,966 [DEBUG] (properties.py:415) -> setting property maximumSize
2026-07-14 11:14:13,966 [DEBUG] (properties.py:415) -> setting property styleSheet
2026-07-14 11:14:13,967 [DEBUG] (uiparser.py:106) -> push DocumentTypeCard DocumentTypeCard
2026-07-14 11:14:13,967 [DEBUG] (properties.py:415) -> setting property spacing
2026-07-14 11:14:13,967 [DEBUG] (properties.py:415) -> setting property leftMargin
2026-07-14 11:14:13,967 [DEBUG] (properties.py:415) -> setting property topMargin
2026-07-14 11:14:13,967 [DEBUG] (properties.py:415) -> setting property rightMargin
2026-07-14 11:14:13,967 [DEBUG] (properties.py:415) -> setting property bottomMargin
2026-07-14 11:14:13,967 [DEBUG] (properties.py:415) -> setting property pyuicMargins
2026-07-14 11:14:13,967 [DEBUG] (properties.py:415) -> setting property pyuicSpacing
2026-07-14 11:14:13,967 [DEBUG] (uiparser.py:106) -> push QHBoxLayout horizontalLayout
2026-07-14 11:14:13,967 [DEBUG] (properties.py:415) -> setting property spacing
2026-07-14 11:14:13,967 [DEBUG] (properties.py:415) -> setting property pyuicSpacing
2026-07-14 11:14:13,967 [DEBUG] (uiparser.py:106) -> push QHBoxLayout buttonsLayout
2026-07-14 11:14:13,967 [DEBUG] (properties.py:415) -> setting property spacing
2026-07-14 11:14:13,967 [DEBUG] (properties.py:415) -> setting property pyuicSpacing
2026-07-14 11:14:13,967 [DEBUG] (uiparser.py:106) -> push QVBoxLayout infoLayout_2
2026-07-14 11:14:13,967 [DEBUG] (properties.py:415) -> setting property styleSheet
2026-07-14 11:14:13,967 [DEBUG] (properties.py:415) -> setting property text
2026-07-14 11:14:13,967 [DEBUG] (uiparser.py:106) -> push QLabel nameLabel_2
2026-07-14 11:14:13,967 [DEBUG] (uiparser.py:120) -> pop widget QLabel nameLabel_2
2026-07-14 11:14:13,967 [DEBUG] (uiparser.py:128) -> new topwidget <client.windows.system.document_types.document_type_card.DocumentTypeCard object at 0x0000025D6436CB90>
2026-07-14 11:14:13,967 [DEBUG] (properties.py:415) -> setting property styleSheet
2026-07-14 11:14:13,967 [DEBUG] (properties.py:415) -> setting property text
2026-07-14 11:14:13,967 [DEBUG] (uiparser.py:106) -> push QLabel fieldsCountLabel
2026-07-14 11:14:13,967 [DEBUG] (uiparser.py:120) -> pop widget QLabel fieldsCountLabel
2026-07-14 11:14:13,967 [DEBUG] (uiparser.py:128) -> new topwidget <client.windows.system.document_types.document_type_card.DocumentTypeCard object at 0x0000025D6436CB90>
2026-07-14 11:14:13,967 [DEBUG] (properties.py:415) -> setting property styleSheet
2026-07-14 11:14:13,967 [DEBUG] (properties.py:415) -> setting property text
2026-07-14 11:14:13,967 [DEBUG] (uiparser.py:106) -> push QLabel autoNumLabel
2026-07-14 11:14:13,967 [DEBUG] (uiparser.py:120) -> pop widget QLabel autoNumLabel
2026-07-14 11:14:13,967 [DEBUG] (uiparser.py:128) -> new topwidget <client.windows.system.document_types.document_type_card.DocumentTypeCard object at 0x0000025D6436CB90>
2026-07-14 11:14:13,967 [DEBUG] (properties.py:415) -> setting property styleSheet
2026-07-14 11:14:13,967 [DEBUG] (properties.py:415) -> setting property text
2026-07-14 11:14:13,967 [DEBUG] (uiparser.py:106) -> push QLabel docsCountLabel
2026-07-14 11:14:13,967 [DEBUG] (uiparser.py:120) -> pop widget QLabel docsCountLabel
2026-07-14 11:14:13,967 [DEBUG] (uiparser.py:128) -> new topwidget <client.windows.system.document_types.document_type_card.DocumentTypeCard object at 0x0000025D6436CB90>
2026-07-14 11:14:13,967 [DEBUG] (uiparser.py:114) -> pop layout QVBoxLayout infoLayout_2
2026-07-14 11:14:13,967 [DEBUG] (properties.py:415) -> setting property minimumSize
2026-07-14 11:14:13,967 [DEBUG] (properties.py:415) -> setting property maximumSize
2026-07-14 11:14:13,967 [DEBUG] (properties.py:415) -> setting property cursor
2026-07-14 11:14:13,967 [DEBUG] (properties.py:415) -> setting property styleSheet
2026-07-14 11:14:13,967 [DEBUG] (properties.py:415) -> setting property text
2026-07-14 11:14:13,967 [DEBUG] (uiparser.py:106) -> push QPushButton editBtn
2026-07-14 11:14:13,967 [DEBUG] (uiparser.py:120) -> pop widget QPushButton editBtn
2026-07-14 11:14:13,967 [DEBUG] (uiparser.py:128) -> new topwidget <client.windows.system.document_types.document_type_card.DocumentTypeCard object at 0x0000025D6436CB90>
2026-07-14 11:14:13,967 [DEBUG] (properties.py:415) -> setting property minimumSize
2026-07-14 11:14:13,967 [DEBUG] (properties.py:415) -> setting property maximumSize
2026-07-14 11:14:13,967 [DEBUG] (properties.py:415) -> setting property cursor
2026-07-14 11:14:13,968 [DEBUG] (properties.py:415) -> setting property styleSheet
2026-07-14 11:14:13,968 [DEBUG] (properties.py:415) -> setting property text
2026-07-14 11:14:13,968 [DEBUG] (uiparser.py:106) -> push QPushButton deleteBtn
2026-07-14 11:14:13,968 [DEBUG] (uiparser.py:120) -> pop widget QPushButton deleteBtn
2026-07-14 11:14:13,968 [DEBUG] (uiparser.py:128) -> new topwidget <client.windows.system.document_types.document_type_card.DocumentTypeCard object at 0x0000025D6436CB90>
2026-07-14 11:14:13,968 [DEBUG] (uiparser.py:114) -> pop layout QHBoxLayout buttonsLayout
2026-07-14 11:14:13,968 [DEBUG] (uiparser.py:114) -> pop layout QHBoxLayout horizontalLayout
2026-07-14 11:14:13,968 [DEBUG] (uiparser.py:120) -> pop widget DocumentTypeCard DocumentTypeCard
2026-07-14 11:14:13,968 [DEBUG] (uiparser.py:128) -> new topwidget None
2026-07-14 11:14:13,969 [DEBUG] (uiparser.py:838) -> toplevel widget is DocumentTypeCard
2026-07-14 11:14:13,969 [DEBUG] (properties.py:415) -> setting property geometry
2026-07-14 11:14:13,969 [DEBUG] (properties.py:415) -> setting property minimumSize
2026-07-14 11:14:13,969 [DEBUG] (properties.py:415) -> setting property maximumSize
2026-07-14 11:14:13,969 [DEBUG] (properties.py:415) -> setting property styleSheet
2026-07-14 11:14:13,969 [DEBUG] (uiparser.py:106) -> push DocumentTypeCard DocumentTypeCard
2026-07-14 11:14:13,969 [DEBUG] (properties.py:415) -> setting property spacing
2026-07-14 11:14:13,969 [DEBUG] (properties.py:415) -> setting property leftMargin
2026-07-14 11:14:13,969 [DEBUG] (properties.py:415) -> setting property topMargin
2026-07-14 11:14:13,969 [DEBUG] (properties.py:415) -> setting property rightMargin
2026-07-14 11:14:13,969 [DEBUG] (properties.py:415) -> setting property bottomMargin
2026-07-14 11:14:13,969 [DEBUG] (properties.py:415) -> setting property pyuicMargins
2026-07-14 11:14:13,969 [DEBUG] (properties.py:415) -> setting property pyuicSpacing
2026-07-14 11:14:13,969 [DEBUG] (uiparser.py:106) -> push QHBoxLayout horizontalLayout
2026-07-14 11:14:13,969 [DEBUG] (properties.py:415) -> setting property spacing
2026-07-14 11:14:13,969 [DEBUG] (properties.py:415) -> setting property pyuicSpacing
2026-07-14 11:14:13,969 [DEBUG] (uiparser.py:106) -> push QHBoxLayout buttonsLayout
2026-07-14 11:14:13,969 [DEBUG] (properties.py:415) -> setting property spacing
2026-07-14 11:14:13,969 [DEBUG] (properties.py:415) -> setting property pyuicSpacing
2026-07-14 11:14:13,969 [DEBUG] (uiparser.py:106) -> push QVBoxLayout infoLayout_2
2026-07-14 11:14:13,969 [DEBUG] (properties.py:415) -> setting property styleSheet
2026-07-14 11:14:13,969 [DEBUG] (properties.py:415) -> setting property text
2026-07-14 11:14:13,970 [DEBUG] (uiparser.py:106) -> push QLabel nameLabel_2
2026-07-14 11:14:13,970 [DEBUG] (uiparser.py:120) -> pop widget QLabel nameLabel_2
2026-07-14 11:14:13,970 [DEBUG] (uiparser.py:128) -> new topwidget <client.windows.system.document_types.document_type_card.DocumentTypeCard object at 0x0000025D6436D270>
2026-07-14 11:14:13,970 [DEBUG] (properties.py:415) -> setting property styleSheet
2026-07-14 11:14:13,970 [DEBUG] (properties.py:415) -> setting property text
2026-07-14 11:14:13,970 [DEBUG] (uiparser.py:106) -> push QLabel fieldsCountLabel
2026-07-14 11:14:13,970 [DEBUG] (uiparser.py:120) -> pop widget QLabel fieldsCountLabel
2026-07-14 11:14:13,970 [DEBUG] (uiparser.py:128) -> new topwidget <client.windows.system.document_types.document_type_card.DocumentTypeCard object at 0x0000025D6436D270>
2026-07-14 11:14:13,970 [DEBUG] (properties.py:415) -> setting property styleSheet
2026-07-14 11:14:13,970 [DEBUG] (properties.py:415) -> setting property text
2026-07-14 11:14:13,970 [DEBUG] (uiparser.py:106) -> push QLabel autoNumLabel
2026-07-14 11:14:13,970 [DEBUG] (uiparser.py:120) -> pop widget QLabel autoNumLabel
2026-07-14 11:14:13,970 [DEBUG] (uiparser.py:128) -> new topwidget <client.windows.system.document_types.document_type_card.DocumentTypeCard object at 0x0000025D6436D270>
2026-07-14 11:14:13,970 [DEBUG] (properties.py:415) -> setting property styleSheet
2026-07-14 11:14:13,970 [DEBUG] (properties.py:415) -> setting property text
2026-07-14 11:14:13,970 [DEBUG] (uiparser.py:106) -> push QLabel docsCountLabel
2026-07-14 11:14:13,970 [DEBUG] (uiparser.py:120) -> pop widget QLabel docsCountLabel
2026-07-14 11:14:13,970 [DEBUG] (uiparser.py:128) -> new topwidget <client.windows.system.document_types.document_type_card.DocumentTypeCard object at 0x0000025D6436D270>
2026-07-14 11:14:13,970 [DEBUG] (uiparser.py:114) -> pop layout QVBoxLayout infoLayout_2
2026-07-14 11:14:13,970 [DEBUG] (properties.py:415) -> setting property minimumSize
2026-07-14 11:14:13,970 [DEBUG] (properties.py:415) -> setting property maximumSize
2026-07-14 11:14:13,970 [DEBUG] (properties.py:415) -> setting property cursor
2026-07-14 11:14:13,970 [DEBUG] (properties.py:415) -> setting property styleSheet
2026-07-14 11:14:13,971 [DEBUG] (properties.py:415) -> setting property text
2026-07-14 11:14:13,971 [DEBUG] (uiparser.py:106) -> push QPushButton editBtn
2026-07-14 11:14:13,971 [DEBUG] (uiparser.py:120) -> pop widget QPushButton editBtn
2026-07-14 11:14:13,971 [DEBUG] (uiparser.py:128) -> new topwidget <client.windows.system.document_types.document_type_card.DocumentTypeCard object at 0x0000025D6436D270>
2026-07-14 11:14:13,971 [DEBUG] (properties.py:415) -> setting property minimumSize
2026-07-14 11:14:13,971 [DEBUG] (properties.py:415) -> setting property maximumSize
2026-07-14 11:14:13,971 [DEBUG] (properties.py:415) -> setting property cursor
2026-07-14 11:14:13,971 [DEBUG] (properties.py:415) -> setting property styleSheet
2026-07-14 11:14:13,971 [DEBUG] (properties.py:415) -> setting property text
2026-07-14 11:14:13,971 [DEBUG] (uiparser.py:106) -> push QPushButton deleteBtn
2026-07-14 11:14:13,971 [DEBUG] (uiparser.py:120) -> pop widget QPushButton deleteBtn
2026-07-14 11:14:13,971 [DEBUG] (uiparser.py:128) -> new topwidget <client.windows.system.document_types.document_type_card.DocumentTypeCard object at 0x0000025D6436D270>
2026-07-14 11:14:13,971 [DEBUG] (uiparser.py:114) -> pop layout QHBoxLayout buttonsLayout
2026-07-14 11:14:13,971 [DEBUG] (uiparser.py:114) -> pop layout QHBoxLayout horizontalLayout
2026-07-14 11:14:13,971 [DEBUG] (uiparser.py:120) -> pop widget DocumentTypeCard DocumentTypeCard
2026-07-14 11:14:13,971 [DEBUG] (uiparser.py:128) -> new topwidget None
2026-07-14 11:14:13,972 [DEBUG] (uiparser.py:838) -> toplevel widget is DocumentTypeCard
2026-07-14 11:14:13,972 [DEBUG] (properties.py:415) -> setting property geometry
2026-07-14 11:14:13,972 [DEBUG] (properties.py:415) -> setting property minimumSize
2026-07-14 11:14:13,972 [DEBUG] (properties.py:415) -> setting property maximumSize
2026-07-14 11:14:13,972 [DEBUG] (properties.py:415) -> setting property styleSheet
2026-07-14 11:14:13,972 [DEBUG] (uiparser.py:106) -> push DocumentTypeCard DocumentTypeCard
2026-07-14 11:14:13,972 [DEBUG] (properties.py:415) -> setting property spacing
2026-07-14 11:14:13,972 [DEBUG] (properties.py:415) -> setting property leftMargin
2026-07-14 11:14:13,972 [DEBUG] (properties.py:415) -> setting property topMargin
2026-07-14 11:14:13,972 [DEBUG] (properties.py:415) -> setting property rightMargin
2026-07-14 11:14:13,972 [DEBUG] (properties.py:415) -> setting property bottomMargin
2026-07-14 11:14:13,973 [DEBUG] (properties.py:415) -> setting property pyuicMargins
2026-07-14 11:14:13,973 [DEBUG] (properties.py:415) -> setting property pyuicSpacing
2026-07-14 11:14:13,973 [DEBUG] (uiparser.py:106) -> push QHBoxLayout horizontalLayout
2026-07-14 11:14:13,973 [DEBUG] (properties.py:415) -> setting property spacing
2026-07-14 11:14:13,973 [DEBUG] (properties.py:415) -> setting property pyuicSpacing
2026-07-14 11:14:13,973 [DEBUG] (uiparser.py:106) -> push QHBoxLayout buttonsLayout
2026-07-14 11:14:13,973 [DEBUG] (properties.py:415) -> setting property spacing
2026-07-14 11:14:13,973 [DEBUG] (properties.py:415) -> setting property pyuicSpacing
2026-07-14 11:14:13,973 [DEBUG] (uiparser.py:106) -> push QVBoxLayout infoLayout_2
2026-07-14 11:14:13,973 [DEBUG] (properties.py:415) -> setting property styleSheet
2026-07-14 11:14:13,973 [DEBUG] (properties.py:415) -> setting property text
2026-07-14 11:14:13,973 [DEBUG] (uiparser.py:106) -> push QLabel nameLabel_2
2026-07-14 11:14:13,973 [DEBUG] (uiparser.py:120) -> pop widget QLabel nameLabel_2
2026-07-14 11:14:13,973 [DEBUG] (uiparser.py:128) -> new topwidget <client.windows.system.document_types.document_type_card.DocumentTypeCard object at 0x0000025D6436D950>
2026-07-14 11:14:13,973 [DEBUG] (properties.py:415) -> setting property styleSheet
2026-07-14 11:14:13,973 [DEBUG] (properties.py:415) -> setting property text
2026-07-14 11:14:13,973 [DEBUG] (uiparser.py:106) -> push QLabel fieldsCountLabel
2026-07-14 11:14:13,973 [DEBUG] (uiparser.py:120) -> pop widget QLabel fieldsCountLabel
2026-07-14 11:14:13,973 [DEBUG] (uiparser.py:128) -> new topwidget <client.windows.system.document_types.document_type_card.DocumentTypeCard object at 0x0000025D6436D950>
2026-07-14 11:14:13,973 [DEBUG] (properties.py:415) -> setting property styleSheet
2026-07-14 11:14:13,973 [DEBUG] (properties.py:415) -> setting property text
2026-07-14 11:14:13,973 [DEBUG] (uiparser.py:106) -> push QLabel autoNumLabel
2026-07-14 11:14:13,973 [DEBUG] (uiparser.py:120) -> pop widget QLabel autoNumLabel
2026-07-14 11:14:13,973 [DEBUG] (uiparser.py:128) -> new topwidget <client.windows.system.document_types.document_type_card.DocumentTypeCard object at 0x0000025D6436D950>
2026-07-14 11:14:13,973 [DEBUG] (properties.py:415) -> setting property styleSheet
2026-07-14 11:14:13,973 [DEBUG] (properties.py:415) -> setting property text
2026-07-14 11:14:13,973 [DEBUG] (uiparser.py:106) -> push QLabel docsCountLabel
2026-07-14 11:14:13,973 [DEBUG] (uiparser.py:120) -> pop widget QLabel docsCountLabel
2026-07-14 11:14:13,973 [DEBUG] (uiparser.py:128) -> new topwidget <client.windows.system.document_types.document_type_card.DocumentTypeCard object at 0x0000025D6436D950>
2026-07-14 11:14:13,973 [DEBUG] (uiparser.py:114) -> pop layout QVBoxLayout infoLayout_2
2026-07-14 11:14:13,973 [DEBUG] (properties.py:415) -> setting property minimumSize
2026-07-14 11:14:13,973 [DEBUG] (properties.py:415) -> setting property maximumSize
2026-07-14 11:14:13,973 [DEBUG] (properties.py:415) -> setting property cursor
2026-07-14 11:14:13,973 [DEBUG] (properties.py:415) -> setting property styleSheet
2026-07-14 11:14:13,973 [DEBUG] (properties.py:415) -> setting property text
2026-07-14 11:14:13,973 [DEBUG] (uiparser.py:106) -> push QPushButton editBtn
2026-07-14 11:14:13,973 [DEBUG] (uiparser.py:120) -> pop widget QPushButton editBtn
2026-07-14 11:14:13,973 [DEBUG] (uiparser.py:128) -> new topwidget <client.windows.system.document_types.document_type_card.DocumentTypeCard object at 0x0000025D6436D950>
2026-07-14 11:14:13,973 [DEBUG] (properties.py:415) -> setting property minimumSize
2026-07-14 11:14:13,973 [DEBUG] (properties.py:415) -> setting property maximumSize
2026-07-14 11:14:13,973 [DEBUG] (properties.py:415) -> setting property cursor
2026-07-14 11:14:13,973 [DEBUG] (properties.py:415) -> setting property styleSheet
2026-07-14 11:14:13,973 [DEBUG] (properties.py:415) -> setting property text
2026-07-14 11:14:13,973 [DEBUG] (uiparser.py:106) -> push QPushButton deleteBtn
2026-07-14 11:14:13,973 [DEBUG] (uiparser.py:120) -> pop widget QPushButton deleteBtn
2026-07-14 11:14:13,973 [DEBUG] (uiparser.py:128) -> new topwidget <client.windows.system.document_types.document_type_card.DocumentTypeCard object at 0x0000025D6436D950>
2026-07-14 11:14:13,974 [DEBUG] (uiparser.py:114) -> pop layout QHBoxLayout buttonsLayout
2026-07-14 11:14:13,974 [DEBUG] (uiparser.py:114) -> pop layout QHBoxLayout horizontalLayout
2026-07-14 11:14:13,975 [DEBUG] (uiparser.py:120) -> pop widget DocumentTypeCard DocumentTypeCard
2026-07-14 11:14:13,975 [DEBUG] (uiparser.py:128) -> new topwidget None
2026-07-14 11:14:13,976 [DEBUG] (uiparser.py:838) -> toplevel widget is DocumentTypeCard
2026-07-14 11:14:13,976 [DEBUG] (properties.py:415) -> setting property geometry
2026-07-14 11:14:13,976 [DEBUG] (properties.py:415) -> setting property minimumSize
2026-07-14 11:14:13,976 [DEBUG] (properties.py:415) -> setting property maximumSize
2026-07-14 11:14:13,976 [DEBUG] (properties.py:415) -> setting property styleSheet
2026-07-14 11:14:13,976 [DEBUG] (uiparser.py:106) -> push DocumentTypeCard DocumentTypeCard
2026-07-14 11:14:13,976 [DEBUG] (properties.py:415) -> setting property spacing
2026-07-14 11:14:13,976 [DEBUG] (properties.py:415) -> setting property leftMargin
2026-07-14 11:14:13,976 [DEBUG] (properties.py:415) -> setting property topMargin
2026-07-14 11:14:13,976 [DEBUG] (properties.py:415) -> setting property rightMargin
2026-07-14 11:14:13,976 [DEBUG] (properties.py:415) -> setting property bottomMargin
2026-07-14 11:14:13,976 [DEBUG] (properties.py:415) -> setting property pyuicMargins
2026-07-14 11:14:13,976 [DEBUG] (properties.py:415) -> setting property pyuicSpacing
2026-07-14 11:14:13,976 [DEBUG] (uiparser.py:106) -> push QHBoxLayout horizontalLayout
2026-07-14 11:14:13,976 [DEBUG] (properties.py:415) -> setting property spacing
2026-07-14 11:14:13,976 [DEBUG] (properties.py:415) -> setting property pyuicSpacing
2026-07-14 11:14:13,976 [DEBUG] (uiparser.py:106) -> push QHBoxLayout buttonsLayout
2026-07-14 11:14:13,976 [DEBUG] (properties.py:415) -> setting property spacing
2026-07-14 11:14:13,976 [DEBUG] (properties.py:415) -> setting property pyuicSpacing
2026-07-14 11:14:13,976 [DEBUG] (uiparser.py:106) -> push QVBoxLayout infoLayout_2
2026-07-14 11:14:13,976 [DEBUG] (properties.py:415) -> setting property styleSheet
2026-07-14 11:14:13,977 [DEBUG] (properties.py:415) -> setting property text
2026-07-14 11:14:13,977 [DEBUG] (uiparser.py:106) -> push QLabel nameLabel_2
2026-07-14 11:14:13,977 [DEBUG] (uiparser.py:120) -> pop widget QLabel nameLabel_2
2026-07-14 11:14:13,977 [DEBUG] (uiparser.py:128) -> new topwidget <client.windows.system.document_types.document_type_card.DocumentTypeCard object at 0x0000025D6436E030>
2026-07-14 11:14:13,977 [DEBUG] (properties.py:415) -> setting property styleSheet
2026-07-14 11:14:13,977 [DEBUG] (properties.py:415) -> setting property text
2026-07-14 11:14:13,977 [DEBUG] (uiparser.py:106) -> push QLabel fieldsCountLabel
2026-07-14 11:14:13,977 [DEBUG] (uiparser.py:120) -> pop widget QLabel fieldsCountLabel
2026-07-14 11:14:13,977 [DEBUG] (uiparser.py:128) -> new topwidget <client.windows.system.document_types.document_type_card.DocumentTypeCard object at 0x0000025D6436E030>
2026-07-14 11:14:13,977 [DEBUG] (properties.py:415) -> setting property styleSheet
2026-07-14 11:14:13,977 [DEBUG] (properties.py:415) -> setting property text
2026-07-14 11:14:13,977 [DEBUG] (uiparser.py:106) -> push QLabel autoNumLabel
2026-07-14 11:14:13,977 [DEBUG] (uiparser.py:120) -> pop widget QLabel autoNumLabel
2026-07-14 11:14:13,977 [DEBUG] (uiparser.py:128) -> new topwidget <client.windows.system.document_types.document_type_card.DocumentTypeCard object at 0x0000025D6436E030>
2026-07-14 11:14:13,977 [DEBUG] (properties.py:415) -> setting property styleSheet
2026-07-14 11:14:13,977 [DEBUG] (properties.py:415) -> setting property text
2026-07-14 11:14:13,977 [DEBUG] (uiparser.py:106) -> push QLabel docsCountLabel
2026-07-14 11:14:13,977 [DEBUG] (uiparser.py:120) -> pop widget QLabel docsCountLabel
2026-07-14 11:14:13,977 [DEBUG] (uiparser.py:128) -> new topwidget <client.windows.system.document_types.document_type_card.DocumentTypeCard object at 0x0000025D6436E030>
2026-07-14 11:14:13,977 [DEBUG] (uiparser.py:114) -> pop layout QVBoxLayout infoLayout_2
2026-07-14 11:14:13,977 [DEBUG] (properties.py:415) -> setting property minimumSize
2026-07-14 11:14:13,977 [DEBUG] (properties.py:415) -> setting property maximumSize
2026-07-14 11:14:13,977 [DEBUG] (properties.py:415) -> setting property cursor
2026-07-14 11:14:13,977 [DEBUG] (properties.py:415) -> setting property styleSheet
2026-07-14 11:14:13,977 [DEBUG] (properties.py:415) -> setting property text
2026-07-14 11:14:13,977 [DEBUG] (uiparser.py:106) -> push QPushButton editBtn
2026-07-14 11:14:13,977 [DEBUG] (uiparser.py:120) -> pop widget QPushButton editBtn
2026-07-14 11:14:13,977 [DEBUG] (uiparser.py:128) -> new topwidget <client.windows.system.document_types.document_type_card.DocumentTypeCard object at 0x0000025D6436E030>
2026-07-14 11:14:13,977 [DEBUG] (properties.py:415) -> setting property minimumSize
2026-07-14 11:14:13,977 [DEBUG] (properties.py:415) -> setting property maximumSize
2026-07-14 11:14:13,977 [DEBUG] (properties.py:415) -> setting property cursor
2026-07-14 11:14:13,977 [DEBUG] (properties.py:415) -> setting property styleSheet
2026-07-14 11:14:13,977 [DEBUG] (properties.py:415) -> setting property text
2026-07-14 11:14:13,977 [DEBUG] (uiparser.py:106) -> push QPushButton deleteBtn
2026-07-14 11:14:13,977 [DEBUG] (uiparser.py:120) -> pop widget QPushButton deleteBtn
2026-07-14 11:14:13,977 [DEBUG] (uiparser.py:128) -> new topwidget <client.windows.system.document_types.document_type_card.DocumentTypeCard object at 0x0000025D6436E030>
2026-07-14 11:14:13,977 [DEBUG] (uiparser.py:114) -> pop layout QHBoxLayout buttonsLayout
2026-07-14 11:14:13,977 [DEBUG] (uiparser.py:114) -> pop layout QHBoxLayout horizontalLayout
2026-07-14 11:14:13,977 [DEBUG] (uiparser.py:120) -> pop widget DocumentTypeCard DocumentTypeCard
2026-07-14 11:14:13,977 [DEBUG] (uiparser.py:128) -> new topwidget None
2026-07-14 11:14:13,979 [DEBUG] (uiparser.py:838) -> toplevel widget is DocumentTypeCard
2026-07-14 11:14:13,979 [DEBUG] (properties.py:415) -> setting property geometry
2026-07-14 11:14:13,979 [DEBUG] (properties.py:415) -> setting property minimumSize
2026-07-14 11:14:13,979 [DEBUG] (properties.py:415) -> setting property maximumSize
2026-07-14 11:14:13,979 [DEBUG] (properties.py:415) -> setting property styleSheet
2026-07-14 11:14:13,979 [DEBUG] (uiparser.py:106) -> push DocumentTypeCard DocumentTypeCard
2026-07-14 11:14:13,979 [DEBUG] (properties.py:415) -> setting property spacing
2026-07-14 11:14:13,979 [DEBUG] (properties.py:415) -> setting property leftMargin
2026-07-14 11:14:13,979 [DEBUG] (properties.py:415) -> setting property topMargin
2026-07-14 11:14:13,979 [DEBUG] (properties.py:415) -> setting property rightMargin
2026-07-14 11:14:13,979 [DEBUG] (properties.py:415) -> setting property bottomMargin
2026-07-14 11:14:13,979 [DEBUG] (properties.py:415) -> setting property pyuicMargins
2026-07-14 11:14:13,979 [DEBUG] (properties.py:415) -> setting property pyuicSpacing
2026-07-14 11:14:13,979 [DEBUG] (uiparser.py:106) -> push QHBoxLayout horizontalLayout
2026-07-14 11:14:13,979 [DEBUG] (properties.py:415) -> setting property spacing
2026-07-14 11:14:13,979 [DEBUG] (properties.py:415) -> setting property pyuicSpacing
2026-07-14 11:14:13,979 [DEBUG] (uiparser.py:106) -> push QHBoxLayout buttonsLayout
2026-07-14 11:14:13,979 [DEBUG] (properties.py:415) -> setting property spacing
2026-07-14 11:14:13,979 [DEBUG] (properties.py:415) -> setting property pyuicSpacing
2026-07-14 11:14:13,979 [DEBUG] (uiparser.py:106) -> push QVBoxLayout infoLayout_2
2026-07-14 11:14:13,979 [DEBUG] (properties.py:415) -> setting property styleSheet
2026-07-14 11:14:13,979 [DEBUG] (properties.py:415) -> setting property text
2026-07-14 11:14:13,979 [DEBUG] (uiparser.py:106) -> push QLabel nameLabel_2
2026-07-14 11:14:13,979 [DEBUG] (uiparser.py:120) -> pop widget QLabel nameLabel_2
2026-07-14 11:14:13,979 [DEBUG] (uiparser.py:128) -> new topwidget <client.windows.system.document_types.document_type_card.DocumentTypeCard object at 0x0000025D6436E710>
2026-07-14 11:14:13,979 [DEBUG] (properties.py:415) -> setting property styleSheet
2026-07-14 11:14:13,979 [DEBUG] (properties.py:415) -> setting property text
2026-07-14 11:14:13,979 [DEBUG] (uiparser.py:106) -> push QLabel fieldsCountLabel
2026-07-14 11:14:13,979 [DEBUG] (uiparser.py:120) -> pop widget QLabel fieldsCountLabel
2026-07-14 11:14:13,979 [DEBUG] (uiparser.py:128) -> new topwidget <client.windows.system.document_types.document_type_card.DocumentTypeCard object at 0x0000025D6436E710>
2026-07-14 11:14:13,979 [DEBUG] (properties.py:415) -> setting property styleSheet
2026-07-14 11:14:13,979 [DEBUG] (properties.py:415) -> setting property text
2026-07-14 11:14:13,979 [DEBUG] (uiparser.py:106) -> push QLabel autoNumLabel
2026-07-14 11:14:13,979 [DEBUG] (uiparser.py:120) -> pop widget QLabel autoNumLabel
2026-07-14 11:14:13,979 [DEBUG] (uiparser.py:128) -> new topwidget <client.windows.system.document_types.document_type_card.DocumentTypeCard object at 0x0000025D6436E710>
2026-07-14 11:14:13,979 [DEBUG] (properties.py:415) -> setting property styleSheet
2026-07-14 11:14:13,979 [DEBUG] (properties.py:415) -> setting property text
2026-07-14 11:14:13,979 [DEBUG] (uiparser.py:106) -> push QLabel docsCountLabel
2026-07-14 11:14:13,979 [DEBUG] (uiparser.py:120) -> pop widget QLabel docsCountLabel
2026-07-14 11:14:13,979 [DEBUG] (uiparser.py:128) -> new topwidget <client.windows.system.document_types.document_type_card.DocumentTypeCard object at 0x0000025D6436E710>
2026-07-14 11:14:13,979 [DEBUG] (uiparser.py:114) -> pop layout QVBoxLayout infoLayout_2
2026-07-14 11:14:13,980 [DEBUG] (properties.py:415) -> setting property minimumSize
2026-07-14 11:14:13,980 [DEBUG] (properties.py:415) -> setting property maximumSize
2026-07-14 11:14:13,980 [DEBUG] (properties.py:415) -> setting property cursor
2026-07-14 11:14:13,980 [DEBUG] (properties.py:415) -> setting property styleSheet
2026-07-14 11:14:13,981 [DEBUG] (properties.py:415) -> setting property text
2026-07-14 11:14:13,981 [DEBUG] (uiparser.py:106) -> push QPushButton editBtn
2026-07-14 11:14:13,981 [DEBUG] (uiparser.py:120) -> pop widget QPushButton editBtn
2026-07-14 11:14:13,981 [DEBUG] (uiparser.py:128) -> new topwidget <client.windows.system.document_types.document_type_card.DocumentTypeCard object at 0x0000025D6436E710>
2026-07-14 11:14:13,981 [DEBUG] (properties.py:415) -> setting property minimumSize
2026-07-14 11:14:13,981 [DEBUG] (properties.py:415) -> setting property maximumSize
2026-07-14 11:14:13,981 [DEBUG] (properties.py:415) -> setting property cursor
2026-07-14 11:14:13,981 [DEBUG] (properties.py:415) -> setting property styleSheet
2026-07-14 11:14:13,981 [DEBUG] (properties.py:415) -> setting property text
2026-07-14 11:14:13,981 [DEBUG] (uiparser.py:106) -> push QPushButton deleteBtn
2026-07-14 11:14:13,981 [DEBUG] (uiparser.py:120) -> pop widget QPushButton deleteBtn
2026-07-14 11:14:13,981 [DEBUG] (uiparser.py:128) -> new topwidget <client.windows.system.document_types.document_type_card.DocumentTypeCard object at 0x0000025D6436E710>
2026-07-14 11:14:13,981 [DEBUG] (uiparser.py:114) -> pop layout QHBoxLayout buttonsLayout
2026-07-14 11:14:13,981 [DEBUG] (uiparser.py:114) -> pop layout QHBoxLayout horizontalLayout
2026-07-14 11:14:13,981 [DEBUG] (uiparser.py:120) -> pop widget DocumentTypeCard DocumentTypeCard
2026-07-14 11:14:13,981 [DEBUG] (uiparser.py:128) -> new topwidget None
2026-07-14 11:14:13,982 [DEBUG] (uiparser.py:838) -> toplevel widget is DocumentTypeCard
2026-07-14 11:14:13,982 [DEBUG] (properties.py:415) -> setting property geometry
2026-07-14 11:14:13,982 [DEBUG] (properties.py:415) -> setting property minimumSize
2026-07-14 11:14:13,982 [DEBUG] (properties.py:415) -> setting property maximumSize
2026-07-14 11:14:13,982 [DEBUG] (properties.py:415) -> setting property styleSheet
2026-07-14 11:14:13,982 [DEBUG] (uiparser.py:106) -> push DocumentTypeCard DocumentTypeCard
2026-07-14 11:14:13,982 [DEBUG] (properties.py:415) -> setting property spacing
2026-07-14 11:14:13,982 [DEBUG] (properties.py:415) -> setting property leftMargin
2026-07-14 11:14:13,982 [DEBUG] (properties.py:415) -> setting property topMargin
2026-07-14 11:14:13,982 [DEBUG] (properties.py:415) -> setting property rightMargin
2026-07-14 11:14:13,982 [DEBUG] (properties.py:415) -> setting property bottomMargin
2026-07-14 11:14:13,982 [DEBUG] (properties.py:415) -> setting property pyuicMargins
2026-07-14 11:14:13,983 [DEBUG] (properties.py:415) -> setting property pyuicSpacing
2026-07-14 11:14:13,983 [DEBUG] (uiparser.py:106) -> push QHBoxLayout horizontalLayout
2026-07-14 11:14:13,983 [DEBUG] (properties.py:415) -> setting property spacing
2026-07-14 11:14:13,983 [DEBUG] (properties.py:415) -> setting property pyuicSpacing
2026-07-14 11:14:13,983 [DEBUG] (uiparser.py:106) -> push QHBoxLayout buttonsLayout
2026-07-14 11:14:13,983 [DEBUG] (properties.py:415) -> setting property spacing
2026-07-14 11:14:13,983 [DEBUG] (properties.py:415) -> setting property pyuicSpacing
2026-07-14 11:14:13,983 [DEBUG] (uiparser.py:106) -> push QVBoxLayout infoLayout_2
2026-07-14 11:14:13,983 [DEBUG] (properties.py:415) -> setting property styleSheet
2026-07-14 11:14:13,983 [DEBUG] (properties.py:415) -> setting property text
2026-07-14 11:14:13,983 [DEBUG] (uiparser.py:106) -> push QLabel nameLabel_2
2026-07-14 11:14:13,983 [DEBUG] (uiparser.py:120) -> pop widget QLabel nameLabel_2
2026-07-14 11:14:13,983 [DEBUG] (uiparser.py:128) -> new topwidget <client.windows.system.document_types.document_type_card.DocumentTypeCard object at 0x0000025D6436EDF0>
2026-07-14 11:14:13,983 [DEBUG] (properties.py:415) -> setting property styleSheet
2026-07-14 11:14:13,983 [DEBUG] (properties.py:415) -> setting property text
2026-07-14 11:14:13,983 [DEBUG] (uiparser.py:106) -> push QLabel fieldsCountLabel
2026-07-14 11:14:13,983 [DEBUG] (uiparser.py:120) -> pop widget QLabel fieldsCountLabel
2026-07-14 11:14:13,983 [DEBUG] (uiparser.py:128) -> new topwidget <client.windows.system.document_types.document_type_card.DocumentTypeCard object at 0x0000025D6436EDF0>
2026-07-14 11:14:13,983 [DEBUG] (properties.py:415) -> setting property styleSheet
2026-07-14 11:14:13,983 [DEBUG] (properties.py:415) -> setting property text
2026-07-14 11:14:13,983 [DEBUG] (uiparser.py:106) -> push QLabel autoNumLabel
2026-07-14 11:14:13,983 [DEBUG] (uiparser.py:120) -> pop widget QLabel autoNumLabel
2026-07-14 11:14:13,983 [DEBUG] (uiparser.py:128) -> new topwidget <client.windows.system.document_types.document_type_card.DocumentTypeCard object at 0x0000025D6436EDF0>
2026-07-14 11:14:13,983 [DEBUG] (properties.py:415) -> setting property styleSheet
2026-07-14 11:14:13,983 [DEBUG] (properties.py:415) -> setting property text
2026-07-14 11:14:13,983 [DEBUG] (uiparser.py:106) -> push QLabel docsCountLabel
2026-07-14 11:14:13,983 [DEBUG] (uiparser.py:120) -> pop widget QLabel docsCountLabel
2026-07-14 11:14:13,983 [DEBUG] (uiparser.py:128) -> new topwidget <client.windows.system.document_types.document_type_card.DocumentTypeCard object at 0x0000025D6436EDF0>
2026-07-14 11:14:13,983 [DEBUG] (uiparser.py:114) -> pop layout QVBoxLayout infoLayout_2
2026-07-14 11:14:13,983 [DEBUG] (properties.py:415) -> setting property minimumSize
2026-07-14 11:14:13,983 [DEBUG] (properties.py:415) -> setting property maximumSize
2026-07-14 11:14:13,983 [DEBUG] (properties.py:415) -> setting property cursor
2026-07-14 11:14:13,983 [DEBUG] (properties.py:415) -> setting property styleSheet
2026-07-14 11:14:13,984 [DEBUG] (properties.py:415) -> setting property text
2026-07-14 11:14:13,984 [DEBUG] (uiparser.py:106) -> push QPushButton editBtn
2026-07-14 11:14:13,984 [DEBUG] (uiparser.py:120) -> pop widget QPushButton editBtn
2026-07-14 11:14:13,984 [DEBUG] (uiparser.py:128) -> new topwidget <client.windows.system.document_types.document_type_card.DocumentTypeCard object at 0x0000025D6436EDF0>
2026-07-14 11:14:13,984 [DEBUG] (properties.py:415) -> setting property minimumSize
2026-07-14 11:14:13,984 [DEBUG] (properties.py:415) -> setting property maximumSize
2026-07-14 11:14:13,984 [DEBUG] (properties.py:415) -> setting property cursor
2026-07-14 11:14:13,984 [DEBUG] (properties.py:415) -> setting property styleSheet
2026-07-14 11:14:13,984 [DEBUG] (properties.py:415) -> setting property text
2026-07-14 11:14:13,984 [DEBUG] (uiparser.py:106) -> push QPushButton deleteBtn
2026-07-14 11:14:13,984 [DEBUG] (uiparser.py:120) -> pop widget QPushButton deleteBtn
2026-07-14 11:14:13,984 [DEBUG] (uiparser.py:128) -> new topwidget <client.windows.system.document_types.document_type_card.DocumentTypeCard object at 0x0000025D6436EDF0>
2026-07-14 11:14:13,984 [DEBUG] (uiparser.py:114) -> pop layout QHBoxLayout buttonsLayout
2026-07-14 11:14:13,984 [DEBUG] (uiparser.py:114) -> pop layout QHBoxLayout horizontalLayout
2026-07-14 11:14:13,984 [DEBUG] (uiparser.py:120) -> pop widget DocumentTypeCard DocumentTypeCard
2026-07-14 11:14:13,984 [DEBUG] (uiparser.py:128) -> new topwidget None
2026-07-14 11:14:13,985 [DEBUG] (uiparser.py:838) -> toplevel widget is DocumentTypeCard
2026-07-14 11:14:13,985 [DEBUG] (properties.py:415) -> setting property geometry
2026-07-14 11:14:13,985 [DEBUG] (properties.py:415) -> setting property minimumSize
2026-07-14 11:14:13,985 [DEBUG] (properties.py:415) -> setting property maximumSize
2026-07-14 11:14:13,985 [DEBUG] (properties.py:415) -> setting property styleSheet
2026-07-14 11:14:13,985 [DEBUG] (uiparser.py:106) -> push DocumentTypeCard DocumentTypeCard
2026-07-14 11:14:13,985 [DEBUG] (properties.py:415) -> setting property spacing
2026-07-14 11:14:13,985 [DEBUG] (properties.py:415) -> setting property leftMargin
2026-07-14 11:14:13,985 [DEBUG] (properties.py:415) -> setting property topMargin
2026-07-14 11:14:13,985 [DEBUG] (properties.py:415) -> setting property rightMargin
2026-07-14 11:14:13,985 [DEBUG] (properties.py:415) -> setting property bottomMargin
2026-07-14 11:14:13,985 [DEBUG] (properties.py:415) -> setting property pyuicMargins
2026-07-14 11:14:13,985 [DEBUG] (properties.py:415) -> setting property pyuicSpacing
2026-07-14 11:14:13,985 [DEBUG] (uiparser.py:106) -> push QHBoxLayout horizontalLayout
2026-07-14 11:14:13,985 [DEBUG] (properties.py:415) -> setting property spacing
2026-07-14 11:14:13,985 [DEBUG] (properties.py:415) -> setting property pyuicSpacing
2026-07-14 11:14:13,986 [DEBUG] (uiparser.py:106) -> push QHBoxLayout buttonsLayout
2026-07-14 11:14:13,986 [DEBUG] (properties.py:415) -> setting property spacing
2026-07-14 11:14:13,986 [DEBUG] (properties.py:415) -> setting property pyuicSpacing
2026-07-14 11:14:13,986 [DEBUG] (uiparser.py:106) -> push QVBoxLayout infoLayout_2
2026-07-14 11:14:13,986 [DEBUG] (properties.py:415) -> setting property styleSheet
2026-07-14 11:14:13,986 [DEBUG] (properties.py:415) -> setting property text
2026-07-14 11:14:13,986 [DEBUG] (uiparser.py:106) -> push QLabel nameLabel_2
2026-07-14 11:14:13,986 [DEBUG] (uiparser.py:120) -> pop widget QLabel nameLabel_2
2026-07-14 11:14:13,986 [DEBUG] (uiparser.py:128) -> new topwidget <client.windows.system.document_types.document_type_card.DocumentTypeCard object at 0x0000025D6436F4D0>
2026-07-14 11:14:13,986 [DEBUG] (properties.py:415) -> setting property styleSheet
2026-07-14 11:14:13,986 [DEBUG] (properties.py:415) -> setting property text
2026-07-14 11:14:13,986 [DEBUG] (uiparser.py:106) -> push QLabel fieldsCountLabel
2026-07-14 11:14:13,986 [DEBUG] (uiparser.py:120) -> pop widget QLabel fieldsCountLabel
2026-07-14 11:14:13,986 [DEBUG] (uiparser.py:128) -> new topwidget <client.windows.system.document_types.document_type_card.DocumentTypeCard object at 0x0000025D6436F4D0>
2026-07-14 11:14:13,986 [DEBUG] (properties.py:415) -> setting property styleSheet
2026-07-14 11:14:13,986 [DEBUG] (properties.py:415) -> setting property text
2026-07-14 11:14:13,986 [DEBUG] (uiparser.py:106) -> push QLabel autoNumLabel
2026-07-14 11:14:13,986 [DEBUG] (uiparser.py:120) -> pop widget QLabel autoNumLabel
2026-07-14 11:14:13,986 [DEBUG] (uiparser.py:128) -> new topwidget <client.windows.system.document_types.document_type_card.DocumentTypeCard object at 0x0000025D6436F4D0>
2026-07-14 11:14:13,986 [DEBUG] (properties.py:415) -> setting property styleSheet
2026-07-14 11:14:13,986 [DEBUG] (properties.py:415) -> setting property text
2026-07-14 11:14:13,986 [DEBUG] (uiparser.py:106) -> push QLabel docsCountLabel
2026-07-14 11:14:13,986 [DEBUG] (uiparser.py:120) -> pop widget QLabel docsCountLabel
2026-07-14 11:14:13,986 [DEBUG] (uiparser.py:128) -> new topwidget <client.windows.system.document_types.document_type_card.DocumentTypeCard object at 0x0000025D6436F4D0>
2026-07-14 11:14:13,986 [DEBUG] (uiparser.py:114) -> pop layout QVBoxLayout infoLayout_2
2026-07-14 11:14:13,986 [DEBUG] (properties.py:415) -> setting property minimumSize
2026-07-14 11:14:13,986 [DEBUG] (properties.py:415) -> setting property maximumSize
2026-07-14 11:14:13,986 [DEBUG] (properties.py:415) -> setting property cursor
2026-07-14 11:14:13,986 [DEBUG] (properties.py:415) -> setting property styleSheet
2026-07-14 11:14:13,986 [DEBUG] (properties.py:415) -> setting property text
2026-07-14 11:14:13,986 [DEBUG] (uiparser.py:106) -> push QPushButton editBtn
2026-07-14 11:14:13,986 [DEBUG] (uiparser.py:120) -> pop widget QPushButton editBtn
2026-07-14 11:14:13,986 [DEBUG] (uiparser.py:128) -> new topwidget <client.windows.system.document_types.document_type_card.DocumentTypeCard object at 0x0000025D6436F4D0>
2026-07-14 11:14:13,986 [DEBUG] (properties.py:415) -> setting property minimumSize
2026-07-14 11:14:13,986 [DEBUG] (properties.py:415) -> setting property maximumSize
2026-07-14 11:14:13,986 [DEBUG] (properties.py:415) -> setting property cursor
2026-07-14 11:14:13,986 [DEBUG] (properties.py:415) -> setting property styleSheet
2026-07-14 11:14:13,986 [DEBUG] (properties.py:415) -> setting property text
2026-07-14 11:14:13,986 [DEBUG] (uiparser.py:106) -> push QPushButton deleteBtn
2026-07-14 11:14:13,986 [DEBUG] (uiparser.py:120) -> pop widget QPushButton deleteBtn
2026-07-14 11:14:13,986 [DEBUG] (uiparser.py:128) -> new topwidget <client.windows.system.document_types.document_type_card.DocumentTypeCard object at 0x0000025D6436F4D0>
2026-07-14 11:14:13,986 [DEBUG] (uiparser.py:114) -> pop layout QHBoxLayout buttonsLayout
2026-07-14 11:14:13,986 [DEBUG] (uiparser.py:114) -> pop layout QHBoxLayout horizontalLayout
2026-07-14 11:14:13,986 [DEBUG] (uiparser.py:120) -> pop widget DocumentTypeCard DocumentTypeCard
2026-07-14 11:14:13,986 [DEBUG] (uiparser.py:128) -> new topwidget None
2026-07-14 11:14:13,988 [DEBUG] (uiparser.py:838) -> toplevel widget is DocumentTypeCard
2026-07-14 11:14:13,988 [DEBUG] (properties.py:415) -> setting property geometry
2026-07-14 11:14:13,988 [DEBUG] (properties.py:415) -> setting property minimumSize
2026-07-14 11:14:13,988 [DEBUG] (properties.py:415) -> setting property maximumSize
2026-07-14 11:14:13,988 [DEBUG] (properties.py:415) -> setting property styleSheet
2026-07-14 11:14:13,988 [DEBUG] (uiparser.py:106) -> push DocumentTypeCard DocumentTypeCard
2026-07-14 11:14:13,988 [DEBUG] (properties.py:415) -> setting property spacing
2026-07-14 11:14:13,988 [DEBUG] (properties.py:415) -> setting property leftMargin
2026-07-14 11:14:13,988 [DEBUG] (properties.py:415) -> setting property topMargin
2026-07-14 11:14:13,988 [DEBUG] (properties.py:415) -> setting property rightMargin
2026-07-14 11:14:13,988 [DEBUG] (properties.py:415) -> setting property bottomMargin
2026-07-14 11:14:13,988 [DEBUG] (properties.py:415) -> setting property pyuicMargins
2026-07-14 11:14:13,988 [DEBUG] (properties.py:415) -> setting property pyuicSpacing
2026-07-14 11:14:13,988 [DEBUG] (uiparser.py:106) -> push QHBoxLayout horizontalLayout
2026-07-14 11:14:13,988 [DEBUG] (properties.py:415) -> setting property spacing
2026-07-14 11:14:13,988 [DEBUG] (properties.py:415) -> setting property pyuicSpacing
2026-07-14 11:14:13,988 [DEBUG] (uiparser.py:106) -> push QHBoxLayout buttonsLayout
2026-07-14 11:14:13,988 [DEBUG] (properties.py:415) -> setting property spacing
2026-07-14 11:14:13,988 [DEBUG] (properties.py:415) -> setting property pyuicSpacing
2026-07-14 11:14:13,988 [DEBUG] (uiparser.py:106) -> push QVBoxLayout infoLayout_2
2026-07-14 11:14:13,988 [DEBUG] (properties.py:415) -> setting property styleSheet
2026-07-14 11:14:13,988 [DEBUG] (properties.py:415) -> setting property text
2026-07-14 11:14:13,988 [DEBUG] (uiparser.py:106) -> push QLabel nameLabel_2
2026-07-14 11:14:13,988 [DEBUG] (uiparser.py:120) -> pop widget QLabel nameLabel_2
2026-07-14 11:14:13,988 [DEBUG] (uiparser.py:128) -> new topwidget <client.windows.system.document_types.document_type_card.DocumentTypeCard object at 0x0000025D6436FBB0>
2026-07-14 11:14:13,988 [DEBUG] (properties.py:415) -> setting property styleSheet
2026-07-14 11:14:13,988 [DEBUG] (properties.py:415) -> setting property text
2026-07-14 11:14:13,988 [DEBUG] (uiparser.py:106) -> push QLabel fieldsCountLabel
2026-07-14 11:14:13,988 [DEBUG] (uiparser.py:120) -> pop widget QLabel fieldsCountLabel
2026-07-14 11:14:13,988 [DEBUG] (uiparser.py:128) -> new topwidget <client.windows.system.document_types.document_type_card.DocumentTypeCard object at 0x0000025D6436FBB0>
2026-07-14 11:14:13,988 [DEBUG] (properties.py:415) -> setting property styleSheet
2026-07-14 11:14:13,988 [DEBUG] (properties.py:415) -> setting property text
2026-07-14 11:14:13,988 [DEBUG] (uiparser.py:106) -> push QLabel autoNumLabel
2026-07-14 11:14:13,988 [DEBUG] (uiparser.py:120) -> pop widget QLabel autoNumLabel
2026-07-14 11:14:13,988 [DEBUG] (uiparser.py:128) -> new topwidget <client.windows.system.document_types.document_type_card.DocumentTypeCard object at 0x0000025D6436FBB0>
2026-07-14 11:14:13,988 [DEBUG] (properties.py:415) -> setting property styleSheet
2026-07-14 11:14:13,989 [DEBUG] (properties.py:415) -> setting property text
2026-07-14 11:14:13,989 [DEBUG] (uiparser.py:106) -> push QLabel docsCountLabel
2026-07-14 11:14:13,989 [DEBUG] (uiparser.py:120) -> pop widget QLabel docsCountLabel
2026-07-14 11:14:13,989 [DEBUG] (uiparser.py:128) -> new topwidget <client.windows.system.document_types.document_type_card.DocumentTypeCard object at 0x0000025D6436FBB0>
2026-07-14 11:14:13,989 [DEBUG] (uiparser.py:114) -> pop layout QVBoxLayout infoLayout_2
2026-07-14 11:14:13,989 [DEBUG] (properties.py:415) -> setting property minimumSize
2026-07-14 11:14:13,989 [DEBUG] (properties.py:415) -> setting property maximumSize
2026-07-14 11:14:13,989 [DEBUG] (properties.py:415) -> setting property cursor
2026-07-14 11:14:13,989 [DEBUG] (properties.py:415) -> setting property styleSheet
2026-07-14 11:14:13,990 [DEBUG] (properties.py:415) -> setting property text
2026-07-14 11:14:13,990 [DEBUG] (uiparser.py:106) -> push QPushButton editBtn
2026-07-14 11:14:13,990 [DEBUG] (uiparser.py:120) -> pop widget QPushButton editBtn
2026-07-14 11:14:13,990 [DEBUG] (uiparser.py:128) -> new topwidget <client.windows.system.document_types.document_type_card.DocumentTypeCard object at 0x0000025D6436FBB0>
2026-07-14 11:14:13,990 [DEBUG] (properties.py:415) -> setting property minimumSize
2026-07-14 11:14:13,990 [DEBUG] (properties.py:415) -> setting property maximumSize
2026-07-14 11:14:13,990 [DEBUG] (properties.py:415) -> setting property cursor
2026-07-14 11:14:13,990 [DEBUG] (properties.py:415) -> setting property styleSheet
2026-07-14 11:14:13,990 [DEBUG] (properties.py:415) -> setting property text
2026-07-14 11:14:13,990 [DEBUG] (uiparser.py:106) -> push QPushButton deleteBtn
2026-07-14 11:14:13,990 [DEBUG] (uiparser.py:120) -> pop widget QPushButton deleteBtn
2026-07-14 11:14:13,990 [DEBUG] (uiparser.py:128) -> new topwidget <client.windows.system.document_types.document_type_card.DocumentTypeCard object at 0x0000025D6436FBB0>
2026-07-14 11:14:13,990 [DEBUG] (uiparser.py:114) -> pop layout QHBoxLayout buttonsLayout
2026-07-14 11:14:13,990 [DEBUG] (uiparser.py:114) -> pop layout QHBoxLayout horizontalLayout
2026-07-14 11:14:13,990 [DEBUG] (uiparser.py:120) -> pop widget DocumentTypeCard DocumentTypeCard
2026-07-14 11:14:13,990 [DEBUG] (uiparser.py:128) -> new topwidget None
2026-07-14 11:14:13,991 [DEBUG] (uiparser.py:838) -> toplevel widget is DocumentTypeCard
2026-07-14 11:14:13,991 [DEBUG] (properties.py:415) -> setting property geometry
2026-07-14 11:14:13,991 [DEBUG] (properties.py:415) -> setting property minimumSize
2026-07-14 11:14:13,991 [DEBUG] (properties.py:415) -> setting property maximumSize
2026-07-14 11:14:13,991 [DEBUG] (properties.py:415) -> setting property styleSheet
2026-07-14 11:14:13,991 [DEBUG] (uiparser.py:106) -> push DocumentTypeCard DocumentTypeCard
2026-07-14 11:14:13,991 [DEBUG] (properties.py:415) -> setting property spacing
2026-07-14 11:14:13,991 [DEBUG] (properties.py:415) -> setting property leftMargin
2026-07-14 11:14:13,991 [DEBUG] (properties.py:415) -> setting property topMargin
2026-07-14 11:14:13,991 [DEBUG] (properties.py:415) -> setting property rightMargin
2026-07-14 11:14:13,991 [DEBUG] (properties.py:415) -> setting property bottomMargin
2026-07-14 11:14:13,992 [DEBUG] (properties.py:415) -> setting property pyuicMargins
2026-07-14 11:14:13,992 [DEBUG] (properties.py:415) -> setting property pyuicSpacing
2026-07-14 11:14:13,992 [DEBUG] (uiparser.py:106) -> push QHBoxLayout horizontalLayout
2026-07-14 11:14:13,992 [DEBUG] (properties.py:415) -> setting property spacing
2026-07-14 11:14:13,992 [DEBUG] (properties.py:415) -> setting property pyuicSpacing
2026-07-14 11:14:13,992 [DEBUG] (uiparser.py:106) -> push QHBoxLayout buttonsLayout
2026-07-14 11:14:13,992 [DEBUG] (properties.py:415) -> setting property spacing
2026-07-14 11:14:13,992 [DEBUG] (properties.py:415) -> setting property pyuicSpacing
2026-07-14 11:14:13,992 [DEBUG] (uiparser.py:106) -> push QVBoxLayout infoLayout_2
2026-07-14 11:14:13,992 [DEBUG] (properties.py:415) -> setting property styleSheet
2026-07-14 11:14:13,992 [DEBUG] (properties.py:415) -> setting property text
2026-07-14 11:14:13,992 [DEBUG] (uiparser.py:106) -> push QLabel nameLabel_2
2026-07-14 11:14:13,992 [DEBUG] (uiparser.py:120) -> pop widget QLabel nameLabel_2
2026-07-14 11:14:13,992 [DEBUG] (uiparser.py:128) -> new topwidget <client.windows.system.document_types.document_type_card.DocumentTypeCard object at 0x0000025D643702D0>
2026-07-14 11:14:13,992 [DEBUG] (properties.py:415) -> setting property styleSheet
2026-07-14 11:14:13,992 [DEBUG] (properties.py:415) -> setting property text
2026-07-14 11:14:13,992 [DEBUG] (uiparser.py:106) -> push QLabel fieldsCountLabel
2026-07-14 11:14:13,992 [DEBUG] (uiparser.py:120) -> pop widget QLabel fieldsCountLabel
2026-07-14 11:14:13,992 [DEBUG] (uiparser.py:128) -> new topwidget <client.windows.system.document_types.document_type_card.DocumentTypeCard object at 0x0000025D643702D0>
2026-07-14 11:14:13,992 [DEBUG] (properties.py:415) -> setting property styleSheet
2026-07-14 11:14:13,992 [DEBUG] (properties.py:415) -> setting property text
2026-07-14 11:14:13,992 [DEBUG] (uiparser.py:106) -> push QLabel autoNumLabel
2026-07-14 11:14:13,992 [DEBUG] (uiparser.py:120) -> pop widget QLabel autoNumLabel
2026-07-14 11:14:13,992 [DEBUG] (uiparser.py:128) -> new topwidget <client.windows.system.document_types.document_type_card.DocumentTypeCard object at 0x0000025D643702D0>
2026-07-14 11:14:13,992 [DEBUG] (properties.py:415) -> setting property styleSheet
2026-07-14 11:14:13,992 [DEBUG] (properties.py:415) -> setting property text
2026-07-14 11:14:13,992 [DEBUG] (uiparser.py:106) -> push QLabel docsCountLabel
2026-07-14 11:14:13,992 [DEBUG] (uiparser.py:120) -> pop widget QLabel docsCountLabel
2026-07-14 11:14:13,992 [DEBUG] (uiparser.py:128) -> new topwidget <client.windows.system.document_types.document_type_card.DocumentTypeCard object at 0x0000025D643702D0>
2026-07-14 11:14:13,992 [DEBUG] (uiparser.py:114) -> pop layout QVBoxLayout infoLayout_2
2026-07-14 11:14:13,992 [DEBUG] (properties.py:415) -> setting property minimumSize
2026-07-14 11:14:13,992 [DEBUG] (properties.py:415) -> setting property maximumSize
2026-07-14 11:14:13,992 [DEBUG] (properties.py:415) -> setting property cursor
2026-07-14 11:14:13,992 [DEBUG] (properties.py:415) -> setting property styleSheet
2026-07-14 11:14:13,992 [DEBUG] (properties.py:415) -> setting property text
2026-07-14 11:14:13,992 [DEBUG] (uiparser.py:106) -> push QPushButton editBtn
2026-07-14 11:14:13,992 [DEBUG] (uiparser.py:120) -> pop widget QPushButton editBtn
2026-07-14 11:14:13,992 [DEBUG] (uiparser.py:128) -> new topwidget <client.windows.system.document_types.document_type_card.DocumentTypeCard object at 0x0000025D643702D0>
2026-07-14 11:14:13,992 [DEBUG] (properties.py:415) -> setting property minimumSize
2026-07-14 11:14:13,992 [DEBUG] (properties.py:415) -> setting property maximumSize
2026-07-14 11:14:13,992 [DEBUG] (properties.py:415) -> setting property cursor
2026-07-14 11:14:13,992 [DEBUG] (properties.py:415) -> setting property styleSheet
2026-07-14 11:14:13,992 [DEBUG] (properties.py:415) -> setting property text
2026-07-14 11:14:13,992 [DEBUG] (uiparser.py:106) -> push QPushButton deleteBtn
2026-07-14 11:14:13,992 [DEBUG] (uiparser.py:120) -> pop widget QPushButton deleteBtn
2026-07-14 11:14:13,993 [DEBUG] (uiparser.py:128) -> new topwidget <client.windows.system.document_types.document_type_card.DocumentTypeCard object at 0x0000025D643702D0>
2026-07-14 11:14:13,993 [DEBUG] (uiparser.py:114) -> pop layout QHBoxLayout buttonsLayout
2026-07-14 11:14:13,993 [DEBUG] (uiparser.py:114) -> pop layout QHBoxLayout horizontalLayout
2026-07-14 11:14:13,993 [DEBUG] (uiparser.py:120) -> pop widget DocumentTypeCard DocumentTypeCard
2026-07-14 11:14:13,993 [DEBUG] (uiparser.py:128) -> new topwidget None
2026-07-14 11:14:13,994 [DEBUG] (uiparser.py:838) -> toplevel widget is DocumentTypeCard
2026-07-14 11:14:13,994 [DEBUG] (properties.py:415) -> setting property geometry
2026-07-14 11:14:13,994 [DEBUG] (properties.py:415) -> setting property minimumSize
2026-07-14 11:14:13,994 [DEBUG] (properties.py:415) -> setting property maximumSize
2026-07-14 11:14:13,994 [DEBUG] (properties.py:415) -> setting property styleSheet
2026-07-14 11:14:13,994 [DEBUG] (uiparser.py:106) -> push DocumentTypeCard DocumentTypeCard
2026-07-14 11:14:13,994 [DEBUG] (properties.py:415) -> setting property spacing
2026-07-14 11:14:13,994 [DEBUG] (properties.py:415) -> setting property leftMargin
2026-07-14 11:14:13,994 [DEBUG] (properties.py:415) -> setting property topMargin
2026-07-14 11:14:13,994 [DEBUG] (properties.py:415) -> setting property rightMargin
2026-07-14 11:14:13,994 [DEBUG] (properties.py:415) -> setting property bottomMargin
2026-07-14 11:14:13,994 [DEBUG] (properties.py:415) -> setting property pyuicMargins
2026-07-14 11:14:13,994 [DEBUG] (properties.py:415) -> setting property pyuicSpacing
2026-07-14 11:14:13,994 [DEBUG] (uiparser.py:106) -> push QHBoxLayout horizontalLayout
2026-07-14 11:14:13,994 [DEBUG] (properties.py:415) -> setting property spacing
2026-07-14 11:14:13,994 [DEBUG] (properties.py:415) -> setting property pyuicSpacing
2026-07-14 11:14:13,994 [DEBUG] (uiparser.py:106) -> push QHBoxLayout buttonsLayout
2026-07-14 11:14:13,994 [DEBUG] (properties.py:415) -> setting property spacing
2026-07-14 11:14:13,994 [DEBUG] (properties.py:415) -> setting property pyuicSpacing
2026-07-14 11:14:13,994 [DEBUG] (uiparser.py:106) -> push QVBoxLayout infoLayout_2
2026-07-14 11:14:13,994 [DEBUG] (properties.py:415) -> setting property styleSheet
2026-07-14 11:14:13,994 [DEBUG] (properties.py:415) -> setting property text
2026-07-14 11:14:13,994 [DEBUG] (uiparser.py:106) -> push QLabel nameLabel_2
2026-07-14 11:14:13,995 [DEBUG] (uiparser.py:120) -> pop widget QLabel nameLabel_2
2026-07-14 11:14:13,995 [DEBUG] (uiparser.py:128) -> new topwidget <client.windows.system.document_types.document_type_card.DocumentTypeCard object at 0x0000025D643709B0>
2026-07-14 11:14:13,995 [DEBUG] (properties.py:415) -> setting property styleSheet
2026-07-14 11:14:13,995 [DEBUG] (properties.py:415) -> setting property text
2026-07-14 11:14:13,995 [DEBUG] (uiparser.py:106) -> push QLabel fieldsCountLabel
2026-07-14 11:14:13,995 [DEBUG] (uiparser.py:120) -> pop widget QLabel fieldsCountLabel
2026-07-14 11:14:13,995 [DEBUG] (uiparser.py:128) -> new topwidget <client.windows.system.document_types.document_type_card.DocumentTypeCard object at 0x0000025D643709B0>
2026-07-14 11:14:13,995 [DEBUG] (properties.py:415) -> setting property styleSheet
2026-07-14 11:14:13,995 [DEBUG] (properties.py:415) -> setting property text
2026-07-14 11:14:13,995 [DEBUG] (uiparser.py:106) -> push QLabel autoNumLabel
2026-07-14 11:14:13,995 [DEBUG] (uiparser.py:120) -> pop widget QLabel autoNumLabel
2026-07-14 11:14:13,995 [DEBUG] (uiparser.py:128) -> new topwidget <client.windows.system.document_types.document_type_card.DocumentTypeCard object at 0x0000025D643709B0>
2026-07-14 11:14:13,995 [DEBUG] (properties.py:415) -> setting property styleSheet
2026-07-14 11:14:13,995 [DEBUG] (properties.py:415) -> setting property text
2026-07-14 11:14:13,995 [DEBUG] (uiparser.py:106) -> push QLabel docsCountLabel
2026-07-14 11:14:13,995 [DEBUG] (uiparser.py:120) -> pop widget QLabel docsCountLabel
2026-07-14 11:14:13,995 [DEBUG] (uiparser.py:128) -> new topwidget <client.windows.system.document_types.document_type_card.DocumentTypeCard object at 0x0000025D643709B0>
2026-07-14 11:14:13,995 [DEBUG] (uiparser.py:114) -> pop layout QVBoxLayout infoLayout_2
2026-07-14 11:14:13,995 [DEBUG] (properties.py:415) -> setting property minimumSize
2026-07-14 11:14:13,995 [DEBUG] (properties.py:415) -> setting property maximumSize
2026-07-14 11:14:13,995 [DEBUG] (properties.py:415) -> setting property cursor
2026-07-14 11:14:13,995 [DEBUG] (properties.py:415) -> setting property styleSheet
2026-07-14 11:14:13,995 [DEBUG] (properties.py:415) -> setting property text
2026-07-14 11:14:13,995 [DEBUG] (uiparser.py:106) -> push QPushButton editBtn
2026-07-14 11:14:13,995 [DEBUG] (uiparser.py:120) -> pop widget QPushButton editBtn
2026-07-14 11:14:13,995 [DEBUG] (uiparser.py:128) -> new topwidget <client.windows.system.document_types.document_type_card.DocumentTypeCard object at 0x0000025D643709B0>
2026-07-14 11:14:13,995 [DEBUG] (properties.py:415) -> setting property minimumSize
2026-07-14 11:14:13,995 [DEBUG] (properties.py:415) -> setting property maximumSize
2026-07-14 11:14:13,995 [DEBUG] (properties.py:415) -> setting property cursor
2026-07-14 11:14:13,995 [DEBUG] (properties.py:415) -> setting property styleSheet
2026-07-14 11:14:13,995 [DEBUG] (properties.py:415) -> setting property text
2026-07-14 11:14:13,995 [DEBUG] (uiparser.py:106) -> push QPushButton deleteBtn
2026-07-14 11:14:13,995 [DEBUG] (uiparser.py:120) -> pop widget QPushButton deleteBtn
2026-07-14 11:14:13,995 [DEBUG] (uiparser.py:128) -> new topwidget <client.windows.system.document_types.document_type_card.DocumentTypeCard object at 0x0000025D643709B0>
2026-07-14 11:14:13,995 [DEBUG] (uiparser.py:114) -> pop layout QHBoxLayout buttonsLayout
2026-07-14 11:14:13,995 [DEBUG] (uiparser.py:114) -> pop layout QHBoxLayout horizontalLayout
2026-07-14 11:14:13,995 [DEBUG] (uiparser.py:120) -> pop widget DocumentTypeCard DocumentTypeCard
2026-07-14 11:14:13,995 [DEBUG] (uiparser.py:128) -> new topwidget None
2026-07-14 11:14:13,997 [DEBUG] (uiparser.py:838) -> toplevel widget is DocumentTypeCard
2026-07-14 11:14:13,997 [DEBUG] (properties.py:415) -> setting property geometry
2026-07-14 11:14:13,997 [DEBUG] (properties.py:415) -> setting property minimumSize
2026-07-14 11:14:13,997 [DEBUG] (properties.py:415) -> setting property maximumSize
2026-07-14 11:14:13,997 [DEBUG] (properties.py:415) -> setting property styleSheet
2026-07-14 11:14:13,997 [DEBUG] (uiparser.py:106) -> push DocumentTypeCard DocumentTypeCard
2026-07-14 11:14:13,997 [DEBUG] (properties.py:415) -> setting property spacing
2026-07-14 11:14:13,997 [DEBUG] (properties.py:415) -> setting property leftMargin
2026-07-14 11:14:13,997 [DEBUG] (properties.py:415) -> setting property topMargin
2026-07-14 11:14:13,997 [DEBUG] (properties.py:415) -> setting property rightMargin
2026-07-14 11:14:13,997 [DEBUG] (properties.py:415) -> setting property bottomMargin
2026-07-14 11:14:13,997 [DEBUG] (properties.py:415) -> setting property pyuicMargins
2026-07-14 11:14:13,997 [DEBUG] (properties.py:415) -> setting property pyuicSpacing
2026-07-14 11:14:13,997 [DEBUG] (uiparser.py:106) -> push QHBoxLayout horizontalLayout
2026-07-14 11:14:13,997 [DEBUG] (properties.py:415) -> setting property spacing
2026-07-14 11:14:13,997 [DEBUG] (properties.py:415) -> setting property pyuicSpacing
2026-07-14 11:14:13,997 [DEBUG] (uiparser.py:106) -> push QHBoxLayout buttonsLayout
2026-07-14 11:14:13,997 [DEBUG] (properties.py:415) -> setting property spacing
2026-07-14 11:14:13,997 [DEBUG] (properties.py:415) -> setting property pyuicSpacing
2026-07-14 11:14:13,997 [DEBUG] (uiparser.py:106) -> push QVBoxLayout infoLayout_2
2026-07-14 11:14:13,997 [DEBUG] (properties.py:415) -> setting property styleSheet
2026-07-14 11:14:13,997 [DEBUG] (properties.py:415) -> setting property text
2026-07-14 11:14:13,997 [DEBUG] (uiparser.py:106) -> push QLabel nameLabel_2
2026-07-14 11:14:13,997 [DEBUG] (uiparser.py:120) -> pop widget QLabel nameLabel_2
2026-07-14 11:14:13,997 [DEBUG] (uiparser.py:128) -> new topwidget <client.windows.system.document_types.document_type_card.DocumentTypeCard object at 0x0000025D64371090>
2026-07-14 11:14:13,997 [DEBUG] (properties.py:415) -> setting property styleSheet
2026-07-14 11:14:13,997 [DEBUG] (properties.py:415) -> setting property text
2026-07-14 11:14:13,997 [DEBUG] (uiparser.py:106) -> push QLabel fieldsCountLabel
2026-07-14 11:14:13,997 [DEBUG] (uiparser.py:120) -> pop widget QLabel fieldsCountLabel
2026-07-14 11:14:13,997 [DEBUG] (uiparser.py:128) -> new topwidget <client.windows.system.document_types.document_type_card.DocumentTypeCard object at 0x0000025D64371090>
2026-07-14 11:14:13,997 [DEBUG] (properties.py:415) -> setting property styleSheet
2026-07-14 11:14:13,997 [DEBUG] (properties.py:415) -> setting property text
2026-07-14 11:14:13,997 [DEBUG] (uiparser.py:106) -> push QLabel autoNumLabel
2026-07-14 11:14:13,997 [DEBUG] (uiparser.py:120) -> pop widget QLabel autoNumLabel
2026-07-14 11:14:13,997 [DEBUG] (uiparser.py:128) -> new topwidget <client.windows.system.document_types.document_type_card.DocumentTypeCard object at 0x0000025D64371090>
2026-07-14 11:14:13,997 [DEBUG] (properties.py:415) -> setting property styleSheet
2026-07-14 11:14:13,997 [DEBUG] (properties.py:415) -> setting property text
2026-07-14 11:14:13,997 [DEBUG] (uiparser.py:106) -> push QLabel docsCountLabel
2026-07-14 11:14:13,997 [DEBUG] (uiparser.py:120) -> pop widget QLabel docsCountLabel
2026-07-14 11:14:13,997 [DEBUG] (uiparser.py:128) -> new topwidget <client.windows.system.document_types.document_type_card.DocumentTypeCard object at 0x0000025D64371090>
2026-07-14 11:14:13,997 [DEBUG] (uiparser.py:114) -> pop layout QVBoxLayout infoLayout_2
2026-07-14 11:14:13,997 [DEBUG] (properties.py:415) -> setting property minimumSize
2026-07-14 11:14:13,998 [DEBUG] (properties.py:415) -> setting property maximumSize
2026-07-14 11:14:13,998 [DEBUG] (properties.py:415) -> setting property cursor
2026-07-14 11:14:13,998 [DEBUG] (properties.py:415) -> setting property styleSheet
2026-07-14 11:14:13,998 [DEBUG] (properties.py:415) -> setting property text
2026-07-14 11:14:13,998 [DEBUG] (uiparser.py:106) -> push QPushButton editBtn
2026-07-14 11:14:13,998 [DEBUG] (uiparser.py:120) -> pop widget QPushButton editBtn
2026-07-14 11:14:13,998 [DEBUG] (uiparser.py:128) -> new topwidget <client.windows.system.document_types.document_type_card.DocumentTypeCard object at 0x0000025D64371090>
2026-07-14 11:14:13,998 [DEBUG] (properties.py:415) -> setting property minimumSize
2026-07-14 11:14:13,999 [DEBUG] (properties.py:415) -> setting property maximumSize
2026-07-14 11:14:13,999 [DEBUG] (properties.py:415) -> setting property cursor
2026-07-14 11:14:13,999 [DEBUG] (properties.py:415) -> setting property styleSheet
2026-07-14 11:14:13,999 [DEBUG] (properties.py:415) -> setting property text
2026-07-14 11:14:13,999 [DEBUG] (uiparser.py:106) -> push QPushButton deleteBtn
2026-07-14 11:14:13,999 [DEBUG] (uiparser.py:120) -> pop widget QPushButton deleteBtn
2026-07-14 11:14:13,999 [DEBUG] (uiparser.py:128) -> new topwidget <client.windows.system.document_types.document_type_card.DocumentTypeCard object at 0x0000025D64371090>
2026-07-14 11:14:13,999 [DEBUG] (uiparser.py:114) -> pop layout QHBoxLayout buttonsLayout
2026-07-14 11:14:13,999 [DEBUG] (uiparser.py:114) -> pop layout QHBoxLayout horizontalLayout
2026-07-14 11:14:13,999 [DEBUG] (uiparser.py:120) -> pop widget DocumentTypeCard DocumentTypeCard
2026-07-14 11:14:13,999 [DEBUG] (uiparser.py:128) -> new topwidget None
2026-07-14 11:14:14,001 [DEBUG] (uiparser.py:838) -> toplevel widget is DocumentTypeCard
2026-07-14 11:14:14,001 [DEBUG] (properties.py:415) -> setting property geometry
2026-07-14 11:14:14,001 [DEBUG] (properties.py:415) -> setting property minimumSize
2026-07-14 11:14:14,001 [DEBUG] (properties.py:415) -> setting property maximumSize
2026-07-14 11:14:14,001 [DEBUG] (properties.py:415) -> setting property styleSheet
2026-07-14 11:14:14,001 [DEBUG] (uiparser.py:106) -> push DocumentTypeCard DocumentTypeCard
2026-07-14 11:14:14,001 [DEBUG] (properties.py:415) -> setting property spacing
2026-07-14 11:14:14,001 [DEBUG] (properties.py:415) -> setting property leftMargin
2026-07-14 11:14:14,001 [DEBUG] (properties.py:415) -> setting property topMargin
2026-07-14 11:14:14,001 [DEBUG] (properties.py:415) -> setting property rightMargin
2026-07-14 11:14:14,001 [DEBUG] (properties.py:415) -> setting property bottomMargin
2026-07-14 11:14:14,001 [DEBUG] (properties.py:415) -> setting property pyuicMargins
2026-07-14 11:14:14,001 [DEBUG] (properties.py:415) -> setting property pyuicSpacing
2026-07-14 11:14:14,001 [DEBUG] (uiparser.py:106) -> push QHBoxLayout horizontalLayout
2026-07-14 11:14:14,001 [DEBUG] (properties.py:415) -> setting property spacing
2026-07-14 11:14:14,001 [DEBUG] (properties.py:415) -> setting property pyuicSpacing
2026-07-14 11:14:14,001 [DEBUG] (uiparser.py:106) -> push QHBoxLayout buttonsLayout
2026-07-14 11:14:14,001 [DEBUG] (properties.py:415) -> setting property spacing
2026-07-14 11:14:14,001 [DEBUG] (properties.py:415) -> setting property pyuicSpacing
2026-07-14 11:14:14,001 [DEBUG] (uiparser.py:106) -> push QVBoxLayout infoLayout_2
2026-07-14 11:14:14,001 [DEBUG] (properties.py:415) -> setting property styleSheet
2026-07-14 11:14:14,001 [DEBUG] (properties.py:415) -> setting property text
2026-07-14 11:14:14,001 [DEBUG] (uiparser.py:106) -> push QLabel nameLabel_2
2026-07-14 11:14:14,001 [DEBUG] (uiparser.py:120) -> pop widget QLabel nameLabel_2
2026-07-14 11:14:14,001 [DEBUG] (uiparser.py:128) -> new topwidget <client.windows.system.document_types.document_type_card.DocumentTypeCard object at 0x0000025D64371770>
2026-07-14 11:14:14,001 [DEBUG] (properties.py:415) -> setting property styleSheet
2026-07-14 11:14:14,001 [DEBUG] (properties.py:415) -> setting property text
2026-07-14 11:14:14,001 [DEBUG] (uiparser.py:106) -> push QLabel fieldsCountLabel
2026-07-14 11:14:14,001 [DEBUG] (uiparser.py:120) -> pop widget QLabel fieldsCountLabel
2026-07-14 11:14:14,001 [DEBUG] (uiparser.py:128) -> new topwidget <client.windows.system.document_types.document_type_card.DocumentTypeCard object at 0x0000025D64371770>
2026-07-14 11:14:14,001 [DEBUG] (properties.py:415) -> setting property styleSheet
2026-07-14 11:14:14,001 [DEBUG] (properties.py:415) -> setting property text
2026-07-14 11:14:14,001 [DEBUG] (uiparser.py:106) -> push QLabel autoNumLabel
2026-07-14 11:14:14,001 [DEBUG] (uiparser.py:120) -> pop widget QLabel autoNumLabel
2026-07-14 11:14:14,001 [DEBUG] (uiparser.py:128) -> new topwidget <client.windows.system.document_types.document_type_card.DocumentTypeCard object at 0x0000025D64371770>
2026-07-14 11:14:14,001 [DEBUG] (properties.py:415) -> setting property styleSheet
2026-07-14 11:14:14,001 [DEBUG] (properties.py:415) -> setting property text
2026-07-14 11:14:14,001 [DEBUG] (uiparser.py:106) -> push QLabel docsCountLabel
2026-07-14 11:14:14,001 [DEBUG] (uiparser.py:120) -> pop widget QLabel docsCountLabel
2026-07-14 11:14:14,001 [DEBUG] (uiparser.py:128) -> new topwidget <client.windows.system.document_types.document_type_card.DocumentTypeCard object at 0x0000025D64371770>
2026-07-14 11:14:14,002 [DEBUG] (uiparser.py:114) -> pop layout QVBoxLayout infoLayout_2
2026-07-14 11:14:14,002 [DEBUG] (properties.py:415) -> setting property minimumSize
2026-07-14 11:14:14,002 [DEBUG] (properties.py:415) -> setting property maximumSize
2026-07-14 11:14:14,002 [DEBUG] (properties.py:415) -> setting property cursor
2026-07-14 11:14:14,002 [DEBUG] (properties.py:415) -> setting property styleSheet
2026-07-14 11:14:14,002 [DEBUG] (properties.py:415) -> setting property text
2026-07-14 11:14:14,002 [DEBUG] (uiparser.py:106) -> push QPushButton editBtn
2026-07-14 11:14:14,002 [DEBUG] (uiparser.py:120) -> pop widget QPushButton editBtn
2026-07-14 11:14:14,002 [DEBUG] (uiparser.py:128) -> new topwidget <client.windows.system.document_types.document_type_card.DocumentTypeCard object at 0x0000025D64371770>
2026-07-14 11:14:14,003 [DEBUG] (properties.py:415) -> setting property minimumSize
2026-07-14 11:14:14,003 [DEBUG] (properties.py:415) -> setting property maximumSize
2026-07-14 11:14:14,003 [DEBUG] (properties.py:415) -> setting property cursor
2026-07-14 11:14:14,003 [DEBUG] (properties.py:415) -> setting property styleSheet
2026-07-14 11:14:14,003 [DEBUG] (properties.py:415) -> setting property text
2026-07-14 11:14:14,003 [DEBUG] (uiparser.py:106) -> push QPushButton deleteBtn
2026-07-14 11:14:14,003 [DEBUG] (uiparser.py:120) -> pop widget QPushButton deleteBtn
2026-07-14 11:14:14,003 [DEBUG] (uiparser.py:128) -> new topwidget <client.windows.system.document_types.document_type_card.DocumentTypeCard object at 0x0000025D64371770>
2026-07-14 11:14:14,003 [DEBUG] (uiparser.py:114) -> pop layout QHBoxLayout buttonsLayout
2026-07-14 11:14:14,003 [DEBUG] (uiparser.py:114) -> pop layout QHBoxLayout horizontalLayout
2026-07-14 11:14:14,003 [DEBUG] (uiparser.py:120) -> pop widget DocumentTypeCard DocumentTypeCard
2026-07-14 11:14:14,003 [DEBUG] (uiparser.py:128) -> new topwidget None
2026-07-14 11:14:14,005 [DEBUG] (uiparser.py:838) -> toplevel widget is DocumentTypeCard
2026-07-14 11:14:14,005 [DEBUG] (properties.py:415) -> setting property geometry
2026-07-14 11:14:14,005 [DEBUG] (properties.py:415) -> setting property minimumSize
2026-07-14 11:14:14,005 [DEBUG] (properties.py:415) -> setting property maximumSize
2026-07-14 11:14:14,005 [DEBUG] (properties.py:415) -> setting property styleSheet
2026-07-14 11:14:14,005 [DEBUG] (uiparser.py:106) -> push DocumentTypeCard DocumentTypeCard
2026-07-14 11:14:14,005 [DEBUG] (properties.py:415) -> setting property spacing
2026-07-14 11:14:14,005 [DEBUG] (properties.py:415) -> setting property leftMargin
2026-07-14 11:14:14,005 [DEBUG] (properties.py:415) -> setting property topMargin
2026-07-14 11:14:14,005 [DEBUG] (properties.py:415) -> setting property rightMargin
2026-07-14 11:14:14,005 [DEBUG] (properties.py:415) -> setting property bottomMargin
2026-07-14 11:14:14,006 [DEBUG] (properties.py:415) -> setting property pyuicMargins
2026-07-14 11:14:14,006 [DEBUG] (properties.py:415) -> setting property pyuicSpacing
2026-07-14 11:14:14,006 [DEBUG] (uiparser.py:106) -> push QHBoxLayout horizontalLayout
2026-07-14 11:14:14,006 [DEBUG] (properties.py:415) -> setting property spacing
2026-07-14 11:14:14,006 [DEBUG] (properties.py:415) -> setting property pyuicSpacing
2026-07-14 11:14:14,006 [DEBUG] (uiparser.py:106) -> push QHBoxLayout buttonsLayout
2026-07-14 11:14:14,006 [DEBUG] (properties.py:415) -> setting property spacing
2026-07-14 11:14:14,006 [DEBUG] (properties.py:415) -> setting property pyuicSpacing
2026-07-14 11:14:14,006 [DEBUG] (uiparser.py:106) -> push QVBoxLayout infoLayout_2
2026-07-14 11:14:14,006 [DEBUG] (properties.py:415) -> setting property styleSheet
2026-07-14 11:14:14,006 [DEBUG] (properties.py:415) -> setting property text
2026-07-14 11:14:14,006 [DEBUG] (uiparser.py:106) -> push QLabel nameLabel_2
2026-07-14 11:14:14,006 [DEBUG] (uiparser.py:120) -> pop widget QLabel nameLabel_2
2026-07-14 11:14:14,006 [DEBUG] (uiparser.py:128) -> new topwidget <client.windows.system.document_types.document_type_card.DocumentTypeCard object at 0x0000025D64371E50>
2026-07-14 11:14:14,006 [DEBUG] (properties.py:415) -> setting property styleSheet
2026-07-14 11:14:14,006 [DEBUG] (properties.py:415) -> setting property text
2026-07-14 11:14:14,006 [DEBUG] (uiparser.py:106) -> push QLabel fieldsCountLabel
2026-07-14 11:14:14,006 [DEBUG] (uiparser.py:120) -> pop widget QLabel fieldsCountLabel
2026-07-14 11:14:14,006 [DEBUG] (uiparser.py:128) -> new topwidget <client.windows.system.document_types.document_type_card.DocumentTypeCard object at 0x0000025D64371E50>
2026-07-14 11:14:14,006 [DEBUG] (properties.py:415) -> setting property styleSheet
2026-07-14 11:14:14,006 [DEBUG] (properties.py:415) -> setting property text
2026-07-14 11:14:14,006 [DEBUG] (uiparser.py:106) -> push QLabel autoNumLabel
2026-07-14 11:14:14,006 [DEBUG] (uiparser.py:120) -> pop widget QLabel autoNumLabel
2026-07-14 11:14:14,006 [DEBUG] (uiparser.py:128) -> new topwidget <client.windows.system.document_types.document_type_card.DocumentTypeCard object at 0x0000025D64371E50>
2026-07-14 11:14:14,006 [DEBUG] (properties.py:415) -> setting property styleSheet
2026-07-14 11:14:14,006 [DEBUG] (properties.py:415) -> setting property text
2026-07-14 11:14:14,006 [DEBUG] (uiparser.py:106) -> push QLabel docsCountLabel
2026-07-14 11:14:14,006 [DEBUG] (uiparser.py:120) -> pop widget QLabel docsCountLabel
2026-07-14 11:14:14,006 [DEBUG] (uiparser.py:128) -> new topwidget <client.windows.system.document_types.document_type_card.DocumentTypeCard object at 0x0000025D64371E50>
2026-07-14 11:14:14,006 [DEBUG] (uiparser.py:114) -> pop layout QVBoxLayout infoLayout_2
2026-07-14 11:14:14,006 [DEBUG] (properties.py:415) -> setting property minimumSize
2026-07-14 11:14:14,006 [DEBUG] (properties.py:415) -> setting property maximumSize
2026-07-14 11:14:14,006 [DEBUG] (properties.py:415) -> setting property cursor
2026-07-14 11:14:14,006 [DEBUG] (properties.py:415) -> setting property styleSheet
2026-07-14 11:14:14,006 [DEBUG] (properties.py:415) -> setting property text
2026-07-14 11:14:14,006 [DEBUG] (uiparser.py:106) -> push QPushButton editBtn
2026-07-14 11:14:14,006 [DEBUG] (uiparser.py:120) -> pop widget QPushButton editBtn
2026-07-14 11:14:14,006 [DEBUG] (uiparser.py:128) -> new topwidget <client.windows.system.document_types.document_type_card.DocumentTypeCard object at 0x0000025D64371E50>
2026-07-14 11:14:14,006 [DEBUG] (properties.py:415) -> setting property minimumSize
2026-07-14 11:14:14,006 [DEBUG] (properties.py:415) -> setting property maximumSize
2026-07-14 11:14:14,006 [DEBUG] (properties.py:415) -> setting property cursor
2026-07-14 11:14:14,006 [DEBUG] (properties.py:415) -> setting property styleSheet
2026-07-14 11:14:14,006 [DEBUG] (properties.py:415) -> setting property text
2026-07-14 11:14:14,006 [DEBUG] (uiparser.py:106) -> push QPushButton deleteBtn
2026-07-14 11:14:14,006 [DEBUG] (uiparser.py:120) -> pop widget QPushButton deleteBtn
2026-07-14 11:14:14,006 [DEBUG] (uiparser.py:128) -> new topwidget <client.windows.system.document_types.document_type_card.DocumentTypeCard object at 0x0000025D64371E50>
2026-07-14 11:14:14,006 [DEBUG] (uiparser.py:114) -> pop layout QHBoxLayout buttonsLayout
2026-07-14 11:14:14,006 [DEBUG] (uiparser.py:114) -> pop layout QHBoxLayout horizontalLayout
2026-07-14 11:14:14,007 [DEBUG] (uiparser.py:120) -> pop widget DocumentTypeCard DocumentTypeCard
2026-07-14 11:14:14,007 [DEBUG] (uiparser.py:128) -> new topwidget None
2026-07-14 11:14:14,008 [DEBUG] (uiparser.py:838) -> toplevel widget is DocumentTypeCard
2026-07-14 11:14:14,008 [DEBUG] (properties.py:415) -> setting property geometry
2026-07-14 11:14:14,008 [DEBUG] (properties.py:415) -> setting property minimumSize
2026-07-14 11:14:14,008 [DEBUG] (properties.py:415) -> setting property maximumSize
2026-07-14 11:14:14,008 [DEBUG] (properties.py:415) -> setting property styleSheet
2026-07-14 11:14:14,008 [DEBUG] (uiparser.py:106) -> push DocumentTypeCard DocumentTypeCard
2026-07-14 11:14:14,008 [DEBUG] (properties.py:415) -> setting property spacing
2026-07-14 11:14:14,008 [DEBUG] (properties.py:415) -> setting property leftMargin
2026-07-14 11:14:14,008 [DEBUG] (properties.py:415) -> setting property topMargin
2026-07-14 11:14:14,008 [DEBUG] (properties.py:415) -> setting property rightMargin
2026-07-14 11:14:14,008 [DEBUG] (properties.py:415) -> setting property bottomMargin
2026-07-14 11:14:14,008 [DEBUG] (properties.py:415) -> setting property pyuicMargins
2026-07-14 11:14:14,008 [DEBUG] (properties.py:415) -> setting property pyuicSpacing
2026-07-14 11:14:14,008 [DEBUG] (uiparser.py:106) -> push QHBoxLayout horizontalLayout
2026-07-14 11:14:14,008 [DEBUG] (properties.py:415) -> setting property spacing
2026-07-14 11:14:14,008 [DEBUG] (properties.py:415) -> setting property pyuicSpacing
2026-07-14 11:14:14,008 [DEBUG] (uiparser.py:106) -> push QHBoxLayout buttonsLayout
2026-07-14 11:14:14,008 [DEBUG] (properties.py:415) -> setting property spacing
2026-07-14 11:14:14,008 [DEBUG] (properties.py:415) -> setting property pyuicSpacing
2026-07-14 11:14:14,008 [DEBUG] (uiparser.py:106) -> push QVBoxLayout infoLayout_2
2026-07-14 11:14:14,008 [DEBUG] (properties.py:415) -> setting property styleSheet
2026-07-14 11:14:14,008 [DEBUG] (properties.py:415) -> setting property text
2026-07-14 11:14:14,008 [DEBUG] (uiparser.py:106) -> push QLabel nameLabel_2
2026-07-14 11:14:14,008 [DEBUG] (uiparser.py:120) -> pop widget QLabel nameLabel_2
2026-07-14 11:14:14,008 [DEBUG] (uiparser.py:128) -> new topwidget <client.windows.system.document_types.document_type_card.DocumentTypeCard object at 0x0000025D64372530>
2026-07-14 11:14:14,008 [DEBUG] (properties.py:415) -> setting property styleSheet
2026-07-14 11:14:14,008 [DEBUG] (properties.py:415) -> setting property text
2026-07-14 11:14:14,008 [DEBUG] (uiparser.py:106) -> push QLabel fieldsCountLabel
2026-07-14 11:14:14,008 [DEBUG] (uiparser.py:120) -> pop widget QLabel fieldsCountLabel
2026-07-14 11:14:14,008 [DEBUG] (uiparser.py:128) -> new topwidget <client.windows.system.document_types.document_type_card.DocumentTypeCard object at 0x0000025D64372530>
2026-07-14 11:14:14,008 [DEBUG] (properties.py:415) -> setting property styleSheet
2026-07-14 11:14:14,008 [DEBUG] (properties.py:415) -> setting property text
2026-07-14 11:14:14,008 [DEBUG] (uiparser.py:106) -> push QLabel autoNumLabel
2026-07-14 11:14:14,008 [DEBUG] (uiparser.py:120) -> pop widget QLabel autoNumLabel
2026-07-14 11:14:14,008 [DEBUG] (uiparser.py:128) -> new topwidget <client.windows.system.document_types.document_type_card.DocumentTypeCard object at 0x0000025D64372530>
2026-07-14 11:14:14,009 [DEBUG] (properties.py:415) -> setting property styleSheet
2026-07-14 11:14:14,009 [DEBUG] (properties.py:415) -> setting property text
2026-07-14 11:14:14,009 [DEBUG] (uiparser.py:106) -> push QLabel docsCountLabel
2026-07-14 11:14:14,009 [DEBUG] (uiparser.py:120) -> pop widget QLabel docsCountLabel
2026-07-14 11:14:14,009 [DEBUG] (uiparser.py:128) -> new topwidget <client.windows.system.document_types.document_type_card.DocumentTypeCard object at 0x0000025D64372530>
2026-07-14 11:14:14,009 [DEBUG] (uiparser.py:114) -> pop layout QVBoxLayout infoLayout_2
2026-07-14 11:14:14,009 [DEBUG] (properties.py:415) -> setting property minimumSize
2026-07-14 11:14:14,009 [DEBUG] (properties.py:415) -> setting property maximumSize
2026-07-14 11:14:14,009 [DEBUG] (properties.py:415) -> setting property cursor
2026-07-14 11:14:14,009 [DEBUG] (properties.py:415) -> setting property styleSheet
2026-07-14 11:14:14,014 [DEBUG] (properties.py:415) -> setting property text
2026-07-14 11:14:14,014 [DEBUG] (uiparser.py:106) -> push QPushButton editBtn
2026-07-14 11:14:14,014 [DEBUG] (uiparser.py:120) -> pop widget QPushButton editBtn
2026-07-14 11:14:14,014 [DEBUG] (uiparser.py:128) -> new topwidget <client.windows.system.document_types.document_type_card.DocumentTypeCard object at 0x0000025D64372530>
2026-07-14 11:14:14,014 [DEBUG] (properties.py:415) -> setting property minimumSize
2026-07-14 11:14:14,014 [DEBUG] (properties.py:415) -> setting property maximumSize
2026-07-14 11:14:14,014 [DEBUG] (properties.py:415) -> setting property cursor
2026-07-14 11:14:14,014 [DEBUG] (properties.py:415) -> setting property styleSheet
2026-07-14 11:14:14,014 [DEBUG] (properties.py:415) -> setting property text
2026-07-14 11:14:14,014 [DEBUG] (uiparser.py:106) -> push QPushButton deleteBtn
2026-07-14 11:14:14,014 [DEBUG] (uiparser.py:120) -> pop widget QPushButton deleteBtn
2026-07-14 11:14:14,014 [DEBUG] (uiparser.py:128) -> new topwidget <client.windows.system.document_types.document_type_card.DocumentTypeCard object at 0x0000025D64372530>
2026-07-14 11:14:14,014 [DEBUG] (uiparser.py:114) -> pop layout QHBoxLayout buttonsLayout
2026-07-14 11:14:14,014 [DEBUG] (uiparser.py:114) -> pop layout QHBoxLayout horizontalLayout
2026-07-14 11:14:14,014 [DEBUG] (uiparser.py:120) -> pop widget DocumentTypeCard DocumentTypeCard
2026-07-14 11:14:14,014 [DEBUG] (uiparser.py:128) -> new topwidget None
2026-07-14 11:14:14,015 [DEBUG] (uiparser.py:838) -> toplevel widget is DocumentTypeCard
2026-07-14 11:14:14,015 [DEBUG] (properties.py:415) -> setting property geometry
2026-07-14 11:14:14,015 [DEBUG] (properties.py:415) -> setting property minimumSize
2026-07-14 11:14:14,015 [DEBUG] (properties.py:415) -> setting property maximumSize
2026-07-14 11:14:14,015 [DEBUG] (properties.py:415) -> setting property styleSheet
2026-07-14 11:14:14,015 [DEBUG] (uiparser.py:106) -> push DocumentTypeCard DocumentTypeCard
2026-07-14 11:14:14,015 [DEBUG] (properties.py:415) -> setting property spacing
2026-07-14 11:14:14,015 [DEBUG] (properties.py:415) -> setting property leftMargin
2026-07-14 11:14:14,016 [DEBUG] (properties.py:415) -> setting property topMargin
2026-07-14 11:14:14,016 [DEBUG] (properties.py:415) -> setting property rightMargin
2026-07-14 11:14:14,016 [DEBUG] (properties.py:415) -> setting property bottomMargin
2026-07-14 11:14:14,016 [DEBUG] (properties.py:415) -> setting property pyuicMargins
2026-07-14 11:14:14,016 [DEBUG] (properties.py:415) -> setting property pyuicSpacing
2026-07-14 11:14:14,016 [DEBUG] (uiparser.py:106) -> push QHBoxLayout horizontalLayout
2026-07-14 11:14:14,016 [DEBUG] (properties.py:415) -> setting property spacing
2026-07-14 11:14:14,016 [DEBUG] (properties.py:415) -> setting property pyuicSpacing
2026-07-14 11:14:14,016 [DEBUG] (uiparser.py:106) -> push QHBoxLayout buttonsLayout
2026-07-14 11:14:14,016 [DEBUG] (properties.py:415) -> setting property spacing
2026-07-14 11:14:14,016 [DEBUG] (properties.py:415) -> setting property pyuicSpacing
2026-07-14 11:14:14,016 [DEBUG] (uiparser.py:106) -> push QVBoxLayout infoLayout_2
2026-07-14 11:14:14,016 [DEBUG] (properties.py:415) -> setting property styleSheet
2026-07-14 11:14:14,016 [DEBUG] (properties.py:415) -> setting property text
2026-07-14 11:14:14,016 [DEBUG] (uiparser.py:106) -> push QLabel nameLabel_2
2026-07-14 11:14:14,016 [DEBUG] (uiparser.py:120) -> pop widget QLabel nameLabel_2
2026-07-14 11:14:14,016 [DEBUG] (uiparser.py:128) -> new topwidget <client.windows.system.document_types.document_type_card.DocumentTypeCard object at 0x0000025D64372C10>
2026-07-14 11:14:14,016 [DEBUG] (properties.py:415) -> setting property styleSheet
2026-07-14 11:14:14,016 [DEBUG] (properties.py:415) -> setting property text
2026-07-14 11:14:14,016 [DEBUG] (uiparser.py:106) -> push QLabel fieldsCountLabel
2026-07-14 11:14:14,016 [DEBUG] (uiparser.py:120) -> pop widget QLabel fieldsCountLabel
2026-07-14 11:14:14,016 [DEBUG] (uiparser.py:128) -> new topwidget <client.windows.system.document_types.document_type_card.DocumentTypeCard object at 0x0000025D64372C10>
2026-07-14 11:14:14,016 [DEBUG] (properties.py:415) -> setting property styleSheet
2026-07-14 11:14:14,016 [DEBUG] (properties.py:415) -> setting property text
2026-07-14 11:14:14,016 [DEBUG] (uiparser.py:106) -> push QLabel autoNumLabel
2026-07-14 11:14:14,016 [DEBUG] (uiparser.py:120) -> pop widget QLabel autoNumLabel
2026-07-14 11:14:14,016 [DEBUG] (uiparser.py:128) -> new topwidget <client.windows.system.document_types.document_type_card.DocumentTypeCard object at 0x0000025D64372C10>
2026-07-14 11:14:14,016 [DEBUG] (properties.py:415) -> setting property styleSheet
2026-07-14 11:14:14,016 [DEBUG] (properties.py:415) -> setting property text
2026-07-14 11:14:14,016 [DEBUG] (uiparser.py:106) -> push QLabel docsCountLabel
2026-07-14 11:14:14,016 [DEBUG] (uiparser.py:120) -> pop widget QLabel docsCountLabel
2026-07-14 11:14:14,016 [DEBUG] (uiparser.py:128) -> new topwidget <client.windows.system.document_types.document_type_card.DocumentTypeCard object at 0x0000025D64372C10>
2026-07-14 11:14:14,016 [DEBUG] (uiparser.py:114) -> pop layout QVBoxLayout infoLayout_2
2026-07-14 11:14:14,016 [DEBUG] (properties.py:415) -> setting property minimumSize
2026-07-14 11:14:14,016 [DEBUG] (properties.py:415) -> setting property maximumSize
2026-07-14 11:14:14,016 [DEBUG] (properties.py:415) -> setting property cursor
2026-07-14 11:14:14,016 [DEBUG] (properties.py:415) -> setting property styleSheet
2026-07-14 11:14:14,016 [DEBUG] (properties.py:415) -> setting property text
2026-07-14 11:14:14,016 [DEBUG] (uiparser.py:106) -> push QPushButton editBtn
2026-07-14 11:14:14,016 [DEBUG] (uiparser.py:120) -> pop widget QPushButton editBtn
2026-07-14 11:14:14,016 [DEBUG] (uiparser.py:128) -> new topwidget <client.windows.system.document_types.document_type_card.DocumentTypeCard object at 0x0000025D64372C10>
2026-07-14 11:14:14,016 [DEBUG] (properties.py:415) -> setting property minimumSize
2026-07-14 11:14:14,016 [DEBUG] (properties.py:415) -> setting property maximumSize
2026-07-14 11:14:14,016 [DEBUG] (properties.py:415) -> setting property cursor
2026-07-14 11:14:14,016 [DEBUG] (properties.py:415) -> setting property styleSheet
2026-07-14 11:14:14,016 [DEBUG] (properties.py:415) -> setting property text
2026-07-14 11:14:14,017 [DEBUG] (uiparser.py:106) -> push QPushButton deleteBtn
2026-07-14 11:14:14,017 [DEBUG] (uiparser.py:120) -> pop widget QPushButton deleteBtn
2026-07-14 11:14:14,017 [DEBUG] (uiparser.py:128) -> new topwidget <client.windows.system.document_types.document_type_card.DocumentTypeCard object at 0x0000025D64372C10>
2026-07-14 11:14:14,017 [DEBUG] (uiparser.py:114) -> pop layout QHBoxLayout buttonsLayout
2026-07-14 11:14:14,017 [DEBUG] (uiparser.py:114) -> pop layout QHBoxLayout horizontalLayout
2026-07-14 11:14:14,017 [DEBUG] (uiparser.py:120) -> pop widget DocumentTypeCard DocumentTypeCard
2026-07-14 11:14:14,017 [DEBUG] (uiparser.py:128) -> new topwidget None
2026-07-14 11:14:14,018 [DEBUG] (uiparser.py:838) -> toplevel widget is DocumentTypeCard
2026-07-14 11:14:14,018 [DEBUG] (properties.py:415) -> setting property geometry
2026-07-14 11:14:14,018 [DEBUG] (properties.py:415) -> setting property minimumSize
2026-07-14 11:14:14,018 [DEBUG] (properties.py:415) -> setting property maximumSize
2026-07-14 11:14:14,018 [DEBUG] (properties.py:415) -> setting property styleSheet
2026-07-14 11:14:14,018 [DEBUG] (uiparser.py:106) -> push DocumentTypeCard DocumentTypeCard
2026-07-14 11:14:14,018 [DEBUG] (properties.py:415) -> setting property spacing
2026-07-14 11:14:14,018 [DEBUG] (properties.py:415) -> setting property leftMargin
2026-07-14 11:14:14,018 [DEBUG] (properties.py:415) -> setting property topMargin
2026-07-14 11:14:14,018 [DEBUG] (properties.py:415) -> setting property rightMargin
2026-07-14 11:14:14,018 [DEBUG] (properties.py:415) -> setting property bottomMargin
2026-07-14 11:14:14,018 [DEBUG] (properties.py:415) -> setting property pyuicMargins
2026-07-14 11:14:14,018 [DEBUG] (properties.py:415) -> setting property pyuicSpacing
2026-07-14 11:14:14,018 [DEBUG] (uiparser.py:106) -> push QHBoxLayout horizontalLayout
2026-07-14 11:14:14,018 [DEBUG] (properties.py:415) -> setting property spacing
2026-07-14 11:14:14,018 [DEBUG] (properties.py:415) -> setting property pyuicSpacing
2026-07-14 11:14:14,018 [DEBUG] (uiparser.py:106) -> push QHBoxLayout buttonsLayout
2026-07-14 11:14:14,018 [DEBUG] (properties.py:415) -> setting property spacing
2026-07-14 11:14:14,018 [DEBUG] (properties.py:415) -> setting property pyuicSpacing
2026-07-14 11:14:14,018 [DEBUG] (uiparser.py:106) -> push QVBoxLayout infoLayout_2
2026-07-14 11:14:14,018 [DEBUG] (properties.py:415) -> setting property styleSheet
2026-07-14 11:14:14,018 [DEBUG] (properties.py:415) -> setting property text
2026-07-14 11:14:14,018 [DEBUG] (uiparser.py:106) -> push QLabel nameLabel_2
2026-07-14 11:14:14,019 [DEBUG] (uiparser.py:120) -> pop widget QLabel nameLabel_2
2026-07-14 11:14:14,019 [DEBUG] (uiparser.py:128) -> new topwidget <client.windows.system.document_types.document_type_card.DocumentTypeCard object at 0x0000025D643732F0>
2026-07-14 11:14:14,019 [DEBUG] (properties.py:415) -> setting property styleSheet
2026-07-14 11:14:14,019 [DEBUG] (properties.py:415) -> setting property text
2026-07-14 11:14:14,019 [DEBUG] (uiparser.py:106) -> push QLabel fieldsCountLabel
2026-07-14 11:14:14,019 [DEBUG] (uiparser.py:120) -> pop widget QLabel fieldsCountLabel
2026-07-14 11:14:14,019 [DEBUG] (uiparser.py:128) -> new topwidget <client.windows.system.document_types.document_type_card.DocumentTypeCard object at 0x0000025D643732F0>
2026-07-14 11:14:14,019 [DEBUG] (properties.py:415) -> setting property styleSheet
2026-07-14 11:14:14,019 [DEBUG] (properties.py:415) -> setting property text
2026-07-14 11:14:14,019 [DEBUG] (uiparser.py:106) -> push QLabel autoNumLabel
2026-07-14 11:14:14,019 [DEBUG] (uiparser.py:120) -> pop widget QLabel autoNumLabel
2026-07-14 11:14:14,019 [DEBUG] (uiparser.py:128) -> new topwidget <client.windows.system.document_types.document_type_card.DocumentTypeCard object at 0x0000025D643732F0>
2026-07-14 11:14:14,019 [DEBUG] (properties.py:415) -> setting property styleSheet
2026-07-14 11:14:14,019 [DEBUG] (properties.py:415) -> setting property text
2026-07-14 11:14:14,019 [DEBUG] (uiparser.py:106) -> push QLabel docsCountLabel
2026-07-14 11:14:14,019 [DEBUG] (uiparser.py:120) -> pop widget QLabel docsCountLabel
2026-07-14 11:14:14,019 [DEBUG] (uiparser.py:128) -> new topwidget <client.windows.system.document_types.document_type_card.DocumentTypeCard object at 0x0000025D643732F0>
2026-07-14 11:14:14,019 [DEBUG] (uiparser.py:114) -> pop layout QVBoxLayout infoLayout_2
2026-07-14 11:14:14,019 [DEBUG] (properties.py:415) -> setting property minimumSize
2026-07-14 11:14:14,019 [DEBUG] (properties.py:415) -> setting property maximumSize
2026-07-14 11:14:14,019 [DEBUG] (properties.py:415) -> setting property cursor
2026-07-14 11:14:14,019 [DEBUG] (properties.py:415) -> setting property styleSheet
2026-07-14 11:14:14,020 [DEBUG] (properties.py:415) -> setting property text
2026-07-14 11:14:14,020 [DEBUG] (uiparser.py:106) -> push QPushButton editBtn
2026-07-14 11:14:14,020 [DEBUG] (uiparser.py:120) -> pop widget QPushButton editBtn
2026-07-14 11:14:14,020 [DEBUG] (uiparser.py:128) -> new topwidget <client.windows.system.document_types.document_type_card.DocumentTypeCard object at 0x0000025D643732F0>
2026-07-14 11:14:14,020 [DEBUG] (properties.py:415) -> setting property minimumSize
2026-07-14 11:14:14,020 [DEBUG] (properties.py:415) -> setting property maximumSize
2026-07-14 11:14:14,020 [DEBUG] (properties.py:415) -> setting property cursor
2026-07-14 11:14:14,020 [DEBUG] (properties.py:415) -> setting property styleSheet
2026-07-14 11:14:14,020 [DEBUG] (properties.py:415) -> setting property text
2026-07-14 11:14:14,020 [DEBUG] (uiparser.py:106) -> push QPushButton deleteBtn
2026-07-14 11:14:14,020 [DEBUG] (uiparser.py:120) -> pop widget QPushButton deleteBtn
2026-07-14 11:14:14,020 [DEBUG] (uiparser.py:128) -> new topwidget <client.windows.system.document_types.document_type_card.DocumentTypeCard object at 0x0000025D643732F0>
2026-07-14 11:14:14,020 [DEBUG] (uiparser.py:114) -> pop layout QHBoxLayout buttonsLayout
2026-07-14 11:14:14,020 [DEBUG] (uiparser.py:114) -> pop layout QHBoxLayout horizontalLayout
2026-07-14 11:14:14,020 [DEBUG] (uiparser.py:120) -> pop widget DocumentTypeCard DocumentTypeCard
2026-07-14 11:14:14,020 [DEBUG] (uiparser.py:128) -> new topwidget None
2026-07-14 11:14:14,049 [DEBUG] (uiparser.py:838) -> toplevel widget is OrganizationsPage
2026-07-14 11:14:14,049 [DEBUG] (properties.py:415) -> setting property geometry
2026-07-14 11:14:14,049 [DEBUG] (properties.py:415) -> setting property windowTitle
2026-07-14 11:14:14,049 [DEBUG] (properties.py:415) -> setting property styleSheet
2026-07-14 11:14:14,049 [DEBUG] (uiparser.py:106) -> push OrganizationsPage OrganizationsPage
2026-07-14 11:14:14,049 [DEBUG] (properties.py:415) -> setting property spacing
2026-07-14 11:14:14,049 [DEBUG] (properties.py:415) -> setting property leftMargin
2026-07-14 11:14:14,049 [DEBUG] (properties.py:415) -> setting property topMargin
2026-07-14 11:14:14,050 [DEBUG] (properties.py:415) -> setting property rightMargin
2026-07-14 11:14:14,050 [DEBUG] (properties.py:415) -> setting property bottomMargin
2026-07-14 11:14:14,050 [DEBUG] (properties.py:415) -> setting property pyuicMargins
2026-07-14 11:14:14,050 [DEBUG] (properties.py:415) -> setting property pyuicSpacing
2026-07-14 11:14:14,050 [DEBUG] (uiparser.py:106) -> push QVBoxLayout mainLayout
2026-07-14 11:14:14,050 [DEBUG] (properties.py:415) -> setting property spacing
2026-07-14 11:14:14,050 [DEBUG] (properties.py:415) -> setting property pyuicSpacing
2026-07-14 11:14:14,050 [DEBUG] (uiparser.py:106) -> push QHBoxLayout toolbarLayout
2026-07-14 11:14:14,050 [DEBUG] (properties.py:415) -> setting property minimumSize
2026-07-14 11:14:14,050 [DEBUG] (properties.py:415) -> setting property maximumSize
2026-07-14 11:14:14,050 [DEBUG] (properties.py:415) -> setting property styleSheet
2026-07-14 11:14:14,050 [DEBUG] (properties.py:415) -> setting property placeholderText
2026-07-14 11:14:14,050 [DEBUG] (uiparser.py:106) -> push QLineEdit searchEdit
2026-07-14 11:14:14,050 [DEBUG] (uiparser.py:120) -> pop widget QLineEdit searchEdit
2026-07-14 11:14:14,050 [DEBUG] (uiparser.py:128) -> new topwidget <client.windows.system.organizations.organization_page.OrganizationsPage object at 0x0000025D643739D0>
2026-07-14 11:14:14,050 [DEBUG] (properties.py:415) -> setting property minimumSize
2026-07-14 11:14:14,050 [DEBUG] (properties.py:415) -> setting property styleSheet
2026-07-14 11:14:14,050 [DEBUG] (properties.py:415) -> setting property text
2026-07-14 11:14:14,050 [DEBUG] (uiparser.py:106) -> push QPushButton btnSort
2026-07-14 11:14:14,050 [DEBUG] (uiparser.py:120) -> pop widget QPushButton btnSort
2026-07-14 11:14:14,050 [DEBUG] (uiparser.py:128) -> new topwidget <client.windows.system.organizations.organization_page.OrganizationsPage object at 0x0000025D643739D0>
2026-07-14 11:14:14,050 [DEBUG] (properties.py:415) -> setting property minimumSize
2026-07-14 11:14:14,050 [DEBUG] (properties.py:415) -> setting property maximumSize
2026-07-14 11:14:14,050 [DEBUG] (properties.py:415) -> setting property toolTip
2026-07-14 11:14:14,050 [DEBUG] (properties.py:415) -> setting property styleSheet
2026-07-14 11:14:14,050 [DEBUG] (properties.py:415) -> setting property text
2026-07-14 11:14:14,050 [DEBUG] (uiparser.py:106) -> push QPushButton btnResetFilters
2026-07-14 11:14:14,050 [DEBUG] (uiparser.py:120) -> pop widget QPushButton btnResetFilters
2026-07-14 11:14:14,050 [DEBUG] (uiparser.py:128) -> new topwidget <client.windows.system.organizations.organization_page.OrganizationsPage object at 0x0000025D643739D0>
2026-07-14 11:14:14,050 [DEBUG] (uiparser.py:114) -> pop layout QHBoxLayout toolbarLayout
2026-07-14 11:14:14,050 [DEBUG] (properties.py:415) -> setting property styleSheet
2026-07-14 11:14:14,050 [DEBUG] (properties.py:415) -> setting property widgetResizable
2026-07-14 11:14:14,051 [DEBUG] (uiparser.py:106) -> push QScrollArea scrollArea
2026-07-14 11:14:14,051 [DEBUG] (properties.py:415) -> setting property geometry
2026-07-14 11:14:14,051 [DEBUG] (uiparser.py:106) -> push QWidget scrollAreaWidgetContents
2026-07-14 11:14:14,051 [DEBUG] (properties.py:415) -> setting property spacing
2026-07-14 11:14:14,051 [DEBUG] (properties.py:415) -> setting property leftMargin
2026-07-14 11:14:14,051 [DEBUG] (properties.py:415) -> setting property topMargin
2026-07-14 11:14:14,051 [DEBUG] (properties.py:415) -> setting property rightMargin
2026-07-14 11:14:14,051 [DEBUG] (properties.py:415) -> setting property bottomMargin
2026-07-14 11:14:14,051 [DEBUG] (properties.py:415) -> setting property pyuicMargins
2026-07-14 11:14:14,051 [DEBUG] (properties.py:415) -> setting property pyuicSpacing
2026-07-14 11:14:14,051 [DEBUG] (uiparser.py:106) -> push QVBoxLayout orgsLayout
2026-07-14 11:14:14,051 [DEBUG] (uiparser.py:114) -> pop layout QVBoxLayout orgsLayout
2026-07-14 11:14:14,051 [DEBUG] (uiparser.py:120) -> pop widget QWidget scrollAreaWidgetContents
2026-07-14 11:14:14,051 [DEBUG] (uiparser.py:128) -> new topwidget <PyQt6.QtWidgets.QScrollArea object at 0x0000025D64373E30>
2026-07-14 11:14:14,051 [DEBUG] (uiparser.py:120) -> pop widget QScrollArea scrollArea
2026-07-14 11:14:14,051 [DEBUG] (uiparser.py:128) -> new topwidget <client.windows.system.organizations.organization_page.OrganizationsPage object at 0x0000025D643739D0>
2026-07-14 11:14:14,051 [DEBUG] (uiparser.py:114) -> pop layout QVBoxLayout mainLayout
2026-07-14 11:14:14,051 [DEBUG] (uiparser.py:120) -> pop widget OrganizationsPage OrganizationsPage
2026-07-14 11:14:14,051 [DEBUG] (uiparser.py:128) -> new topwidget None
2026-07-14 11:14:14,052 [DEBUG] (uiparser.py:838) -> toplevel widget is OrganizationCard
2026-07-14 11:14:14,052 [DEBUG] (properties.py:415) -> setting property geometry
2026-07-14 11:14:14,052 [DEBUG] (properties.py:415) -> setting property minimumSize
2026-07-14 11:14:14,052 [DEBUG] (properties.py:415) -> setting property maximumSize
2026-07-14 11:14:14,052 [DEBUG] (properties.py:415) -> setting property styleSheet
2026-07-14 11:14:14,052 [DEBUG] (uiparser.py:106) -> push OrganizationCard OrganizationCard
2026-07-14 11:14:14,052 [DEBUG] (properties.py:415) -> setting property spacing
2026-07-14 11:14:14,052 [DEBUG] (properties.py:415) -> setting property leftMargin
2026-07-14 11:14:14,052 [DEBUG] (properties.py:415) -> setting property topMargin
2026-07-14 11:14:14,052 [DEBUG] (properties.py:415) -> setting property rightMargin
2026-07-14 11:14:14,052 [DEBUG] (properties.py:415) -> setting property bottomMargin
2026-07-14 11:14:14,052 [DEBUG] (properties.py:415) -> setting property pyuicMargins
2026-07-14 11:14:14,052 [DEBUG] (properties.py:415) -> setting property pyuicSpacing
2026-07-14 11:14:14,052 [DEBUG] (uiparser.py:106) -> push QHBoxLayout horizontalLayout
2026-07-14 11:14:14,052 [DEBUG] (properties.py:415) -> setting property spacing
2026-07-14 11:14:14,052 [DEBUG] (properties.py:415) -> setting property pyuicSpacing
2026-07-14 11:14:14,052 [DEBUG] (uiparser.py:106) -> push QHBoxLayout buttonsLayout
2026-07-14 11:14:14,052 [DEBUG] (properties.py:415) -> setting property spacing
2026-07-14 11:14:14,052 [DEBUG] (properties.py:415) -> setting property topMargin
2026-07-14 11:14:14,052 [DEBUG] (properties.py:415) -> setting property bottomMargin
2026-07-14 11:14:14,052 [DEBUG] (properties.py:415) -> setting property pyuicMargins
2026-07-14 11:14:14,052 [DEBUG] (properties.py:415) -> setting property pyuicSpacing
2026-07-14 11:14:14,052 [DEBUG] (uiparser.py:106) -> push QVBoxLayout infoLayout
2026-07-14 11:14:14,052 [DEBUG] (properties.py:415) -> setting property styleSheet
2026-07-14 11:14:14,052 [DEBUG] (properties.py:415) -> setting property text
2026-07-14 11:14:14,053 [DEBUG] (uiparser.py:106) -> push QLabel nameLabel
2026-07-14 11:14:14,053 [DEBUG] (uiparser.py:120) -> pop widget QLabel nameLabel
2026-07-14 11:14:14,053 [DEBUG] (uiparser.py:128) -> new topwidget <client.windows.system.organizations.organization_card.OrganizationCard object at 0x0000025D643785F0>
2026-07-14 11:14:14,053 [DEBUG] (properties.py:415) -> setting property styleSheet
2026-07-14 11:14:14,053 [DEBUG] (properties.py:415) -> setting property text
2026-07-14 11:14:14,053 [DEBUG] (uiparser.py:106) -> push QLabel unpLabel
2026-07-14 11:14:14,053 [DEBUG] (uiparser.py:120) -> pop widget QLabel unpLabel
2026-07-14 11:14:14,053 [DEBUG] (uiparser.py:128) -> new topwidget <client.windows.system.organizations.organization_card.OrganizationCard object at 0x0000025D643785F0>
2026-07-14 11:14:14,053 [DEBUG] (properties.py:415) -> setting property styleSheet
2026-07-14 11:14:14,053 [DEBUG] (properties.py:415) -> setting property text
2026-07-14 11:14:14,053 [DEBUG] (uiparser.py:106) -> push QLabel addressLabel
2026-07-14 11:14:14,053 [DEBUG] (uiparser.py:120) -> pop widget QLabel addressLabel
2026-07-14 11:14:14,053 [DEBUG] (uiparser.py:128) -> new topwidget <client.windows.system.organizations.organization_card.OrganizationCard object at 0x0000025D643785F0>
2026-07-14 11:14:14,053 [DEBUG] (properties.py:415) -> setting property styleSheet
2026-07-14 11:14:14,053 [DEBUG] (properties.py:415) -> setting property text
2026-07-14 11:14:14,053 [DEBUG] (uiparser.py:106) -> push QLabel phoneLabel
2026-07-14 11:14:14,053 [DEBUG] (uiparser.py:120) -> pop widget QLabel phoneLabel
2026-07-14 11:14:14,053 [DEBUG] (uiparser.py:128) -> new topwidget <client.windows.system.organizations.organization_card.OrganizationCard object at 0x0000025D643785F0>
2026-07-14 11:14:14,053 [DEBUG] (properties.py:415) -> setting property styleSheet
2026-07-14 11:14:14,053 [DEBUG] (properties.py:415) -> setting property text
2026-07-14 11:14:14,053 [DEBUG] (uiparser.py:106) -> push QLabel emailLabel
2026-07-14 11:14:14,054 [DEBUG] (uiparser.py:120) -> pop widget QLabel emailLabel
2026-07-14 11:14:14,054 [DEBUG] (uiparser.py:128) -> new topwidget <client.windows.system.organizations.organization_card.OrganizationCard object at 0x0000025D643785F0>
2026-07-14 11:14:14,054 [DEBUG] (properties.py:415) -> setting property styleSheet
2026-07-14 11:14:14,054 [DEBUG] (properties.py:415) -> setting property text
2026-07-14 11:14:14,054 [DEBUG] (uiparser.py:106) -> push QLabel directorLabel
2026-07-14 11:14:14,054 [DEBUG] (uiparser.py:120) -> pop widget QLabel directorLabel
2026-07-14 11:14:14,054 [DEBUG] (uiparser.py:128) -> new topwidget <client.windows.system.organizations.organization_card.OrganizationCard object at 0x0000025D643785F0>
2026-07-14 11:14:14,054 [DEBUG] (uiparser.py:114) -> pop layout QVBoxLayout infoLayout
2026-07-14 11:14:14,054 [DEBUG] (properties.py:415) -> setting property minimumSize
2026-07-14 11:14:14,054 [DEBUG] (properties.py:415) -> setting property maximumSize
2026-07-14 11:14:14,054 [DEBUG] (properties.py:415) -> setting property cursor
2026-07-14 11:14:14,054 [DEBUG] (properties.py:415) -> setting property styleSheet
2026-07-14 11:14:14,054 [DEBUG] (properties.py:415) -> setting property text
2026-07-14 11:14:14,054 [DEBUG] (uiparser.py:106) -> push QPushButton editBtn
2026-07-14 11:14:14,054 [DEBUG] (uiparser.py:120) -> pop widget QPushButton editBtn
2026-07-14 11:14:14,054 [DEBUG] (uiparser.py:128) -> new topwidget <client.windows.system.organizations.organization_card.OrganizationCard object at 0x0000025D643785F0>
2026-07-14 11:14:14,054 [DEBUG] (properties.py:415) -> setting property minimumSize
2026-07-14 11:14:14,054 [DEBUG] (properties.py:415) -> setting property maximumSize
2026-07-14 11:14:14,054 [DEBUG] (properties.py:415) -> setting property cursor
2026-07-14 11:14:14,054 [DEBUG] (properties.py:415) -> setting property styleSheet
2026-07-14 11:14:14,054 [DEBUG] (properties.py:415) -> setting property text
2026-07-14 11:14:14,055 [DEBUG] (uiparser.py:106) -> push QPushButton deleteBtn
2026-07-14 11:14:14,055 [DEBUG] (uiparser.py:120) -> pop widget QPushButton deleteBtn
2026-07-14 11:14:14,055 [DEBUG] (uiparser.py:128) -> new topwidget <client.windows.system.organizations.organization_card.OrganizationCard object at 0x0000025D643785F0>
2026-07-14 11:14:14,055 [DEBUG] (uiparser.py:114) -> pop layout QHBoxLayout buttonsLayout
2026-07-14 11:14:14,055 [DEBUG] (uiparser.py:114) -> pop layout QHBoxLayout horizontalLayout
2026-07-14 11:14:14,055 [DEBUG] (uiparser.py:120) -> pop widget OrganizationCard OrganizationCard
2026-07-14 11:14:14,055 [DEBUG] (uiparser.py:128) -> new topwidget None
2026-07-14 11:14:14,056 [DEBUG] (uiparser.py:838) -> toplevel widget is OrganizationCard
2026-07-14 11:14:14,056 [DEBUG] (properties.py:415) -> setting property geometry
2026-07-14 11:14:14,056 [DEBUG] (properties.py:415) -> setting property minimumSize
2026-07-14 11:14:14,056 [DEBUG] (properties.py:415) -> setting property maximumSize
2026-07-14 11:14:14,056 [DEBUG] (properties.py:415) -> setting property styleSheet
2026-07-14 11:14:14,057 [DEBUG] (uiparser.py:106) -> push OrganizationCard OrganizationCard
2026-07-14 11:14:14,057 [DEBUG] (properties.py:415) -> setting property spacing
2026-07-14 11:14:14,057 [DEBUG] (properties.py:415) -> setting property leftMargin
2026-07-14 11:14:14,057 [DEBUG] (properties.py:415) -> setting property topMargin
2026-07-14 11:14:14,057 [DEBUG] (properties.py:415) -> setting property rightMargin
2026-07-14 11:14:14,057 [DEBUG] (properties.py:415) -> setting property bottomMargin
2026-07-14 11:14:14,057 [DEBUG] (properties.py:415) -> setting property pyuicMargins
2026-07-14 11:14:14,057 [DEBUG] (properties.py:415) -> setting property pyuicSpacing
2026-07-14 11:14:14,057 [DEBUG] (uiparser.py:106) -> push QHBoxLayout horizontalLayout
2026-07-14 11:14:14,057 [DEBUG] (properties.py:415) -> setting property spacing
2026-07-14 11:14:14,057 [DEBUG] (properties.py:415) -> setting property pyuicSpacing
2026-07-14 11:14:14,057 [DEBUG] (uiparser.py:106) -> push QHBoxLayout buttonsLayout
2026-07-14 11:14:14,057 [DEBUG] (properties.py:415) -> setting property spacing
2026-07-14 11:14:14,057 [DEBUG] (properties.py:415) -> setting property topMargin
2026-07-14 11:14:14,057 [DEBUG] (properties.py:415) -> setting property bottomMargin
2026-07-14 11:14:14,057 [DEBUG] (properties.py:415) -> setting property pyuicMargins
2026-07-14 11:14:14,057 [DEBUG] (properties.py:415) -> setting property pyuicSpacing
2026-07-14 11:14:14,057 [DEBUG] (uiparser.py:106) -> push QVBoxLayout infoLayout
2026-07-14 11:14:14,057 [DEBUG] (properties.py:415) -> setting property styleSheet
2026-07-14 11:14:14,057 [DEBUG] (properties.py:415) -> setting property text
2026-07-14 11:14:14,057 [DEBUG] (uiparser.py:106) -> push QLabel nameLabel
2026-07-14 11:14:14,057 [DEBUG] (uiparser.py:120) -> pop widget QLabel nameLabel
2026-07-14 11:14:14,057 [DEBUG] (uiparser.py:128) -> new topwidget <client.windows.system.organizations.organization_card.OrganizationCard object at 0x0000025D64378E10>
2026-07-14 11:14:14,057 [DEBUG] (properties.py:415) -> setting property styleSheet
2026-07-14 11:14:14,057 [DEBUG] (properties.py:415) -> setting property text
2026-07-14 11:14:14,057 [DEBUG] (uiparser.py:106) -> push QLabel unpLabel
2026-07-14 11:14:14,057 [DEBUG] (uiparser.py:120) -> pop widget QLabel unpLabel
2026-07-14 11:14:14,057 [DEBUG] (uiparser.py:128) -> new topwidget <client.windows.system.organizations.organization_card.OrganizationCard object at 0x0000025D64378E10>
2026-07-14 11:14:14,057 [DEBUG] (properties.py:415) -> setting property styleSheet
2026-07-14 11:14:14,057 [DEBUG] (properties.py:415) -> setting property text
2026-07-14 11:14:14,057 [DEBUG] (uiparser.py:106) -> push QLabel addressLabel
2026-07-14 11:14:14,057 [DEBUG] (uiparser.py:120) -> pop widget QLabel addressLabel
2026-07-14 11:14:14,057 [DEBUG] (uiparser.py:128) -> new topwidget <client.windows.system.organizations.organization_card.OrganizationCard object at 0x0000025D64378E10>
2026-07-14 11:14:14,057 [DEBUG] (properties.py:415) -> setting property styleSheet
2026-07-14 11:14:14,057 [DEBUG] (properties.py:415) -> setting property text
2026-07-14 11:14:14,057 [DEBUG] (uiparser.py:106) -> push QLabel phoneLabel
2026-07-14 11:14:14,057 [DEBUG] (uiparser.py:120) -> pop widget QLabel phoneLabel
2026-07-14 11:14:14,057 [DEBUG] (uiparser.py:128) -> new topwidget <client.windows.system.organizations.organization_card.OrganizationCard object at 0x0000025D64378E10>
2026-07-14 11:14:14,057 [DEBUG] (properties.py:415) -> setting property styleSheet
2026-07-14 11:14:14,057 [DEBUG] (properties.py:415) -> setting property text
2026-07-14 11:14:14,057 [DEBUG] (uiparser.py:106) -> push QLabel emailLabel
2026-07-14 11:14:14,057 [DEBUG] (uiparser.py:120) -> pop widget QLabel emailLabel
2026-07-14 11:14:14,057 [DEBUG] (uiparser.py:128) -> new topwidget <client.windows.system.organizations.organization_card.OrganizationCard object at 0x0000025D64378E10>
2026-07-14 11:14:14,057 [DEBUG] (properties.py:415) -> setting property styleSheet
2026-07-14 11:14:14,057 [DEBUG] (properties.py:415) -> setting property text
2026-07-14 11:14:14,057 [DEBUG] (uiparser.py:106) -> push QLabel directorLabel
2026-07-14 11:14:14,058 [DEBUG] (uiparser.py:120) -> pop widget QLabel directorLabel
2026-07-14 11:14:14,058 [DEBUG] (uiparser.py:128) -> new topwidget <client.windows.system.organizations.organization_card.OrganizationCard object at 0x0000025D64378E10>
2026-07-14 11:14:14,058 [DEBUG] (uiparser.py:114) -> pop layout QVBoxLayout infoLayout
2026-07-14 11:14:14,058 [DEBUG] (properties.py:415) -> setting property minimumSize
2026-07-14 11:14:14,058 [DEBUG] (properties.py:415) -> setting property maximumSize
2026-07-14 11:14:14,058 [DEBUG] (properties.py:415) -> setting property cursor
2026-07-14 11:14:14,058 [DEBUG] (properties.py:415) -> setting property styleSheet
2026-07-14 11:14:14,058 [DEBUG] (properties.py:415) -> setting property text
2026-07-14 11:14:14,058 [DEBUG] (uiparser.py:106) -> push QPushButton editBtn
2026-07-14 11:14:14,058 [DEBUG] (uiparser.py:120) -> pop widget QPushButton editBtn
2026-07-14 11:14:14,058 [DEBUG] (uiparser.py:128) -> new topwidget <client.windows.system.organizations.organization_card.OrganizationCard object at 0x0000025D64378E10>
2026-07-14 11:14:14,058 [DEBUG] (properties.py:415) -> setting property minimumSize
2026-07-14 11:14:14,058 [DEBUG] (properties.py:415) -> setting property maximumSize
2026-07-14 11:14:14,058 [DEBUG] (properties.py:415) -> setting property cursor
2026-07-14 11:14:14,058 [DEBUG] (properties.py:415) -> setting property styleSheet
2026-07-14 11:14:14,058 [DEBUG] (properties.py:415) -> setting property text
2026-07-14 11:14:14,058 [DEBUG] (uiparser.py:106) -> push QPushButton deleteBtn
2026-07-14 11:14:14,058 [DEBUG] (uiparser.py:120) -> pop widget QPushButton deleteBtn
2026-07-14 11:14:14,058 [DEBUG] (uiparser.py:128) -> new topwidget <client.windows.system.organizations.organization_card.OrganizationCard object at 0x0000025D64378E10>
2026-07-14 11:14:14,058 [DEBUG] (uiparser.py:114) -> pop layout QHBoxLayout buttonsLayout
2026-07-14 11:14:14,058 [DEBUG] (uiparser.py:114) -> pop layout QHBoxLayout horizontalLayout
2026-07-14 11:14:14,058 [DEBUG] (uiparser.py:120) -> pop widget OrganizationCard OrganizationCard
2026-07-14 11:14:14,058 [DEBUG] (uiparser.py:128) -> new topwidget None
2026-07-14 11:14:14,059 [DEBUG] (uiparser.py:838) -> toplevel widget is OrganizationCard
2026-07-14 11:14:14,059 [DEBUG] (properties.py:415) -> setting property geometry
2026-07-14 11:14:14,059 [DEBUG] (properties.py:415) -> setting property minimumSize
2026-07-14 11:14:14,059 [DEBUG] (properties.py:415) -> setting property maximumSize
2026-07-14 11:14:14,059 [DEBUG] (properties.py:415) -> setting property styleSheet
2026-07-14 11:14:14,060 [DEBUG] (uiparser.py:106) -> push OrganizationCard OrganizationCard
2026-07-14 11:14:14,060 [DEBUG] (properties.py:415) -> setting property spacing
2026-07-14 11:14:14,060 [DEBUG] (properties.py:415) -> setting property leftMargin
2026-07-14 11:14:14,060 [DEBUG] (properties.py:415) -> setting property topMargin
2026-07-14 11:14:14,060 [DEBUG] (properties.py:415) -> setting property rightMargin
2026-07-14 11:14:14,060 [DEBUG] (properties.py:415) -> setting property bottomMargin
2026-07-14 11:14:14,060 [DEBUG] (properties.py:415) -> setting property pyuicMargins
2026-07-14 11:14:14,060 [DEBUG] (properties.py:415) -> setting property pyuicSpacing
2026-07-14 11:14:14,060 [DEBUG] (uiparser.py:106) -> push QHBoxLayout horizontalLayout
2026-07-14 11:14:14,060 [DEBUG] (properties.py:415) -> setting property spacing
2026-07-14 11:14:14,060 [DEBUG] (properties.py:415) -> setting property pyuicSpacing
2026-07-14 11:14:14,060 [DEBUG] (uiparser.py:106) -> push QHBoxLayout buttonsLayout
2026-07-14 11:14:14,060 [DEBUG] (properties.py:415) -> setting property spacing
2026-07-14 11:14:14,060 [DEBUG] (properties.py:415) -> setting property topMargin
2026-07-14 11:14:14,060 [DEBUG] (properties.py:415) -> setting property bottomMargin
2026-07-14 11:14:14,060 [DEBUG] (properties.py:415) -> setting property pyuicMargins
2026-07-14 11:14:14,060 [DEBUG] (properties.py:415) -> setting property pyuicSpacing
2026-07-14 11:14:14,060 [DEBUG] (uiparser.py:106) -> push QVBoxLayout infoLayout
2026-07-14 11:14:14,060 [DEBUG] (properties.py:415) -> setting property styleSheet
2026-07-14 11:14:14,060 [DEBUG] (properties.py:415) -> setting property text
2026-07-14 11:14:14,060 [DEBUG] (uiparser.py:106) -> push QLabel nameLabel
2026-07-14 11:14:14,060 [DEBUG] (uiparser.py:120) -> pop widget QLabel nameLabel
2026-07-14 11:14:14,060 [DEBUG] (uiparser.py:128) -> new topwidget <client.windows.system.organizations.organization_card.OrganizationCard object at 0x0000025D64379630>
2026-07-14 11:14:14,060 [DEBUG] (properties.py:415) -> setting property styleSheet
2026-07-14 11:14:14,060 [DEBUG] (properties.py:415) -> setting property text
2026-07-14 11:14:14,060 [DEBUG] (uiparser.py:106) -> push QLabel unpLabel
2026-07-14 11:14:14,060 [DEBUG] (uiparser.py:120) -> pop widget QLabel unpLabel
2026-07-14 11:14:14,060 [DEBUG] (uiparser.py:128) -> new topwidget <client.windows.system.organizations.organization_card.OrganizationCard object at 0x0000025D64379630>
2026-07-14 11:14:14,060 [DEBUG] (properties.py:415) -> setting property styleSheet
2026-07-14 11:14:14,060 [DEBUG] (properties.py:415) -> setting property text
2026-07-14 11:14:14,060 [DEBUG] (uiparser.py:106) -> push QLabel addressLabel
2026-07-14 11:14:14,060 [DEBUG] (uiparser.py:120) -> pop widget QLabel addressLabel
2026-07-14 11:14:14,060 [DEBUG] (uiparser.py:128) -> new topwidget <client.windows.system.organizations.organization_card.OrganizationCard object at 0x0000025D64379630>
2026-07-14 11:14:14,060 [DEBUG] (properties.py:415) -> setting property styleSheet
2026-07-14 11:14:14,060 [DEBUG] (properties.py:415) -> setting property text
2026-07-14 11:14:14,060 [DEBUG] (uiparser.py:106) -> push QLabel phoneLabel
2026-07-14 11:14:14,060 [DEBUG] (uiparser.py:120) -> pop widget QLabel phoneLabel
2026-07-14 11:14:14,060 [DEBUG] (uiparser.py:128) -> new topwidget <client.windows.system.organizations.organization_card.OrganizationCard object at 0x0000025D64379630>
2026-07-14 11:14:14,060 [DEBUG] (properties.py:415) -> setting property styleSheet
2026-07-14 11:14:14,060 [DEBUG] (properties.py:415) -> setting property text
2026-07-14 11:14:14,060 [DEBUG] (uiparser.py:106) -> push QLabel emailLabel
2026-07-14 11:14:14,060 [DEBUG] (uiparser.py:120) -> pop widget QLabel emailLabel
2026-07-14 11:14:14,060 [DEBUG] (uiparser.py:128) -> new topwidget <client.windows.system.organizations.organization_card.OrganizationCard object at 0x0000025D64379630>
2026-07-14 11:14:14,060 [DEBUG] (properties.py:415) -> setting property styleSheet
2026-07-14 11:14:14,060 [DEBUG] (properties.py:415) -> setting property text
2026-07-14 11:14:14,060 [DEBUG] (uiparser.py:106) -> push QLabel directorLabel
2026-07-14 11:14:14,060 [DEBUG] (uiparser.py:120) -> pop widget QLabel directorLabel
2026-07-14 11:14:14,062 [DEBUG] (uiparser.py:128) -> new topwidget <client.windows.system.organizations.organization_card.OrganizationCard object at 0x0000025D64379630>
2026-07-14 11:14:14,062 [DEBUG] (uiparser.py:114) -> pop layout QVBoxLayout infoLayout
2026-07-14 11:14:14,062 [DEBUG] (properties.py:415) -> setting property minimumSize
2026-07-14 11:14:14,062 [DEBUG] (properties.py:415) -> setting property maximumSize
2026-07-14 11:14:14,062 [DEBUG] (properties.py:415) -> setting property cursor
2026-07-14 11:14:14,062 [DEBUG] (properties.py:415) -> setting property styleSheet
2026-07-14 11:14:14,062 [DEBUG] (properties.py:415) -> setting property text
2026-07-14 11:14:14,062 [DEBUG] (uiparser.py:106) -> push QPushButton editBtn
2026-07-14 11:14:14,062 [DEBUG] (uiparser.py:120) -> pop widget QPushButton editBtn
2026-07-14 11:14:14,062 [DEBUG] (uiparser.py:128) -> new topwidget <client.windows.system.organizations.organization_card.OrganizationCard object at 0x0000025D64379630>
2026-07-14 11:14:14,062 [DEBUG] (properties.py:415) -> setting property minimumSize
2026-07-14 11:14:14,062 [DEBUG] (properties.py:415) -> setting property maximumSize
2026-07-14 11:14:14,062 [DEBUG] (properties.py:415) -> setting property cursor
2026-07-14 11:14:14,062 [DEBUG] (properties.py:415) -> setting property styleSheet
2026-07-14 11:14:14,062 [DEBUG] (properties.py:415) -> setting property text
2026-07-14 11:14:14,062 [DEBUG] (uiparser.py:106) -> push QPushButton deleteBtn
2026-07-14 11:14:14,062 [DEBUG] (uiparser.py:120) -> pop widget QPushButton deleteBtn
2026-07-14 11:14:14,062 [DEBUG] (uiparser.py:128) -> new topwidget <client.windows.system.organizations.organization_card.OrganizationCard object at 0x0000025D64379630>
2026-07-14 11:14:14,062 [DEBUG] (uiparser.py:114) -> pop layout QHBoxLayout buttonsLayout
2026-07-14 11:14:14,062 [DEBUG] (uiparser.py:114) -> pop layout QHBoxLayout horizontalLayout
2026-07-14 11:14:14,062 [DEBUG] (uiparser.py:120) -> pop widget OrganizationCard OrganizationCard
2026-07-14 11:14:14,062 [DEBUG] (uiparser.py:128) -> new topwidget None
2026-07-14 11:14:14,064 [DEBUG] (uiparser.py:838) -> toplevel widget is OrganizationCard
2026-07-14 11:14:14,064 [DEBUG] (properties.py:415) -> setting property geometry
2026-07-14 11:14:14,064 [DEBUG] (properties.py:415) -> setting property minimumSize
2026-07-14 11:14:14,064 [DEBUG] (properties.py:415) -> setting property maximumSize
2026-07-14 11:14:14,064 [DEBUG] (properties.py:415) -> setting property styleSheet
2026-07-14 11:14:14,064 [DEBUG] (uiparser.py:106) -> push OrganizationCard OrganizationCard
2026-07-14 11:14:14,064 [DEBUG] (properties.py:415) -> setting property spacing
2026-07-14 11:14:14,064 [DEBUG] (properties.py:415) -> setting property leftMargin
2026-07-14 11:14:14,064 [DEBUG] (properties.py:415) -> setting property topMargin
2026-07-14 11:14:14,064 [DEBUG] (properties.py:415) -> setting property rightMargin
2026-07-14 11:14:14,064 [DEBUG] (properties.py:415) -> setting property bottomMargin
2026-07-14 11:14:14,064 [DEBUG] (properties.py:415) -> setting property pyuicMargins
2026-07-14 11:14:14,064 [DEBUG] (properties.py:415) -> setting property pyuicSpacing
2026-07-14 11:14:14,064 [DEBUG] (uiparser.py:106) -> push QHBoxLayout horizontalLayout
2026-07-14 11:14:14,064 [DEBUG] (properties.py:415) -> setting property spacing
2026-07-14 11:14:14,064 [DEBUG] (properties.py:415) -> setting property pyuicSpacing
2026-07-14 11:14:14,064 [DEBUG] (uiparser.py:106) -> push QHBoxLayout buttonsLayout
2026-07-14 11:14:14,064 [DEBUG] (properties.py:415) -> setting property spacing
2026-07-14 11:14:14,064 [DEBUG] (properties.py:415) -> setting property topMargin
2026-07-14 11:14:14,064 [DEBUG] (properties.py:415) -> setting property bottomMargin
2026-07-14 11:14:14,064 [DEBUG] (properties.py:415) -> setting property pyuicMargins
2026-07-14 11:14:14,064 [DEBUG] (properties.py:415) -> setting property pyuicSpacing
2026-07-14 11:14:14,064 [DEBUG] (uiparser.py:106) -> push QVBoxLayout infoLayout
2026-07-14 11:14:14,064 [DEBUG] (properties.py:415) -> setting property styleSheet
2026-07-14 11:14:14,064 [DEBUG] (properties.py:415) -> setting property text
2026-07-14 11:14:14,064 [DEBUG] (uiparser.py:106) -> push QLabel nameLabel
2026-07-14 11:14:14,064 [DEBUG] (uiparser.py:120) -> pop widget QLabel nameLabel
2026-07-14 11:14:14,064 [DEBUG] (uiparser.py:128) -> new topwidget <client.windows.system.organizations.organization_card.OrganizationCard object at 0x0000025D64379E50>
2026-07-14 11:14:14,064 [DEBUG] (properties.py:415) -> setting property styleSheet
2026-07-14 11:14:14,064 [DEBUG] (properties.py:415) -> setting property text
2026-07-14 11:14:14,064 [DEBUG] (uiparser.py:106) -> push QLabel unpLabel
2026-07-14 11:14:14,064 [DEBUG] (uiparser.py:120) -> pop widget QLabel unpLabel
2026-07-14 11:14:14,064 [DEBUG] (uiparser.py:128) -> new topwidget <client.windows.system.organizations.organization_card.OrganizationCard object at 0x0000025D64379E50>
2026-07-14 11:14:14,064 [DEBUG] (properties.py:415) -> setting property styleSheet
2026-07-14 11:14:14,064 [DEBUG] (properties.py:415) -> setting property text
2026-07-14 11:14:14,064 [DEBUG] (uiparser.py:106) -> push QLabel addressLabel
2026-07-14 11:14:14,064 [DEBUG] (uiparser.py:120) -> pop widget QLabel addressLabel
2026-07-14 11:14:14,064 [DEBUG] (uiparser.py:128) -> new topwidget <client.windows.system.organizations.organization_card.OrganizationCard object at 0x0000025D64379E50>
2026-07-14 11:14:14,064 [DEBUG] (properties.py:415) -> setting property styleSheet
2026-07-14 11:14:14,065 [DEBUG] (properties.py:415) -> setting property text
2026-07-14 11:14:14,065 [DEBUG] (uiparser.py:106) -> push QLabel phoneLabel
2026-07-14 11:14:14,065 [DEBUG] (uiparser.py:120) -> pop widget QLabel phoneLabel
2026-07-14 11:14:14,065 [DEBUG] (uiparser.py:128) -> new topwidget <client.windows.system.organizations.organization_card.OrganizationCard object at 0x0000025D64379E50>
2026-07-14 11:14:14,065 [DEBUG] (properties.py:415) -> setting property styleSheet
2026-07-14 11:14:14,065 [DEBUG] (properties.py:415) -> setting property text
2026-07-14 11:14:14,065 [DEBUG] (uiparser.py:106) -> push QLabel emailLabel
2026-07-14 11:14:14,066 [DEBUG] (uiparser.py:120) -> pop widget QLabel emailLabel
2026-07-14 11:14:14,066 [DEBUG] (uiparser.py:128) -> new topwidget <client.windows.system.organizations.organization_card.OrganizationCard object at 0x0000025D64379E50>
2026-07-14 11:14:14,066 [DEBUG] (properties.py:415) -> setting property styleSheet
2026-07-14 11:14:14,066 [DEBUG] (properties.py:415) -> setting property text
2026-07-14 11:14:14,066 [DEBUG] (uiparser.py:106) -> push QLabel directorLabel
2026-07-14 11:14:14,066 [DEBUG] (uiparser.py:120) -> pop widget QLabel directorLabel
2026-07-14 11:14:14,066 [DEBUG] (uiparser.py:128) -> new topwidget <client.windows.system.organizations.organization_card.OrganizationCard object at 0x0000025D64379E50>
2026-07-14 11:14:14,066 [DEBUG] (uiparser.py:114) -> pop layout QVBoxLayout infoLayout
2026-07-14 11:14:14,066 [DEBUG] (properties.py:415) -> setting property minimumSize
2026-07-14 11:14:14,066 [DEBUG] (properties.py:415) -> setting property maximumSize
2026-07-14 11:14:14,066 [DEBUG] (properties.py:415) -> setting property cursor
2026-07-14 11:14:14,066 [DEBUG] (properties.py:415) -> setting property styleSheet
2026-07-14 11:14:14,066 [DEBUG] (properties.py:415) -> setting property text
2026-07-14 11:14:14,066 [DEBUG] (uiparser.py:106) -> push QPushButton editBtn
2026-07-14 11:14:14,066 [DEBUG] (uiparser.py:120) -> pop widget QPushButton editBtn
2026-07-14 11:14:14,066 [DEBUG] (uiparser.py:128) -> new topwidget <client.windows.system.organizations.organization_card.OrganizationCard object at 0x0000025D64379E50>
2026-07-14 11:14:14,066 [DEBUG] (properties.py:415) -> setting property minimumSize
2026-07-14 11:14:14,066 [DEBUG] (properties.py:415) -> setting property maximumSize
2026-07-14 11:14:14,066 [DEBUG] (properties.py:415) -> setting property cursor
2026-07-14 11:14:14,066 [DEBUG] (properties.py:415) -> setting property styleSheet
2026-07-14 11:14:14,066 [DEBUG] (properties.py:415) -> setting property text
2026-07-14 11:14:14,066 [DEBUG] (uiparser.py:106) -> push QPushButton deleteBtn
2026-07-14 11:14:14,066 [DEBUG] (uiparser.py:120) -> pop widget QPushButton deleteBtn
2026-07-14 11:14:14,066 [DEBUG] (uiparser.py:128) -> new topwidget <client.windows.system.organizations.organization_card.OrganizationCard object at 0x0000025D64379E50>
2026-07-14 11:14:14,066 [DEBUG] (uiparser.py:114) -> pop layout QHBoxLayout buttonsLayout
2026-07-14 11:14:14,066 [DEBUG] (uiparser.py:114) -> pop layout QHBoxLayout horizontalLayout
2026-07-14 11:14:14,066 [DEBUG] (uiparser.py:120) -> pop widget OrganizationCard OrganizationCard
2026-07-14 11:14:14,066 [DEBUG] (uiparser.py:128) -> new topwidget None
2026-07-14 11:14:14,068 [DEBUG] (uiparser.py:838) -> toplevel widget is OrganizationCard
2026-07-14 11:14:14,068 [DEBUG] (properties.py:415) -> setting property geometry
2026-07-14 11:14:14,068 [DEBUG] (properties.py:415) -> setting property minimumSize
2026-07-14 11:14:14,068 [DEBUG] (properties.py:415) -> setting property maximumSize
2026-07-14 11:14:14,068 [DEBUG] (properties.py:415) -> setting property styleSheet
2026-07-14 11:14:14,068 [DEBUG] (uiparser.py:106) -> push OrganizationCard OrganizationCard
2026-07-14 11:14:14,068 [DEBUG] (properties.py:415) -> setting property spacing
2026-07-14 11:14:14,068 [DEBUG] (properties.py:415) -> setting property leftMargin
2026-07-14 11:14:14,068 [DEBUG] (properties.py:415) -> setting property topMargin
2026-07-14 11:14:14,068 [DEBUG] (properties.py:415) -> setting property rightMargin
2026-07-14 11:14:14,068 [DEBUG] (properties.py:415) -> setting property bottomMargin
2026-07-14 11:14:14,068 [DEBUG] (properties.py:415) -> setting property pyuicMargins
2026-07-14 11:14:14,068 [DEBUG] (properties.py:415) -> setting property pyuicSpacing
2026-07-14 11:14:14,068 [DEBUG] (uiparser.py:106) -> push QHBoxLayout horizontalLayout
2026-07-14 11:14:14,068 [DEBUG] (properties.py:415) -> setting property spacing
2026-07-14 11:14:14,068 [DEBUG] (properties.py:415) -> setting property pyuicSpacing
2026-07-14 11:14:14,068 [DEBUG] (uiparser.py:106) -> push QHBoxLayout buttonsLayout
2026-07-14 11:14:14,068 [DEBUG] (properties.py:415) -> setting property spacing
2026-07-14 11:14:14,068 [DEBUG] (properties.py:415) -> setting property topMargin
2026-07-14 11:14:14,068 [DEBUG] (properties.py:415) -> setting property bottomMargin
2026-07-14 11:14:14,068 [DEBUG] (properties.py:415) -> setting property pyuicMargins
2026-07-14 11:14:14,068 [DEBUG] (properties.py:415) -> setting property pyuicSpacing
2026-07-14 11:14:14,068 [DEBUG] (uiparser.py:106) -> push QVBoxLayout infoLayout
2026-07-14 11:14:14,068 [DEBUG] (properties.py:415) -> setting property styleSheet
2026-07-14 11:14:14,068 [DEBUG] (properties.py:415) -> setting property text
2026-07-14 11:14:14,068 [DEBUG] (uiparser.py:106) -> push QLabel nameLabel
2026-07-14 11:14:14,068 [DEBUG] (uiparser.py:120) -> pop widget QLabel nameLabel
2026-07-14 11:14:14,068 [DEBUG] (uiparser.py:128) -> new topwidget <client.windows.system.organizations.organization_card.OrganizationCard object at 0x0000025D6437A670>
2026-07-14 11:14:14,068 [DEBUG] (properties.py:415) -> setting property styleSheet
2026-07-14 11:14:14,068 [DEBUG] (properties.py:415) -> setting property text
2026-07-14 11:14:14,068 [DEBUG] (uiparser.py:106) -> push QLabel unpLabel
2026-07-14 11:14:14,068 [DEBUG] (uiparser.py:120) -> pop widget QLabel unpLabel
2026-07-14 11:14:14,068 [DEBUG] (uiparser.py:128) -> new topwidget <client.windows.system.organizations.organization_card.OrganizationCard object at 0x0000025D6437A670>
2026-07-14 11:14:14,068 [DEBUG] (properties.py:415) -> setting property styleSheet
2026-07-14 11:14:14,068 [DEBUG] (properties.py:415) -> setting property text
2026-07-14 11:14:14,068 [DEBUG] (uiparser.py:106) -> push QLabel addressLabel
2026-07-14 11:14:14,068 [DEBUG] (uiparser.py:120) -> pop widget QLabel addressLabel
2026-07-14 11:14:14,068 [DEBUG] (uiparser.py:128) -> new topwidget <client.windows.system.organizations.organization_card.OrganizationCard object at 0x0000025D6437A670>
2026-07-14 11:14:14,068 [DEBUG] (properties.py:415) -> setting property styleSheet
2026-07-14 11:14:14,068 [DEBUG] (properties.py:415) -> setting property text
2026-07-14 11:14:14,068 [DEBUG] (uiparser.py:106) -> push QLabel phoneLabel
2026-07-14 11:14:14,069 [DEBUG] (uiparser.py:120) -> pop widget QLabel phoneLabel
2026-07-14 11:14:14,069 [DEBUG] (uiparser.py:128) -> new topwidget <client.windows.system.organizations.organization_card.OrganizationCard object at 0x0000025D6437A670>
2026-07-14 11:14:14,069 [DEBUG] (properties.py:415) -> setting property styleSheet
2026-07-14 11:14:14,069 [DEBUG] (properties.py:415) -> setting property text
2026-07-14 11:14:14,069 [DEBUG] (uiparser.py:106) -> push QLabel emailLabel
2026-07-14 11:14:14,070 [DEBUG] (uiparser.py:120) -> pop widget QLabel emailLabel
2026-07-14 11:14:14,070 [DEBUG] (uiparser.py:128) -> new topwidget <client.windows.system.organizations.organization_card.OrganizationCard object at 0x0000025D6437A670>
2026-07-14 11:14:14,070 [DEBUG] (properties.py:415) -> setting property styleSheet
2026-07-14 11:14:14,070 [DEBUG] (properties.py:415) -> setting property text
2026-07-14 11:14:14,070 [DEBUG] (uiparser.py:106) -> push QLabel directorLabel
2026-07-14 11:14:14,070 [DEBUG] (uiparser.py:120) -> pop widget QLabel directorLabel
2026-07-14 11:14:14,070 [DEBUG] (uiparser.py:128) -> new topwidget <client.windows.system.organizations.organization_card.OrganizationCard object at 0x0000025D6437A670>
2026-07-14 11:14:14,070 [DEBUG] (uiparser.py:114) -> pop layout QVBoxLayout infoLayout
2026-07-14 11:14:14,070 [DEBUG] (properties.py:415) -> setting property minimumSize
2026-07-14 11:14:14,070 [DEBUG] (properties.py:415) -> setting property maximumSize
2026-07-14 11:14:14,070 [DEBUG] (properties.py:415) -> setting property cursor
2026-07-14 11:14:14,070 [DEBUG] (properties.py:415) -> setting property styleSheet
2026-07-14 11:14:14,070 [DEBUG] (properties.py:415) -> setting property text
2026-07-14 11:14:14,070 [DEBUG] (uiparser.py:106) -> push QPushButton editBtn
2026-07-14 11:14:14,070 [DEBUG] (uiparser.py:120) -> pop widget QPushButton editBtn
2026-07-14 11:14:14,070 [DEBUG] (uiparser.py:128) -> new topwidget <client.windows.system.organizations.organization_card.OrganizationCard object at 0x0000025D6437A670>
2026-07-14 11:14:14,070 [DEBUG] (properties.py:415) -> setting property minimumSize
2026-07-14 11:14:14,070 [DEBUG] (properties.py:415) -> setting property maximumSize
2026-07-14 11:14:14,070 [DEBUG] (properties.py:415) -> setting property cursor
2026-07-14 11:14:14,070 [DEBUG] (properties.py:415) -> setting property styleSheet
2026-07-14 11:14:14,070 [DEBUG] (properties.py:415) -> setting property text
2026-07-14 11:14:14,070 [DEBUG] (uiparser.py:106) -> push QPushButton deleteBtn
2026-07-14 11:14:14,070 [DEBUG] (uiparser.py:120) -> pop widget QPushButton deleteBtn
2026-07-14 11:14:14,070 [DEBUG] (uiparser.py:128) -> new topwidget <client.windows.system.organizations.organization_card.OrganizationCard object at 0x0000025D6437A670>
2026-07-14 11:14:14,070 [DEBUG] (uiparser.py:114) -> pop layout QHBoxLayout buttonsLayout
2026-07-14 11:14:14,070 [DEBUG] (uiparser.py:114) -> pop layout QHBoxLayout horizontalLayout
2026-07-14 11:14:14,070 [DEBUG] (uiparser.py:120) -> pop widget OrganizationCard OrganizationCard
2026-07-14 11:14:14,070 [DEBUG] (uiparser.py:128) -> new topwidget None
2026-07-14 11:14:14,072 [DEBUG] (uiparser.py:838) -> toplevel widget is OrganizationCard
2026-07-14 11:14:14,072 [DEBUG] (properties.py:415) -> setting property geometry
2026-07-14 11:14:14,072 [DEBUG] (properties.py:415) -> setting property minimumSize
2026-07-14 11:14:14,072 [DEBUG] (properties.py:415) -> setting property maximumSize
2026-07-14 11:14:14,072 [DEBUG] (properties.py:415) -> setting property styleSheet
2026-07-14 11:14:14,072 [DEBUG] (uiparser.py:106) -> push OrganizationCard OrganizationCard
2026-07-14 11:14:14,072 [DEBUG] (properties.py:415) -> setting property spacing
2026-07-14 11:14:14,072 [DEBUG] (properties.py:415) -> setting property leftMargin
2026-07-14 11:14:14,072 [DEBUG] (properties.py:415) -> setting property topMargin
2026-07-14 11:14:14,072 [DEBUG] (properties.py:415) -> setting property rightMargin
2026-07-14 11:14:14,072 [DEBUG] (properties.py:415) -> setting property bottomMargin
2026-07-14 11:14:14,072 [DEBUG] (properties.py:415) -> setting property pyuicMargins
2026-07-14 11:14:14,072 [DEBUG] (properties.py:415) -> setting property pyuicSpacing
2026-07-14 11:14:14,072 [DEBUG] (uiparser.py:106) -> push QHBoxLayout horizontalLayout
2026-07-14 11:14:14,072 [DEBUG] (properties.py:415) -> setting property spacing
2026-07-14 11:14:14,072 [DEBUG] (properties.py:415) -> setting property pyuicSpacing
2026-07-14 11:14:14,072 [DEBUG] (uiparser.py:106) -> push QHBoxLayout buttonsLayout
2026-07-14 11:14:14,072 [DEBUG] (properties.py:415) -> setting property spacing
2026-07-14 11:14:14,072 [DEBUG] (properties.py:415) -> setting property topMargin
2026-07-14 11:14:14,072 [DEBUG] (properties.py:415) -> setting property bottomMargin
2026-07-14 11:14:14,072 [DEBUG] (properties.py:415) -> setting property pyuicMargins
2026-07-14 11:14:14,072 [DEBUG] (properties.py:415) -> setting property pyuicSpacing
2026-07-14 11:14:14,072 [DEBUG] (uiparser.py:106) -> push QVBoxLayout infoLayout
2026-07-14 11:14:14,072 [DEBUG] (properties.py:415) -> setting property styleSheet
2026-07-14 11:14:14,072 [DEBUG] (properties.py:415) -> setting property text
2026-07-14 11:14:14,072 [DEBUG] (uiparser.py:106) -> push QLabel nameLabel
2026-07-14 11:14:14,072 [DEBUG] (uiparser.py:120) -> pop widget QLabel nameLabel
2026-07-14 11:14:14,072 [DEBUG] (uiparser.py:128) -> new topwidget <client.windows.system.organizations.organization_card.OrganizationCard object at 0x0000025D6437AE90>
2026-07-14 11:14:14,072 [DEBUG] (properties.py:415) -> setting property styleSheet
2026-07-14 11:14:14,072 [DEBUG] (properties.py:415) -> setting property text
2026-07-14 11:14:14,072 [DEBUG] (uiparser.py:106) -> push QLabel unpLabel
2026-07-14 11:14:14,072 [DEBUG] (uiparser.py:120) -> pop widget QLabel unpLabel
2026-07-14 11:14:14,072 [DEBUG] (uiparser.py:128) -> new topwidget <client.windows.system.organizations.organization_card.OrganizationCard object at 0x0000025D6437AE90>
2026-07-14 11:14:14,072 [DEBUG] (properties.py:415) -> setting property styleSheet
2026-07-14 11:14:14,072 [DEBUG] (properties.py:415) -> setting property text
2026-07-14 11:14:14,072 [DEBUG] (uiparser.py:106) -> push QLabel addressLabel
2026-07-14 11:14:14,072 [DEBUG] (uiparser.py:120) -> pop widget QLabel addressLabel
2026-07-14 11:14:14,072 [DEBUG] (uiparser.py:128) -> new topwidget <client.windows.system.organizations.organization_card.OrganizationCard object at 0x0000025D6437AE90>
2026-07-14 11:14:14,072 [DEBUG] (properties.py:415) -> setting property styleSheet
2026-07-14 11:14:14,072 [DEBUG] (properties.py:415) -> setting property text
2026-07-14 11:14:14,072 [DEBUG] (uiparser.py:106) -> push QLabel phoneLabel
2026-07-14 11:14:14,073 [DEBUG] (uiparser.py:120) -> pop widget QLabel phoneLabel
2026-07-14 11:14:14,073 [DEBUG] (uiparser.py:128) -> new topwidget <client.windows.system.organizations.organization_card.OrganizationCard object at 0x0000025D6437AE90>
2026-07-14 11:14:14,073 [DEBUG] (properties.py:415) -> setting property styleSheet
2026-07-14 11:14:14,073 [DEBUG] (properties.py:415) -> setting property text
2026-07-14 11:14:14,073 [DEBUG] (uiparser.py:106) -> push QLabel emailLabel
2026-07-14 11:14:14,078 [DEBUG] (uiparser.py:120) -> pop widget QLabel emailLabel
2026-07-14 11:14:14,078 [DEBUG] (uiparser.py:128) -> new topwidget <client.windows.system.organizations.organization_card.OrganizationCard object at 0x0000025D6437AE90>
2026-07-14 11:14:14,078 [DEBUG] (properties.py:415) -> setting property styleSheet
2026-07-14 11:14:14,078 [DEBUG] (properties.py:415) -> setting property text
2026-07-14 11:14:14,078 [DEBUG] (uiparser.py:106) -> push QLabel directorLabel
2026-07-14 11:14:14,078 [DEBUG] (uiparser.py:120) -> pop widget QLabel directorLabel
2026-07-14 11:14:14,078 [DEBUG] (uiparser.py:128) -> new topwidget <client.windows.system.organizations.organization_card.OrganizationCard object at 0x0000025D6437AE90>
2026-07-14 11:14:14,078 [DEBUG] (uiparser.py:114) -> pop layout QVBoxLayout infoLayout
2026-07-14 11:14:14,078 [DEBUG] (properties.py:415) -> setting property minimumSize
2026-07-14 11:14:14,078 [DEBUG] (properties.py:415) -> setting property maximumSize
2026-07-14 11:14:14,078 [DEBUG] (properties.py:415) -> setting property cursor
2026-07-14 11:14:14,078 [DEBUG] (properties.py:415) -> setting property styleSheet
2026-07-14 11:14:14,078 [DEBUG] (properties.py:415) -> setting property text
2026-07-14 11:14:14,078 [DEBUG] (uiparser.py:106) -> push QPushButton editBtn
2026-07-14 11:14:14,078 [DEBUG] (uiparser.py:120) -> pop widget QPushButton editBtn
2026-07-14 11:14:14,078 [DEBUG] (uiparser.py:128) -> new topwidget <client.windows.system.organizations.organization_card.OrganizationCard object at 0x0000025D6437AE90>
2026-07-14 11:14:14,078 [DEBUG] (properties.py:415) -> setting property minimumSize
2026-07-14 11:14:14,078 [DEBUG] (properties.py:415) -> setting property maximumSize
2026-07-14 11:14:14,078 [DEBUG] (properties.py:415) -> setting property cursor
2026-07-14 11:14:14,078 [DEBUG] (properties.py:415) -> setting property styleSheet
2026-07-14 11:14:14,078 [DEBUG] (properties.py:415) -> setting property text
2026-07-14 11:14:14,078 [DEBUG] (uiparser.py:106) -> push QPushButton deleteBtn
2026-07-14 11:14:14,078 [DEBUG] (uiparser.py:120) -> pop widget QPushButton deleteBtn
2026-07-14 11:14:14,078 [DEBUG] (uiparser.py:128) -> new topwidget <client.windows.system.organizations.organization_card.OrganizationCard object at 0x0000025D6437AE90>
2026-07-14 11:14:14,078 [DEBUG] (uiparser.py:114) -> pop layout QHBoxLayout buttonsLayout
2026-07-14 11:14:14,078 [DEBUG] (uiparser.py:114) -> pop layout QHBoxLayout horizontalLayout
2026-07-14 11:14:14,078 [DEBUG] (uiparser.py:120) -> pop widget OrganizationCard OrganizationCard
2026-07-14 11:14:14,078 [DEBUG] (uiparser.py:128) -> new topwidget None
2026-07-14 11:14:14,080 [DEBUG] (uiparser.py:838) -> toplevel widget is OrganizationCard
2026-07-14 11:14:14,080 [DEBUG] (properties.py:415) -> setting property geometry
2026-07-14 11:14:14,080 [DEBUG] (properties.py:415) -> setting property minimumSize
2026-07-14 11:14:14,080 [DEBUG] (properties.py:415) -> setting property maximumSize
2026-07-14 11:14:14,080 [DEBUG] (properties.py:415) -> setting property styleSheet
2026-07-14 11:14:14,080 [DEBUG] (uiparser.py:106) -> push OrganizationCard OrganizationCard
2026-07-14 11:14:14,080 [DEBUG] (properties.py:415) -> setting property spacing
2026-07-14 11:14:14,080 [DEBUG] (properties.py:415) -> setting property leftMargin
2026-07-14 11:14:14,080 [DEBUG] (properties.py:415) -> setting property topMargin
2026-07-14 11:14:14,080 [DEBUG] (properties.py:415) -> setting property rightMargin
2026-07-14 11:14:14,080 [DEBUG] (properties.py:415) -> setting property bottomMargin
2026-07-14 11:14:14,080 [DEBUG] (properties.py:415) -> setting property pyuicMargins
2026-07-14 11:14:14,080 [DEBUG] (properties.py:415) -> setting property pyuicSpacing
2026-07-14 11:14:14,080 [DEBUG] (uiparser.py:106) -> push QHBoxLayout horizontalLayout
2026-07-14 11:14:14,080 [DEBUG] (properties.py:415) -> setting property spacing
2026-07-14 11:14:14,080 [DEBUG] (properties.py:415) -> setting property pyuicSpacing
2026-07-14 11:14:14,080 [DEBUG] (uiparser.py:106) -> push QHBoxLayout buttonsLayout
2026-07-14 11:14:14,080 [DEBUG] (properties.py:415) -> setting property spacing
2026-07-14 11:14:14,080 [DEBUG] (properties.py:415) -> setting property topMargin
2026-07-14 11:14:14,080 [DEBUG] (properties.py:415) -> setting property bottomMargin
2026-07-14 11:14:14,080 [DEBUG] (properties.py:415) -> setting property pyuicMargins
2026-07-14 11:14:14,080 [DEBUG] (properties.py:415) -> setting property pyuicSpacing
2026-07-14 11:14:14,080 [DEBUG] (uiparser.py:106) -> push QVBoxLayout infoLayout
2026-07-14 11:14:14,080 [DEBUG] (properties.py:415) -> setting property styleSheet
2026-07-14 11:14:14,080 [DEBUG] (properties.py:415) -> setting property text
2026-07-14 11:14:14,080 [DEBUG] (uiparser.py:106) -> push QLabel nameLabel
2026-07-14 11:14:14,080 [DEBUG] (uiparser.py:120) -> pop widget QLabel nameLabel
2026-07-14 11:14:14,080 [DEBUG] (uiparser.py:128) -> new topwidget <client.windows.system.organizations.organization_card.OrganizationCard object at 0x0000025D6437B6B0>
2026-07-14 11:14:14,080 [DEBUG] (properties.py:415) -> setting property styleSheet
2026-07-14 11:14:14,080 [DEBUG] (properties.py:415) -> setting property text
2026-07-14 11:14:14,080 [DEBUG] (uiparser.py:106) -> push QLabel unpLabel
2026-07-14 11:14:14,080 [DEBUG] (uiparser.py:120) -> pop widget QLabel unpLabel
2026-07-14 11:14:14,080 [DEBUG] (uiparser.py:128) -> new topwidget <client.windows.system.organizations.organization_card.OrganizationCard object at 0x0000025D6437B6B0>
2026-07-14 11:14:14,080 [DEBUG] (properties.py:415) -> setting property styleSheet
2026-07-14 11:14:14,080 [DEBUG] (properties.py:415) -> setting property text
2026-07-14 11:14:14,080 [DEBUG] (uiparser.py:106) -> push QLabel addressLabel
2026-07-14 11:14:14,080 [DEBUG] (uiparser.py:120) -> pop widget QLabel addressLabel
2026-07-14 11:14:14,081 [DEBUG] (uiparser.py:128) -> new topwidget <client.windows.system.organizations.organization_card.OrganizationCard object at 0x0000025D6437B6B0>
2026-07-14 11:14:14,081 [DEBUG] (properties.py:415) -> setting property styleSheet
2026-07-14 11:14:14,081 [DEBUG] (properties.py:415) -> setting property text
2026-07-14 11:14:14,081 [DEBUG] (uiparser.py:106) -> push QLabel phoneLabel
2026-07-14 11:14:14,081 [DEBUG] (uiparser.py:120) -> pop widget QLabel phoneLabel
2026-07-14 11:14:14,081 [DEBUG] (uiparser.py:128) -> new topwidget <client.windows.system.organizations.organization_card.OrganizationCard object at 0x0000025D6437B6B0>
2026-07-14 11:14:14,081 [DEBUG] (properties.py:415) -> setting property styleSheet
2026-07-14 11:14:14,081 [DEBUG] (properties.py:415) -> setting property text
2026-07-14 11:14:14,081 [DEBUG] (uiparser.py:106) -> push QLabel emailLabel
2026-07-14 11:14:14,081 [DEBUG] (uiparser.py:120) -> pop widget QLabel emailLabel
2026-07-14 11:14:14,081 [DEBUG] (uiparser.py:128) -> new topwidget <client.windows.system.organizations.organization_card.OrganizationCard object at 0x0000025D6437B6B0>
2026-07-14 11:14:14,081 [DEBUG] (properties.py:415) -> setting property styleSheet
2026-07-14 11:14:14,081 [DEBUG] (properties.py:415) -> setting property text
2026-07-14 11:14:14,081 [DEBUG] (uiparser.py:106) -> push QLabel directorLabel
2026-07-14 11:14:14,081 [DEBUG] (uiparser.py:120) -> pop widget QLabel directorLabel
2026-07-14 11:14:14,081 [DEBUG] (uiparser.py:128) -> new topwidget <client.windows.system.organizations.organization_card.OrganizationCard object at 0x0000025D6437B6B0>
2026-07-14 11:14:14,081 [DEBUG] (uiparser.py:114) -> pop layout QVBoxLayout infoLayout
2026-07-14 11:14:14,081 [DEBUG] (properties.py:415) -> setting property minimumSize
2026-07-14 11:14:14,081 [DEBUG] (properties.py:415) -> setting property maximumSize
2026-07-14 11:14:14,081 [DEBUG] (properties.py:415) -> setting property cursor
2026-07-14 11:14:14,081 [DEBUG] (properties.py:415) -> setting property styleSheet
2026-07-14 11:14:14,081 [DEBUG] (properties.py:415) -> setting property text
2026-07-14 11:14:14,081 [DEBUG] (uiparser.py:106) -> push QPushButton editBtn
2026-07-14 11:14:14,081 [DEBUG] (uiparser.py:120) -> pop widget QPushButton editBtn
2026-07-14 11:14:14,081 [DEBUG] (uiparser.py:128) -> new topwidget <client.windows.system.organizations.organization_card.OrganizationCard object at 0x0000025D6437B6B0>
2026-07-14 11:14:14,081 [DEBUG] (properties.py:415) -> setting property minimumSize
2026-07-14 11:14:14,081 [DEBUG] (properties.py:415) -> setting property maximumSize
2026-07-14 11:14:14,081 [DEBUG] (properties.py:415) -> setting property cursor
2026-07-14 11:14:14,081 [DEBUG] (properties.py:415) -> setting property styleSheet
2026-07-14 11:14:14,081 [DEBUG] (properties.py:415) -> setting property text
2026-07-14 11:14:14,081 [DEBUG] (uiparser.py:106) -> push QPushButton deleteBtn
2026-07-14 11:14:14,081 [DEBUG] (uiparser.py:120) -> pop widget QPushButton deleteBtn
2026-07-14 11:14:14,081 [DEBUG] (uiparser.py:128) -> new topwidget <client.windows.system.organizations.organization_card.OrganizationCard object at 0x0000025D6437B6B0>
2026-07-14 11:14:14,081 [DEBUG] (uiparser.py:114) -> pop layout QHBoxLayout buttonsLayout
2026-07-14 11:14:14,081 [DEBUG] (uiparser.py:114) -> pop layout QHBoxLayout horizontalLayout
2026-07-14 11:14:14,081 [DEBUG] (uiparser.py:120) -> pop widget OrganizationCard OrganizationCard
2026-07-14 11:14:14,081 [DEBUG] (uiparser.py:128) -> new topwidget None
2026-07-14 11:14:14,083 [DEBUG] (uiparser.py:838) -> toplevel widget is OrganizationCard
2026-07-14 11:14:14,083 [DEBUG] (properties.py:415) -> setting property geometry
2026-07-14 11:14:14,083 [DEBUG] (properties.py:415) -> setting property minimumSize
2026-07-14 11:14:14,083 [DEBUG] (properties.py:415) -> setting property maximumSize
2026-07-14 11:14:14,083 [DEBUG] (properties.py:415) -> setting property styleSheet
2026-07-14 11:14:14,083 [DEBUG] (uiparser.py:106) -> push OrganizationCard OrganizationCard
2026-07-14 11:14:14,083 [DEBUG] (properties.py:415) -> setting property spacing
2026-07-14 11:14:14,083 [DEBUG] (properties.py:415) -> setting property leftMargin
2026-07-14 11:14:14,083 [DEBUG] (properties.py:415) -> setting property topMargin
2026-07-14 11:14:14,083 [DEBUG] (properties.py:415) -> setting property rightMargin
2026-07-14 11:14:14,083 [DEBUG] (properties.py:415) -> setting property bottomMargin
2026-07-14 11:14:14,083 [DEBUG] (properties.py:415) -> setting property pyuicMargins
2026-07-14 11:14:14,083 [DEBUG] (properties.py:415) -> setting property pyuicSpacing
2026-07-14 11:14:14,083 [DEBUG] (uiparser.py:106) -> push QHBoxLayout horizontalLayout
2026-07-14 11:14:14,083 [DEBUG] (properties.py:415) -> setting property spacing
2026-07-14 11:14:14,083 [DEBUG] (properties.py:415) -> setting property pyuicSpacing
2026-07-14 11:14:14,083 [DEBUG] (uiparser.py:106) -> push QHBoxLayout buttonsLayout
2026-07-14 11:14:14,083 [DEBUG] (properties.py:415) -> setting property spacing
2026-07-14 11:14:14,083 [DEBUG] (properties.py:415) -> setting property topMargin
2026-07-14 11:14:14,083 [DEBUG] (properties.py:415) -> setting property bottomMargin
2026-07-14 11:14:14,083 [DEBUG] (properties.py:415) -> setting property pyuicMargins
2026-07-14 11:14:14,083 [DEBUG] (properties.py:415) -> setting property pyuicSpacing
2026-07-14 11:14:14,083 [DEBUG] (uiparser.py:106) -> push QVBoxLayout infoLayout
2026-07-14 11:14:14,083 [DEBUG] (properties.py:415) -> setting property styleSheet
2026-07-14 11:14:14,083 [DEBUG] (properties.py:415) -> setting property text
2026-07-14 11:14:14,083 [DEBUG] (uiparser.py:106) -> push QLabel nameLabel
2026-07-14 11:14:14,083 [DEBUG] (uiparser.py:120) -> pop widget QLabel nameLabel
2026-07-14 11:14:14,083 [DEBUG] (uiparser.py:128) -> new topwidget <client.windows.system.organizations.organization_card.OrganizationCard object at 0x0000025D6437BED0>
2026-07-14 11:14:14,083 [DEBUG] (properties.py:415) -> setting property styleSheet
2026-07-14 11:14:14,083 [DEBUG] (properties.py:415) -> setting property text
2026-07-14 11:14:14,083 [DEBUG] (uiparser.py:106) -> push QLabel unpLabel
2026-07-14 11:14:14,083 [DEBUG] (uiparser.py:120) -> pop widget QLabel unpLabel
2026-07-14 11:14:14,083 [DEBUG] (uiparser.py:128) -> new topwidget <client.windows.system.organizations.organization_card.OrganizationCard object at 0x0000025D6437BED0>
2026-07-14 11:14:14,083 [DEBUG] (properties.py:415) -> setting property styleSheet
2026-07-14 11:14:14,083 [DEBUG] (properties.py:415) -> setting property text
2026-07-14 11:14:14,083 [DEBUG] (uiparser.py:106) -> push QLabel addressLabel
2026-07-14 11:14:14,083 [DEBUG] (uiparser.py:120) -> pop widget QLabel addressLabel
2026-07-14 11:14:14,083 [DEBUG] (uiparser.py:128) -> new topwidget <client.windows.system.organizations.organization_card.OrganizationCard object at 0x0000025D6437BED0>
2026-07-14 11:14:14,084 [DEBUG] (properties.py:415) -> setting property styleSheet
2026-07-14 11:14:14,084 [DEBUG] (properties.py:415) -> setting property text
2026-07-14 11:14:14,084 [DEBUG] (uiparser.py:106) -> push QLabel phoneLabel
2026-07-14 11:14:14,084 [DEBUG] (uiparser.py:120) -> pop widget QLabel phoneLabel
2026-07-14 11:14:14,084 [DEBUG] (uiparser.py:128) -> new topwidget <client.windows.system.organizations.organization_card.OrganizationCard object at 0x0000025D6437BED0>
2026-07-14 11:14:14,084 [DEBUG] (properties.py:415) -> setting property styleSheet
2026-07-14 11:14:14,084 [DEBUG] (properties.py:415) -> setting property text
2026-07-14 11:14:14,084 [DEBUG] (uiparser.py:106) -> push QLabel emailLabel
2026-07-14 11:14:14,084 [DEBUG] (uiparser.py:120) -> pop widget QLabel emailLabel
2026-07-14 11:14:14,084 [DEBUG] (uiparser.py:128) -> new topwidget <client.windows.system.organizations.organization_card.OrganizationCard object at 0x0000025D6437BED0>
2026-07-14 11:14:14,084 [DEBUG] (properties.py:415) -> setting property styleSheet
2026-07-14 11:14:14,084 [DEBUG] (properties.py:415) -> setting property text
2026-07-14 11:14:14,084 [DEBUG] (uiparser.py:106) -> push QLabel directorLabel
2026-07-14 11:14:14,084 [DEBUG] (uiparser.py:120) -> pop widget QLabel directorLabel
2026-07-14 11:14:14,084 [DEBUG] (uiparser.py:128) -> new topwidget <client.windows.system.organizations.organization_card.OrganizationCard object at 0x0000025D6437BED0>
2026-07-14 11:14:14,084 [DEBUG] (uiparser.py:114) -> pop layout QVBoxLayout infoLayout
2026-07-14 11:14:14,084 [DEBUG] (properties.py:415) -> setting property minimumSize
2026-07-14 11:14:14,084 [DEBUG] (properties.py:415) -> setting property maximumSize
2026-07-14 11:14:14,084 [DEBUG] (properties.py:415) -> setting property cursor
2026-07-14 11:14:14,084 [DEBUG] (properties.py:415) -> setting property styleSheet
2026-07-14 11:14:14,084 [DEBUG] (properties.py:415) -> setting property text
2026-07-14 11:14:14,084 [DEBUG] (uiparser.py:106) -> push QPushButton editBtn
2026-07-14 11:14:14,084 [DEBUG] (uiparser.py:120) -> pop widget QPushButton editBtn
2026-07-14 11:14:14,084 [DEBUG] (uiparser.py:128) -> new topwidget <client.windows.system.organizations.organization_card.OrganizationCard object at 0x0000025D6437BED0>
2026-07-14 11:14:14,084 [DEBUG] (properties.py:415) -> setting property minimumSize
2026-07-14 11:14:14,084 [DEBUG] (properties.py:415) -> setting property maximumSize
2026-07-14 11:14:14,084 [DEBUG] (properties.py:415) -> setting property cursor
2026-07-14 11:14:14,084 [DEBUG] (properties.py:415) -> setting property styleSheet
2026-07-14 11:14:14,084 [DEBUG] (properties.py:415) -> setting property text
2026-07-14 11:14:14,084 [DEBUG] (uiparser.py:106) -> push QPushButton deleteBtn
2026-07-14 11:14:14,084 [DEBUG] (uiparser.py:120) -> pop widget QPushButton deleteBtn
2026-07-14 11:14:14,084 [DEBUG] (uiparser.py:128) -> new topwidget <client.windows.system.organizations.organization_card.OrganizationCard object at 0x0000025D6437BED0>
2026-07-14 11:14:14,084 [DEBUG] (uiparser.py:114) -> pop layout QHBoxLayout buttonsLayout
2026-07-14 11:14:14,084 [DEBUG] (uiparser.py:114) -> pop layout QHBoxLayout horizontalLayout
2026-07-14 11:14:14,084 [DEBUG] (uiparser.py:120) -> pop widget OrganizationCard OrganizationCard
2026-07-14 11:14:14,084 [DEBUG] (uiparser.py:128) -> new topwidget None
2026-07-14 11:14:14,086 [DEBUG] (uiparser.py:838) -> toplevel widget is OrganizationCard
2026-07-14 11:14:14,086 [DEBUG] (properties.py:415) -> setting property geometry
2026-07-14 11:14:14,086 [DEBUG] (properties.py:415) -> setting property minimumSize
2026-07-14 11:14:14,086 [DEBUG] (properties.py:415) -> setting property maximumSize
2026-07-14 11:14:14,086 [DEBUG] (properties.py:415) -> setting property styleSheet
2026-07-14 11:14:14,086 [DEBUG] (uiparser.py:106) -> push OrganizationCard OrganizationCard
2026-07-14 11:14:14,086 [DEBUG] (properties.py:415) -> setting property spacing
2026-07-14 11:14:14,086 [DEBUG] (properties.py:415) -> setting property leftMargin
2026-07-14 11:14:14,086 [DEBUG] (properties.py:415) -> setting property topMargin
2026-07-14 11:14:14,086 [DEBUG] (properties.py:415) -> setting property rightMargin
2026-07-14 11:14:14,086 [DEBUG] (properties.py:415) -> setting property bottomMargin
2026-07-14 11:14:14,086 [DEBUG] (properties.py:415) -> setting property pyuicMargins
2026-07-14 11:14:14,086 [DEBUG] (properties.py:415) -> setting property pyuicSpacing
2026-07-14 11:14:14,086 [DEBUG] (uiparser.py:106) -> push QHBoxLayout horizontalLayout
2026-07-14 11:14:14,086 [DEBUG] (properties.py:415) -> setting property spacing
2026-07-14 11:14:14,086 [DEBUG] (properties.py:415) -> setting property pyuicSpacing
2026-07-14 11:14:14,086 [DEBUG] (uiparser.py:106) -> push QHBoxLayout buttonsLayout
2026-07-14 11:14:14,086 [DEBUG] (properties.py:415) -> setting property spacing
2026-07-14 11:14:14,086 [DEBUG] (properties.py:415) -> setting property topMargin
2026-07-14 11:14:14,086 [DEBUG] (properties.py:415) -> setting property bottomMargin
2026-07-14 11:14:14,086 [DEBUG] (properties.py:415) -> setting property pyuicMargins
2026-07-14 11:14:14,086 [DEBUG] (properties.py:415) -> setting property pyuicSpacing
2026-07-14 11:14:14,086 [DEBUG] (uiparser.py:106) -> push QVBoxLayout infoLayout
2026-07-14 11:14:14,086 [DEBUG] (properties.py:415) -> setting property styleSheet
2026-07-14 11:14:14,086 [DEBUG] (properties.py:415) -> setting property text
2026-07-14 11:14:14,086 [DEBUG] (uiparser.py:106) -> push QLabel nameLabel
2026-07-14 11:14:14,086 [DEBUG] (uiparser.py:120) -> pop widget QLabel nameLabel
2026-07-14 11:14:14,086 [DEBUG] (uiparser.py:128) -> new topwidget <client.windows.system.organizations.organization_card.OrganizationCard object at 0x0000025D6437C730>
2026-07-14 11:14:14,086 [DEBUG] (properties.py:415) -> setting property styleSheet
2026-07-14 11:14:14,086 [DEBUG] (properties.py:415) -> setting property text
2026-07-14 11:14:14,086 [DEBUG] (uiparser.py:106) -> push QLabel unpLabel
2026-07-14 11:14:14,086 [DEBUG] (uiparser.py:120) -> pop widget QLabel unpLabel
2026-07-14 11:14:14,086 [DEBUG] (uiparser.py:128) -> new topwidget <client.windows.system.organizations.organization_card.OrganizationCard object at 0x0000025D6437C730>
2026-07-14 11:14:14,086 [DEBUG] (properties.py:415) -> setting property styleSheet
2026-07-14 11:14:14,086 [DEBUG] (properties.py:415) -> setting property text
2026-07-14 11:14:14,086 [DEBUG] (uiparser.py:106) -> push QLabel addressLabel
2026-07-14 11:14:14,086 [DEBUG] (uiparser.py:120) -> pop widget QLabel addressLabel
2026-07-14 11:14:14,086 [DEBUG] (uiparser.py:128) -> new topwidget <client.windows.system.organizations.organization_card.OrganizationCard object at 0x0000025D6437C730>
2026-07-14 11:14:14,087 [DEBUG] (properties.py:415) -> setting property styleSheet
2026-07-14 11:14:14,087 [DEBUG] (properties.py:415) -> setting property text
2026-07-14 11:14:14,087 [DEBUG] (uiparser.py:106) -> push QLabel phoneLabel
2026-07-14 11:14:14,087 [DEBUG] (uiparser.py:120) -> pop widget QLabel phoneLabel
2026-07-14 11:14:14,087 [DEBUG] (uiparser.py:128) -> new topwidget <client.windows.system.organizations.organization_card.OrganizationCard object at 0x0000025D6437C730>
2026-07-14 11:14:14,087 [DEBUG] (properties.py:415) -> setting property styleSheet
2026-07-14 11:14:14,087 [DEBUG] (properties.py:415) -> setting property text
2026-07-14 11:14:14,087 [DEBUG] (uiparser.py:106) -> push QLabel emailLabel
2026-07-14 11:14:14,092 [DEBUG] (uiparser.py:120) -> pop widget QLabel emailLabel
2026-07-14 11:14:14,092 [DEBUG] (uiparser.py:128) -> new topwidget <client.windows.system.organizations.organization_card.OrganizationCard object at 0x0000025D6437C730>
2026-07-14 11:14:14,092 [DEBUG] (properties.py:415) -> setting property styleSheet
2026-07-14 11:14:14,092 [DEBUG] (properties.py:415) -> setting property text
2026-07-14 11:14:14,092 [DEBUG] (uiparser.py:106) -> push QLabel directorLabel
2026-07-14 11:14:14,092 [DEBUG] (uiparser.py:120) -> pop widget QLabel directorLabel
2026-07-14 11:14:14,092 [DEBUG] (uiparser.py:128) -> new topwidget <client.windows.system.organizations.organization_card.OrganizationCard object at 0x0000025D6437C730>
2026-07-14 11:14:14,092 [DEBUG] (uiparser.py:114) -> pop layout QVBoxLayout infoLayout
2026-07-14 11:14:14,092 [DEBUG] (properties.py:415) -> setting property minimumSize
2026-07-14 11:14:14,092 [DEBUG] (properties.py:415) -> setting property maximumSize
2026-07-14 11:14:14,092 [DEBUG] (properties.py:415) -> setting property cursor
2026-07-14 11:14:14,092 [DEBUG] (properties.py:415) -> setting property styleSheet
2026-07-14 11:14:14,092 [DEBUG] (properties.py:415) -> setting property text
2026-07-14 11:14:14,092 [DEBUG] (uiparser.py:106) -> push QPushButton editBtn
2026-07-14 11:14:14,093 [DEBUG] (uiparser.py:120) -> pop widget QPushButton editBtn
2026-07-14 11:14:14,093 [DEBUG] (uiparser.py:128) -> new topwidget <client.windows.system.organizations.organization_card.OrganizationCard object at 0x0000025D6437C730>
2026-07-14 11:14:14,093 [DEBUG] (properties.py:415) -> setting property minimumSize
2026-07-14 11:14:14,093 [DEBUG] (properties.py:415) -> setting property maximumSize
2026-07-14 11:14:14,093 [DEBUG] (properties.py:415) -> setting property cursor
2026-07-14 11:14:14,093 [DEBUG] (properties.py:415) -> setting property styleSheet
2026-07-14 11:14:14,093 [DEBUG] (properties.py:415) -> setting property text
2026-07-14 11:14:14,093 [DEBUG] (uiparser.py:106) -> push QPushButton deleteBtn
2026-07-14 11:14:14,093 [DEBUG] (uiparser.py:120) -> pop widget QPushButton deleteBtn
2026-07-14 11:14:14,093 [DEBUG] (uiparser.py:128) -> new topwidget <client.windows.system.organizations.organization_card.OrganizationCard object at 0x0000025D6437C730>
2026-07-14 11:14:14,093 [DEBUG] (uiparser.py:114) -> pop layout QHBoxLayout buttonsLayout
2026-07-14 11:14:14,093 [DEBUG] (uiparser.py:114) -> pop layout QHBoxLayout horizontalLayout
2026-07-14 11:14:14,093 [DEBUG] (uiparser.py:120) -> pop widget OrganizationCard OrganizationCard
2026-07-14 11:14:14,093 [DEBUG] (uiparser.py:128) -> new topwidget None
2026-07-14 11:14:14,096 [DEBUG] (uiparser.py:838) -> toplevel widget is OrganizationCard
2026-07-14 11:14:14,096 [DEBUG] (properties.py:415) -> setting property geometry
2026-07-14 11:14:14,096 [DEBUG] (properties.py:415) -> setting property minimumSize
2026-07-14 11:14:14,096 [DEBUG] (properties.py:415) -> setting property maximumSize
2026-07-14 11:14:14,096 [DEBUG] (properties.py:415) -> setting property styleSheet
2026-07-14 11:14:14,096 [DEBUG] (uiparser.py:106) -> push OrganizationCard OrganizationCard
2026-07-14 11:14:14,096 [DEBUG] (properties.py:415) -> setting property spacing
2026-07-14 11:14:14,096 [DEBUG] (properties.py:415) -> setting property leftMargin
2026-07-14 11:14:14,096 [DEBUG] (properties.py:415) -> setting property topMargin
2026-07-14 11:14:14,096 [DEBUG] (properties.py:415) -> setting property rightMargin
2026-07-14 11:14:14,096 [DEBUG] (properties.py:415) -> setting property bottomMargin
2026-07-14 11:14:14,096 [DEBUG] (properties.py:415) -> setting property pyuicMargins
2026-07-14 11:14:14,096 [DEBUG] (properties.py:415) -> setting property pyuicSpacing
2026-07-14 11:14:14,096 [DEBUG] (uiparser.py:106) -> push QHBoxLayout horizontalLayout
2026-07-14 11:14:14,096 [DEBUG] (properties.py:415) -> setting property spacing
2026-07-14 11:14:14,096 [DEBUG] (properties.py:415) -> setting property pyuicSpacing
2026-07-14 11:14:14,096 [DEBUG] (uiparser.py:106) -> push QHBoxLayout buttonsLayout
2026-07-14 11:14:14,096 [DEBUG] (properties.py:415) -> setting property spacing
2026-07-14 11:14:14,096 [DEBUG] (properties.py:415) -> setting property topMargin
2026-07-14 11:14:14,096 [DEBUG] (properties.py:415) -> setting property bottomMargin
2026-07-14 11:14:14,096 [DEBUG] (properties.py:415) -> setting property pyuicMargins
2026-07-14 11:14:14,096 [DEBUG] (properties.py:415) -> setting property pyuicSpacing
2026-07-14 11:14:14,096 [DEBUG] (uiparser.py:106) -> push QVBoxLayout infoLayout
2026-07-14 11:14:14,096 [DEBUG] (properties.py:415) -> setting property styleSheet
2026-07-14 11:14:14,096 [DEBUG] (properties.py:415) -> setting property text
2026-07-14 11:14:14,096 [DEBUG] (uiparser.py:106) -> push QLabel nameLabel
2026-07-14 11:14:14,096 [DEBUG] (uiparser.py:120) -> pop widget QLabel nameLabel
2026-07-14 11:14:14,096 [DEBUG] (uiparser.py:128) -> new topwidget <client.windows.system.organizations.organization_card.OrganizationCard object at 0x0000025D6437CF50>
2026-07-14 11:14:14,096 [DEBUG] (properties.py:415) -> setting property styleSheet
2026-07-14 11:14:14,096 [DEBUG] (properties.py:415) -> setting property text
2026-07-14 11:14:14,096 [DEBUG] (uiparser.py:106) -> push QLabel unpLabel
2026-07-14 11:14:14,096 [DEBUG] (uiparser.py:120) -> pop widget QLabel unpLabel
2026-07-14 11:14:14,096 [DEBUG] (uiparser.py:128) -> new topwidget <client.windows.system.organizations.organization_card.OrganizationCard object at 0x0000025D6437CF50>
2026-07-14 11:14:14,096 [DEBUG] (properties.py:415) -> setting property styleSheet
2026-07-14 11:14:14,096 [DEBUG] (properties.py:415) -> setting property text
2026-07-14 11:14:14,097 [DEBUG] (uiparser.py:106) -> push QLabel addressLabel
2026-07-14 11:14:14,097 [DEBUG] (uiparser.py:120) -> pop widget QLabel addressLabel
2026-07-14 11:14:14,097 [DEBUG] (uiparser.py:128) -> new topwidget <client.windows.system.organizations.organization_card.OrganizationCard object at 0x0000025D6437CF50>
2026-07-14 11:14:14,097 [DEBUG] (properties.py:415) -> setting property styleSheet
2026-07-14 11:14:14,097 [DEBUG] (properties.py:415) -> setting property text
2026-07-14 11:14:14,097 [DEBUG] (uiparser.py:106) -> push QLabel phoneLabel
2026-07-14 11:14:14,097 [DEBUG] (uiparser.py:120) -> pop widget QLabel phoneLabel
2026-07-14 11:14:14,097 [DEBUG] (uiparser.py:128) -> new topwidget <client.windows.system.organizations.organization_card.OrganizationCard object at 0x0000025D6437CF50>
2026-07-14 11:14:14,097 [DEBUG] (properties.py:415) -> setting property styleSheet
2026-07-14 11:14:14,097 [DEBUG] (properties.py:415) -> setting property text
2026-07-14 11:14:14,097 [DEBUG] (uiparser.py:106) -> push QLabel emailLabel
2026-07-14 11:14:14,100 [DEBUG] (uiparser.py:120) -> pop widget QLabel emailLabel
2026-07-14 11:14:14,100 [DEBUG] (uiparser.py:128) -> new topwidget <client.windows.system.organizations.organization_card.OrganizationCard object at 0x0000025D6437CF50>
2026-07-14 11:14:14,100 [DEBUG] (properties.py:415) -> setting property styleSheet
2026-07-14 11:14:14,100 [DEBUG] (properties.py:415) -> setting property text
2026-07-14 11:14:14,100 [DEBUG] (uiparser.py:106) -> push QLabel directorLabel
2026-07-14 11:14:14,100 [DEBUG] (uiparser.py:120) -> pop widget QLabel directorLabel
2026-07-14 11:14:14,100 [DEBUG] (uiparser.py:128) -> new topwidget <client.windows.system.organizations.organization_card.OrganizationCard object at 0x0000025D6437CF50>
2026-07-14 11:14:14,100 [DEBUG] (uiparser.py:114) -> pop layout QVBoxLayout infoLayout
2026-07-14 11:14:14,100 [DEBUG] (properties.py:415) -> setting property minimumSize
2026-07-14 11:14:14,100 [DEBUG] (properties.py:415) -> setting property maximumSize
2026-07-14 11:14:14,100 [DEBUG] (properties.py:415) -> setting property cursor
2026-07-14 11:14:14,100 [DEBUG] (properties.py:415) -> setting property styleSheet
2026-07-14 11:14:14,100 [DEBUG] (properties.py:415) -> setting property text
2026-07-14 11:14:14,100 [DEBUG] (uiparser.py:106) -> push QPushButton editBtn
2026-07-14 11:14:14,100 [DEBUG] (uiparser.py:120) -> pop widget QPushButton editBtn
2026-07-14 11:14:14,100 [DEBUG] (uiparser.py:128) -> new topwidget <client.windows.system.organizations.organization_card.OrganizationCard object at 0x0000025D6437CF50>
2026-07-14 11:14:14,100 [DEBUG] (properties.py:415) -> setting property minimumSize
2026-07-14 11:14:14,100 [DEBUG] (properties.py:415) -> setting property maximumSize
2026-07-14 11:14:14,100 [DEBUG] (properties.py:415) -> setting property cursor
2026-07-14 11:14:14,100 [DEBUG] (properties.py:415) -> setting property styleSheet
2026-07-14 11:14:14,100 [DEBUG] (properties.py:415) -> setting property text
2026-07-14 11:14:14,100 [DEBUG] (uiparser.py:106) -> push QPushButton deleteBtn
2026-07-14 11:14:14,100 [DEBUG] (uiparser.py:120) -> pop widget QPushButton deleteBtn
2026-07-14 11:14:14,100 [DEBUG] (uiparser.py:128) -> new topwidget <client.windows.system.organizations.organization_card.OrganizationCard object at 0x0000025D6437CF50>
2026-07-14 11:14:14,100 [DEBUG] (uiparser.py:114) -> pop layout QHBoxLayout buttonsLayout
2026-07-14 11:14:14,100 [DEBUG] (uiparser.py:114) -> pop layout QHBoxLayout horizontalLayout
2026-07-14 11:14:14,100 [DEBUG] (uiparser.py:120) -> pop widget OrganizationCard OrganizationCard
2026-07-14 11:14:14,100 [DEBUG] (uiparser.py:128) -> new topwidget None
2026-07-14 11:14:14,110 [DEBUG] (uiparser.py:838) -> toplevel widget is DepartmentPage
2026-07-14 11:14:14,110 [DEBUG] (properties.py:415) -> setting property geometry
2026-07-14 11:14:14,110 [DEBUG] (properties.py:415) -> setting property windowTitle
2026-07-14 11:14:14,110 [DEBUG] (properties.py:415) -> setting property styleSheet
2026-07-14 11:14:14,110 [DEBUG] (uiparser.py:106) -> push DepartmentPage DepartmentPage
2026-07-14 11:14:14,110 [DEBUG] (properties.py:415) -> setting property spacing
2026-07-14 11:14:14,110 [DEBUG] (properties.py:415) -> setting property leftMargin
2026-07-14 11:14:14,110 [DEBUG] (properties.py:415) -> setting property topMargin
2026-07-14 11:14:14,110 [DEBUG] (properties.py:415) -> setting property rightMargin
2026-07-14 11:14:14,110 [DEBUG] (properties.py:415) -> setting property bottomMargin
2026-07-14 11:14:14,110 [DEBUG] (properties.py:415) -> setting property alignment
2026-07-14 11:14:14,110 [DEBUG] (properties.py:415) -> setting property pyuicMargins
2026-07-14 11:14:14,110 [DEBUG] (properties.py:415) -> setting property pyuicSpacing
2026-07-14 11:14:14,110 [DEBUG] (uiparser.py:106) -> push QVBoxLayout mainLayout
2026-07-14 11:14:14,110 [DEBUG] (properties.py:415) -> setting property spacing
2026-07-14 11:14:14,110 [DEBUG] (properties.py:415) -> setting property pyuicSpacing
2026-07-14 11:14:14,110 [DEBUG] (uiparser.py:106) -> push QHBoxLayout toolbarLayout
2026-07-14 11:14:14,110 [DEBUG] (properties.py:415) -> setting property minimumSize
2026-07-14 11:14:14,110 [DEBUG] (properties.py:415) -> setting property maximumSize
2026-07-14 11:14:14,110 [DEBUG] (properties.py:415) -> setting property styleSheet
2026-07-14 11:14:14,110 [DEBUG] (properties.py:415) -> setting property placeholderText
2026-07-14 11:14:14,110 [DEBUG] (uiparser.py:106) -> push QLineEdit searchEdit
2026-07-14 11:14:14,110 [DEBUG] (uiparser.py:120) -> pop widget QLineEdit searchEdit
2026-07-14 11:14:14,110 [DEBUG] (uiparser.py:128) -> new topwidget <client.windows.system.departments.department_page.DepartmentPage object at 0x0000025D6437D770>
2026-07-14 11:14:14,110 [DEBUG] (properties.py:415) -> setting property minimumSize
2026-07-14 11:14:14,110 [DEBUG] (properties.py:415) -> setting property styleSheet
2026-07-14 11:14:14,110 [DEBUG] (properties.py:415) -> setting property text
2026-07-14 11:14:14,110 [DEBUG] (uiparser.py:106) -> push QPushButton btnSort
2026-07-14 11:14:14,110 [DEBUG] (uiparser.py:120) -> pop widget QPushButton btnSort
2026-07-14 11:14:14,110 [DEBUG] (uiparser.py:128) -> new topwidget <client.windows.system.departments.department_page.DepartmentPage object at 0x0000025D6437D770>
2026-07-14 11:14:14,110 [DEBUG] (properties.py:415) -> setting property minimumSize
2026-07-14 11:14:14,111 [DEBUG] (properties.py:415) -> setting property maximumSize
2026-07-14 11:14:14,111 [DEBUG] (properties.py:415) -> setting property toolTip
2026-07-14 11:14:14,111 [DEBUG] (properties.py:415) -> setting property styleSheet
2026-07-14 11:14:14,111 [DEBUG] (properties.py:415) -> setting property text
2026-07-14 11:14:14,111 [DEBUG] (uiparser.py:106) -> push QPushButton btnResetFilters
2026-07-14 11:14:14,111 [DEBUG] (uiparser.py:120) -> pop widget QPushButton btnResetFilters
2026-07-14 11:14:14,111 [DEBUG] (uiparser.py:128) -> new topwidget <client.windows.system.departments.department_page.DepartmentPage object at 0x0000025D6437D770>
2026-07-14 11:14:14,111 [DEBUG] (uiparser.py:114) -> pop layout QHBoxLayout toolbarLayout
2026-07-14 11:14:14,111 [DEBUG] (properties.py:415) -> setting property styleSheet
2026-07-14 11:14:14,111 [DEBUG] (properties.py:415) -> setting property widgetResizable
2026-07-14 11:14:14,111 [DEBUG] (uiparser.py:106) -> push QScrollArea scrollArea
2026-07-14 11:14:14,111 [DEBUG] (properties.py:415) -> setting property geometry
2026-07-14 11:14:14,111 [DEBUG] (uiparser.py:106) -> push QWidget scrollAreaWidgetContents
2026-07-14 11:14:14,111 [DEBUG] (properties.py:415) -> setting property spacing
2026-07-14 11:14:14,111 [DEBUG] (properties.py:415) -> setting property leftMargin
2026-07-14 11:14:14,115 [DEBUG] (properties.py:415) -> setting property topMargin
2026-07-14 11:14:14,115 [DEBUG] (properties.py:415) -> setting property rightMargin
2026-07-14 11:14:14,115 [DEBUG] (properties.py:415) -> setting property bottomMargin
2026-07-14 11:14:14,115 [DEBUG] (properties.py:415) -> setting property pyuicMargins
2026-07-14 11:14:14,115 [DEBUG] (properties.py:415) -> setting property pyuicSpacing
2026-07-14 11:14:14,115 [DEBUG] (uiparser.py:106) -> push QVBoxLayout scrollAreaLayout
2026-07-14 11:14:14,115 [DEBUG] (uiparser.py:114) -> pop layout QVBoxLayout scrollAreaLayout
2026-07-14 11:14:14,115 [DEBUG] (uiparser.py:120) -> pop widget QWidget scrollAreaWidgetContents
2026-07-14 11:14:14,115 [DEBUG] (uiparser.py:128) -> new topwidget <PyQt6.QtWidgets.QScrollArea object at 0x0000025D6437DBD0>
2026-07-14 11:14:14,115 [DEBUG] (uiparser.py:120) -> pop widget QScrollArea scrollArea
2026-07-14 11:14:14,115 [DEBUG] (uiparser.py:128) -> new topwidget <client.windows.system.departments.department_page.DepartmentPage object at 0x0000025D6437D770>
2026-07-14 11:14:14,115 [DEBUG] (uiparser.py:114) -> pop layout QVBoxLayout mainLayout
2026-07-14 11:14:14,115 [DEBUG] (uiparser.py:120) -> pop widget DepartmentPage DepartmentPage
2026-07-14 11:14:14,115 [DEBUG] (uiparser.py:128) -> new topwidget None
2026-07-14 11:14:14,117 [DEBUG] (uiparser.py:838) -> toplevel widget is DepartmentCard
2026-07-14 11:14:14,117 [DEBUG] (properties.py:415) -> setting property geometry
2026-07-14 11:14:14,117 [DEBUG] (properties.py:415) -> setting property minimumSize
2026-07-14 11:14:14,117 [DEBUG] (properties.py:415) -> setting property maximumSize
2026-07-14 11:14:14,117 [DEBUG] (properties.py:415) -> setting property styleSheet
2026-07-14 11:14:14,117 [DEBUG] (uiparser.py:106) -> push DepartmentCard UniversalDepartmentCard
2026-07-14 11:14:14,117 [DEBUG] (properties.py:415) -> setting property spacing
2026-07-14 11:14:14,117 [DEBUG] (properties.py:415) -> setting property leftMargin
2026-07-14 11:14:14,117 [DEBUG] (properties.py:415) -> setting property topMargin
2026-07-14 11:14:14,117 [DEBUG] (properties.py:415) -> setting property rightMargin
2026-07-14 11:14:14,117 [DEBUG] (properties.py:415) -> setting property bottomMargin
2026-07-14 11:14:14,117 [DEBUG] (properties.py:415) -> setting property pyuicMargins
2026-07-14 11:14:14,117 [DEBUG] (properties.py:415) -> setting property pyuicSpacing
2026-07-14 11:14:14,117 [DEBUG] (uiparser.py:106) -> push QHBoxLayout horizontalLayout
2026-07-14 11:14:14,117 [DEBUG] (properties.py:415) -> setting property spacing
2026-07-14 11:14:14,117 [DEBUG] (properties.py:415) -> setting property pyuicSpacing
2026-07-14 11:14:14,117 [DEBUG] (uiparser.py:106) -> push QHBoxLayout horizontalLayout_2
2026-07-14 11:14:14,117 [DEBUG] (properties.py:415) -> setting property spacing
2026-07-14 11:14:14,117 [DEBUG] (properties.py:415) -> setting property topMargin
2026-07-14 11:14:14,117 [DEBUG] (properties.py:415) -> setting property bottomMargin
2026-07-14 11:14:14,117 [DEBUG] (properties.py:415) -> setting property pyuicMargins
2026-07-14 11:14:14,117 [DEBUG] (properties.py:415) -> setting property pyuicSpacing
2026-07-14 11:14:14,117 [DEBUG] (uiparser.py:106) -> push QVBoxLayout infoLayout
2026-07-14 11:14:14,117 [DEBUG] (properties.py:415) -> setting property styleSheet
2026-07-14 11:14:14,117 [DEBUG] (properties.py:415) -> setting property text
2026-07-14 11:14:14,117 [DEBUG] (uiparser.py:106) -> push QLabel nameLabel
2026-07-14 11:14:14,117 [DEBUG] (uiparser.py:120) -> pop widget QLabel nameLabel
2026-07-14 11:14:14,117 [DEBUG] (uiparser.py:128) -> new topwidget <client.windows.system.departments.department_card.DepartmentCard object at 0x0000025D6437EA30>
2026-07-14 11:14:14,117 [DEBUG] (properties.py:415) -> setting property styleSheet
2026-07-14 11:14:14,117 [DEBUG] (properties.py:415) -> setting property text
2026-07-14 11:14:14,118 [DEBUG] (uiparser.py:106) -> push QLabel typeLabel
2026-07-14 11:14:14,118 [DEBUG] (uiparser.py:120) -> pop widget QLabel typeLabel
2026-07-14 11:14:14,118 [DEBUG] (uiparser.py:128) -> new topwidget <client.windows.system.departments.department_card.DepartmentCard object at 0x0000025D6437EA30>
2026-07-14 11:14:14,118 [DEBUG] (properties.py:415) -> setting property styleSheet
2026-07-14 11:14:14,118 [DEBUG] (properties.py:415) -> setting property text
2026-07-14 11:14:14,118 [DEBUG] (uiparser.py:106) -> push QLabel leaderLabel
2026-07-14 11:14:14,118 [DEBUG] (uiparser.py:120) -> pop widget QLabel leaderLabel
2026-07-14 11:14:14,118 [DEBUG] (uiparser.py:128) -> new topwidget <client.windows.system.departments.department_card.DepartmentCard object at 0x0000025D6437EA30>
2026-07-14 11:14:14,118 [DEBUG] (properties.py:415) -> setting property maximumSize
2026-07-14 11:14:14,118 [DEBUG] (properties.py:415) -> setting property styleSheet
2026-07-14 11:14:14,118 [DEBUG] (properties.py:415) -> setting property text
2026-07-14 11:14:14,118 [DEBUG] (properties.py:415) -> setting property wordWrap
2026-07-14 11:14:14,118 [DEBUG] (uiparser.py:106) -> push QLabel descriptionLabel
2026-07-14 11:14:14,118 [DEBUG] (uiparser.py:120) -> pop widget QLabel descriptionLabel
2026-07-14 11:14:14,118 [DEBUG] (uiparser.py:128) -> new topwidget <client.windows.system.departments.department_card.DepartmentCard object at 0x0000025D6437EA30>
2026-07-14 11:14:14,118 [DEBUG] (properties.py:415) -> setting property styleSheet
2026-07-14 11:14:14,118 [DEBUG] (properties.py:415) -> setting property text
2026-07-14 11:14:14,118 [DEBUG] (uiparser.py:106) -> push QLabel phoneLabel
2026-07-14 11:14:14,118 [DEBUG] (uiparser.py:120) -> pop widget QLabel phoneLabel
2026-07-14 11:14:14,118 [DEBUG] (uiparser.py:128) -> new topwidget <client.windows.system.departments.department_card.DepartmentCard object at 0x0000025D6437EA30>
2026-07-14 11:14:14,118 [DEBUG] (properties.py:415) -> setting property styleSheet
2026-07-14 11:14:14,118 [DEBUG] (properties.py:415) -> setting property text
2026-07-14 11:14:14,118 [DEBUG] (uiparser.py:106) -> push QLabel numberLabel
2026-07-14 11:14:14,118 [DEBUG] (uiparser.py:120) -> pop widget QLabel numberLabel
2026-07-14 11:14:14,118 [DEBUG] (uiparser.py:128) -> new topwidget <client.windows.system.departments.department_card.DepartmentCard object at 0x0000025D6437EA30>
2026-07-14 11:14:14,118 [DEBUG] (uiparser.py:114) -> pop layout QVBoxLayout infoLayout
2026-07-14 11:14:14,118 [DEBUG] (properties.py:415) -> setting property minimumSize
2026-07-14 11:14:14,118 [DEBUG] (properties.py:415) -> setting property maximumSize
2026-07-14 11:14:14,118 [DEBUG] (properties.py:415) -> setting property cursor
2026-07-14 11:14:14,118 [DEBUG] (properties.py:415) -> setting property styleSheet
2026-07-14 11:14:14,118 [DEBUG] (properties.py:415) -> setting property text
2026-07-14 11:14:14,118 [DEBUG] (uiparser.py:106) -> push QPushButton editBtn
2026-07-14 11:14:14,118 [DEBUG] (uiparser.py:120) -> pop widget QPushButton editBtn
2026-07-14 11:14:14,118 [DEBUG] (uiparser.py:128) -> new topwidget <client.windows.system.departments.department_card.DepartmentCard object at 0x0000025D6437EA30>
2026-07-14 11:14:14,118 [DEBUG] (properties.py:415) -> setting property minimumSize
2026-07-14 11:14:14,118 [DEBUG] (properties.py:415) -> setting property maximumSize
2026-07-14 11:14:14,118 [DEBUG] (properties.py:415) -> setting property cursor
2026-07-14 11:14:14,118 [DEBUG] (properties.py:415) -> setting property styleSheet
2026-07-14 11:14:14,118 [DEBUG] (properties.py:415) -> setting property text
2026-07-14 11:14:14,118 [DEBUG] (uiparser.py:106) -> push QPushButton deleteBtn
2026-07-14 11:14:14,118 [DEBUG] (uiparser.py:120) -> pop widget QPushButton deleteBtn
2026-07-14 11:14:14,118 [DEBUG] (uiparser.py:128) -> new topwidget <client.windows.system.departments.department_card.DepartmentCard object at 0x0000025D6437EA30>
2026-07-14 11:14:14,118 [DEBUG] (uiparser.py:114) -> pop layout QHBoxLayout horizontalLayout_2
2026-07-14 11:14:14,118 [DEBUG] (uiparser.py:114) -> pop layout QHBoxLayout horizontalLayout
2026-07-14 11:14:14,118 [DEBUG] (uiparser.py:120) -> pop widget DepartmentCard UniversalDepartmentCard
2026-07-14 11:14:14,118 [DEBUG] (uiparser.py:128) -> new topwidget None
2026-07-14 11:14:14,120 [DEBUG] (uiparser.py:838) -> toplevel widget is DepartmentCard
2026-07-14 11:14:14,120 [DEBUG] (properties.py:415) -> setting property geometry
2026-07-14 11:14:14,120 [DEBUG] (properties.py:415) -> setting property minimumSize
2026-07-14 11:14:14,120 [DEBUG] (properties.py:415) -> setting property maximumSize
2026-07-14 11:14:14,120 [DEBUG] (properties.py:415) -> setting property styleSheet
2026-07-14 11:14:14,120 [DEBUG] (uiparser.py:106) -> push DepartmentCard UniversalDepartmentCard
2026-07-14 11:14:14,120 [DEBUG] (properties.py:415) -> setting property spacing
2026-07-14 11:14:14,120 [DEBUG] (properties.py:415) -> setting property leftMargin
2026-07-14 11:14:14,120 [DEBUG] (properties.py:415) -> setting property topMargin
2026-07-14 11:14:14,120 [DEBUG] (properties.py:415) -> setting property rightMargin
2026-07-14 11:14:14,120 [DEBUG] (properties.py:415) -> setting property bottomMargin
2026-07-14 11:14:14,120 [DEBUG] (properties.py:415) -> setting property pyuicMargins
2026-07-14 11:14:14,120 [DEBUG] (properties.py:415) -> setting property pyuicSpacing
2026-07-14 11:14:14,120 [DEBUG] (uiparser.py:106) -> push QHBoxLayout horizontalLayout
2026-07-14 11:14:14,120 [DEBUG] (properties.py:415) -> setting property spacing
2026-07-14 11:14:14,120 [DEBUG] (properties.py:415) -> setting property pyuicSpacing
2026-07-14 11:14:14,120 [DEBUG] (uiparser.py:106) -> push QHBoxLayout horizontalLayout_2
2026-07-14 11:14:14,120 [DEBUG] (properties.py:415) -> setting property spacing
2026-07-14 11:14:14,120 [DEBUG] (properties.py:415) -> setting property topMargin
2026-07-14 11:14:14,120 [DEBUG] (properties.py:415) -> setting property bottomMargin
2026-07-14 11:14:14,120 [DEBUG] (properties.py:415) -> setting property pyuicMargins
2026-07-14 11:14:14,120 [DEBUG] (properties.py:415) -> setting property pyuicSpacing
2026-07-14 11:14:14,120 [DEBUG] (uiparser.py:106) -> push QVBoxLayout infoLayout
2026-07-14 11:14:14,120 [DEBUG] (properties.py:415) -> setting property styleSheet
2026-07-14 11:14:14,120 [DEBUG] (properties.py:415) -> setting property text
2026-07-14 11:14:14,120 [DEBUG] (uiparser.py:106) -> push QLabel nameLabel
2026-07-14 11:14:14,120 [DEBUG] (uiparser.py:120) -> pop widget QLabel nameLabel
2026-07-14 11:14:14,120 [DEBUG] (uiparser.py:128) -> new topwidget <client.windows.system.departments.department_card.DepartmentCard object at 0x0000025D6437F250>
2026-07-14 11:14:14,120 [DEBUG] (properties.py:415) -> setting property styleSheet
2026-07-14 11:14:14,121 [DEBUG] (properties.py:415) -> setting property text
2026-07-14 11:14:14,121 [DEBUG] (uiparser.py:106) -> push QLabel typeLabel
2026-07-14 11:14:14,121 [DEBUG] (uiparser.py:120) -> pop widget QLabel typeLabel
2026-07-14 11:14:14,121 [DEBUG] (uiparser.py:128) -> new topwidget <client.windows.system.departments.department_card.DepartmentCard object at 0x0000025D6437F250>
2026-07-14 11:14:14,121 [DEBUG] (properties.py:415) -> setting property styleSheet
2026-07-14 11:14:14,121 [DEBUG] (properties.py:415) -> setting property text
2026-07-14 11:14:14,121 [DEBUG] (uiparser.py:106) -> push QLabel leaderLabel
2026-07-14 11:14:14,121 [DEBUG] (uiparser.py:120) -> pop widget QLabel leaderLabel
2026-07-14 11:14:14,121 [DEBUG] (uiparser.py:128) -> new topwidget <client.windows.system.departments.department_card.DepartmentCard object at 0x0000025D6437F250>
2026-07-14 11:14:14,121 [DEBUG] (properties.py:415) -> setting property maximumSize
2026-07-14 11:14:14,121 [DEBUG] (properties.py:415) -> setting property styleSheet
2026-07-14 11:14:14,121 [DEBUG] (properties.py:415) -> setting property text
2026-07-14 11:14:14,121 [DEBUG] (properties.py:415) -> setting property wordWrap
2026-07-14 11:14:14,121 [DEBUG] (uiparser.py:106) -> push QLabel descriptionLabel
2026-07-14 11:14:14,121 [DEBUG] (uiparser.py:120) -> pop widget QLabel descriptionLabel
2026-07-14 11:14:14,121 [DEBUG] (uiparser.py:128) -> new topwidget <client.windows.system.departments.department_card.DepartmentCard object at 0x0000025D6437F250>
2026-07-14 11:14:14,121 [DEBUG] (properties.py:415) -> setting property styleSheet
2026-07-14 11:14:14,126 [DEBUG] (properties.py:415) -> setting property text
2026-07-14 11:14:14,126 [DEBUG] (uiparser.py:106) -> push QLabel phoneLabel
2026-07-14 11:14:14,126 [DEBUG] (uiparser.py:120) -> pop widget QLabel phoneLabel
2026-07-14 11:14:14,126 [DEBUG] (uiparser.py:128) -> new topwidget <client.windows.system.departments.department_card.DepartmentCard object at 0x0000025D6437F250>
2026-07-14 11:14:14,126 [DEBUG] (properties.py:415) -> setting property styleSheet
2026-07-14 11:14:14,126 [DEBUG] (properties.py:415) -> setting property text
2026-07-14 11:14:14,126 [DEBUG] (uiparser.py:106) -> push QLabel numberLabel
2026-07-14 11:14:14,126 [DEBUG] (uiparser.py:120) -> pop widget QLabel numberLabel
2026-07-14 11:14:14,126 [DEBUG] (uiparser.py:128) -> new topwidget <client.windows.system.departments.department_card.DepartmentCard object at 0x0000025D6437F250>
2026-07-14 11:14:14,126 [DEBUG] (uiparser.py:114) -> pop layout QVBoxLayout infoLayout
2026-07-14 11:14:14,126 [DEBUG] (properties.py:415) -> setting property minimumSize
2026-07-14 11:14:14,126 [DEBUG] (properties.py:415) -> setting property maximumSize
2026-07-14 11:14:14,126 [DEBUG] (properties.py:415) -> setting property cursor
2026-07-14 11:14:14,126 [DEBUG] (properties.py:415) -> setting property styleSheet
2026-07-14 11:14:14,126 [DEBUG] (properties.py:415) -> setting property text
2026-07-14 11:14:14,126 [DEBUG] (uiparser.py:106) -> push QPushButton editBtn
2026-07-14 11:14:14,126 [DEBUG] (uiparser.py:120) -> pop widget QPushButton editBtn
2026-07-14 11:14:14,126 [DEBUG] (uiparser.py:128) -> new topwidget <client.windows.system.departments.department_card.DepartmentCard object at 0x0000025D6437F250>
2026-07-14 11:14:14,126 [DEBUG] (properties.py:415) -> setting property minimumSize
2026-07-14 11:14:14,126 [DEBUG] (properties.py:415) -> setting property maximumSize
2026-07-14 11:14:14,126 [DEBUG] (properties.py:415) -> setting property cursor
2026-07-14 11:14:14,126 [DEBUG] (properties.py:415) -> setting property styleSheet
2026-07-14 11:14:14,126 [DEBUG] (properties.py:415) -> setting property text
2026-07-14 11:14:14,126 [DEBUG] (uiparser.py:106) -> push QPushButton deleteBtn
2026-07-14 11:14:14,126 [DEBUG] (uiparser.py:120) -> pop widget QPushButton deleteBtn
2026-07-14 11:14:14,126 [DEBUG] (uiparser.py:128) -> new topwidget <client.windows.system.departments.department_card.DepartmentCard object at 0x0000025D6437F250>
2026-07-14 11:14:14,126 [DEBUG] (uiparser.py:114) -> pop layout QHBoxLayout horizontalLayout_2
2026-07-14 11:14:14,126 [DEBUG] (uiparser.py:114) -> pop layout QHBoxLayout horizontalLayout
2026-07-14 11:14:14,126 [DEBUG] (uiparser.py:120) -> pop widget DepartmentCard UniversalDepartmentCard
2026-07-14 11:14:14,126 [DEBUG] (uiparser.py:128) -> new topwidget None
2026-07-14 11:14:14,128 [DEBUG] (uiparser.py:838) -> toplevel widget is DepartmentCard
2026-07-14 11:14:14,128 [DEBUG] (properties.py:415) -> setting property geometry
2026-07-14 11:14:14,128 [DEBUG] (properties.py:415) -> setting property minimumSize
2026-07-14 11:14:14,128 [DEBUG] (properties.py:415) -> setting property maximumSize
2026-07-14 11:14:14,128 [DEBUG] (properties.py:415) -> setting property styleSheet
2026-07-14 11:14:14,128 [DEBUG] (uiparser.py:106) -> push DepartmentCard UniversalDepartmentCard
2026-07-14 11:14:14,128 [DEBUG] (properties.py:415) -> setting property spacing
2026-07-14 11:14:14,128 [DEBUG] (properties.py:415) -> setting property leftMargin
2026-07-14 11:14:14,128 [DEBUG] (properties.py:415) -> setting property topMargin
2026-07-14 11:14:14,128 [DEBUG] (properties.py:415) -> setting property rightMargin
2026-07-14 11:14:14,128 [DEBUG] (properties.py:415) -> setting property bottomMargin
2026-07-14 11:14:14,128 [DEBUG] (properties.py:415) -> setting property pyuicMargins
2026-07-14 11:14:14,128 [DEBUG] (properties.py:415) -> setting property pyuicSpacing
2026-07-14 11:14:14,128 [DEBUG] (uiparser.py:106) -> push QHBoxLayout horizontalLayout
2026-07-14 11:14:14,128 [DEBUG] (properties.py:415) -> setting property spacing
2026-07-14 11:14:14,128 [DEBUG] (properties.py:415) -> setting property pyuicSpacing
2026-07-14 11:14:14,128 [DEBUG] (uiparser.py:106) -> push QHBoxLayout horizontalLayout_2
2026-07-14 11:14:14,128 [DEBUG] (properties.py:415) -> setting property spacing
2026-07-14 11:14:14,128 [DEBUG] (properties.py:415) -> setting property topMargin
2026-07-14 11:14:14,128 [DEBUG] (properties.py:415) -> setting property bottomMargin
2026-07-14 11:14:14,128 [DEBUG] (properties.py:415) -> setting property pyuicMargins
2026-07-14 11:14:14,128 [DEBUG] (properties.py:415) -> setting property pyuicSpacing
2026-07-14 11:14:14,128 [DEBUG] (uiparser.py:106) -> push QVBoxLayout infoLayout
2026-07-14 11:14:14,128 [DEBUG] (properties.py:415) -> setting property styleSheet
2026-07-14 11:14:14,128 [DEBUG] (properties.py:415) -> setting property text
2026-07-14 11:14:14,128 [DEBUG] (uiparser.py:106) -> push QLabel nameLabel
2026-07-14 11:14:14,128 [DEBUG] (uiparser.py:120) -> pop widget QLabel nameLabel
2026-07-14 11:14:14,128 [DEBUG] (uiparser.py:128) -> new topwidget <client.windows.system.departments.department_card.DepartmentCard object at 0x0000025D6437FA70>
2026-07-14 11:14:14,128 [DEBUG] (properties.py:415) -> setting property styleSheet
2026-07-14 11:14:14,128 [DEBUG] (properties.py:415) -> setting property text
2026-07-14 11:14:14,128 [DEBUG] (uiparser.py:106) -> push QLabel typeLabel
2026-07-14 11:14:14,128 [DEBUG] (uiparser.py:120) -> pop widget QLabel typeLabel
2026-07-14 11:14:14,128 [DEBUG] (uiparser.py:128) -> new topwidget <client.windows.system.departments.department_card.DepartmentCard object at 0x0000025D6437FA70>
2026-07-14 11:14:14,128 [DEBUG] (properties.py:415) -> setting property styleSheet
2026-07-14 11:14:14,128 [DEBUG] (properties.py:415) -> setting property text
2026-07-14 11:14:14,128 [DEBUG] (uiparser.py:106) -> push QLabel leaderLabel
2026-07-14 11:14:14,128 [DEBUG] (uiparser.py:120) -> pop widget QLabel leaderLabel
2026-07-14 11:14:14,129 [DEBUG] (uiparser.py:128) -> new topwidget <client.windows.system.departments.department_card.DepartmentCard object at 0x0000025D6437FA70>
2026-07-14 11:14:14,129 [DEBUG] (properties.py:415) -> setting property maximumSize
2026-07-14 11:14:14,129 [DEBUG] (properties.py:415) -> setting property styleSheet
2026-07-14 11:14:14,129 [DEBUG] (properties.py:415) -> setting property text
2026-07-14 11:14:14,129 [DEBUG] (properties.py:415) -> setting property wordWrap
2026-07-14 11:14:14,129 [DEBUG] (uiparser.py:106) -> push QLabel descriptionLabel
2026-07-14 11:14:14,129 [DEBUG] (uiparser.py:120) -> pop widget QLabel descriptionLabel
2026-07-14 11:14:14,129 [DEBUG] (uiparser.py:128) -> new topwidget <client.windows.system.departments.department_card.DepartmentCard object at 0x0000025D6437FA70>
2026-07-14 11:14:14,129 [DEBUG] (properties.py:415) -> setting property styleSheet
2026-07-14 11:14:14,129 [DEBUG] (properties.py:415) -> setting property text
2026-07-14 11:14:14,129 [DEBUG] (uiparser.py:106) -> push QLabel phoneLabel
2026-07-14 11:14:14,129 [DEBUG] (uiparser.py:120) -> pop widget QLabel phoneLabel
2026-07-14 11:14:14,129 [DEBUG] (uiparser.py:128) -> new topwidget <client.windows.system.departments.department_card.DepartmentCard object at 0x0000025D6437FA70>
2026-07-14 11:14:14,129 [DEBUG] (properties.py:415) -> setting property styleSheet
2026-07-14 11:14:14,129 [DEBUG] (properties.py:415) -> setting property text
2026-07-14 11:14:14,129 [DEBUG] (uiparser.py:106) -> push QLabel numberLabel
2026-07-14 11:14:14,129 [DEBUG] (uiparser.py:120) -> pop widget QLabel numberLabel
2026-07-14 11:14:14,129 [DEBUG] (uiparser.py:128) -> new topwidget <client.windows.system.departments.department_card.DepartmentCard object at 0x0000025D6437FA70>
2026-07-14 11:14:14,129 [DEBUG] (uiparser.py:114) -> pop layout QVBoxLayout infoLayout
2026-07-14 11:14:14,129 [DEBUG] (properties.py:415) -> setting property minimumSize
2026-07-14 11:14:14,129 [DEBUG] (properties.py:415) -> setting property maximumSize
2026-07-14 11:14:14,129 [DEBUG] (properties.py:415) -> setting property cursor
2026-07-14 11:14:14,129 [DEBUG] (properties.py:415) -> setting property styleSheet
2026-07-14 11:14:14,129 [DEBUG] (properties.py:415) -> setting property text
2026-07-14 11:14:14,129 [DEBUG] (uiparser.py:106) -> push QPushButton editBtn
2026-07-14 11:14:14,129 [DEBUG] (uiparser.py:120) -> pop widget QPushButton editBtn
2026-07-14 11:14:14,129 [DEBUG] (uiparser.py:128) -> new topwidget <client.windows.system.departments.department_card.DepartmentCard object at 0x0000025D6437FA70>
2026-07-14 11:14:14,129 [DEBUG] (properties.py:415) -> setting property minimumSize
2026-07-14 11:14:14,129 [DEBUG] (properties.py:415) -> setting property maximumSize
2026-07-14 11:14:14,129 [DEBUG] (properties.py:415) -> setting property cursor
2026-07-14 11:14:14,129 [DEBUG] (properties.py:415) -> setting property styleSheet
2026-07-14 11:14:14,129 [DEBUG] (properties.py:415) -> setting property text
2026-07-14 11:14:14,129 [DEBUG] (uiparser.py:106) -> push QPushButton deleteBtn
2026-07-14 11:14:14,129 [DEBUG] (uiparser.py:120) -> pop widget QPushButton deleteBtn
2026-07-14 11:14:14,129 [DEBUG] (uiparser.py:128) -> new topwidget <client.windows.system.departments.department_card.DepartmentCard object at 0x0000025D6437FA70>
2026-07-14 11:14:14,129 [DEBUG] (uiparser.py:114) -> pop layout QHBoxLayout horizontalLayout_2
2026-07-14 11:14:14,129 [DEBUG] (uiparser.py:114) -> pop layout QHBoxLayout horizontalLayout
2026-07-14 11:14:14,129 [DEBUG] (uiparser.py:120) -> pop widget DepartmentCard UniversalDepartmentCard
2026-07-14 11:14:14,129 [DEBUG] (uiparser.py:128) -> new topwidget None
2026-07-14 11:14:14,131 [DEBUG] (uiparser.py:838) -> toplevel widget is DepartmentCard
2026-07-14 11:14:14,131 [DEBUG] (properties.py:415) -> setting property geometry
2026-07-14 11:14:14,131 [DEBUG] (properties.py:415) -> setting property minimumSize
2026-07-14 11:14:14,131 [DEBUG] (properties.py:415) -> setting property maximumSize
2026-07-14 11:14:14,131 [DEBUG] (properties.py:415) -> setting property styleSheet
2026-07-14 11:14:14,131 [DEBUG] (uiparser.py:106) -> push DepartmentCard UniversalDepartmentCard
2026-07-14 11:14:14,131 [DEBUG] (properties.py:415) -> setting property spacing
2026-07-14 11:14:14,131 [DEBUG] (properties.py:415) -> setting property leftMargin
2026-07-14 11:14:14,131 [DEBUG] (properties.py:415) -> setting property topMargin
2026-07-14 11:14:14,131 [DEBUG] (properties.py:415) -> setting property rightMargin
2026-07-14 11:14:14,131 [DEBUG] (properties.py:415) -> setting property bottomMargin
2026-07-14 11:14:14,131 [DEBUG] (properties.py:415) -> setting property pyuicMargins
2026-07-14 11:14:14,131 [DEBUG] (properties.py:415) -> setting property pyuicSpacing
2026-07-14 11:14:14,131 [DEBUG] (uiparser.py:106) -> push QHBoxLayout horizontalLayout
2026-07-14 11:14:14,131 [DEBUG] (properties.py:415) -> setting property spacing
2026-07-14 11:14:14,131 [DEBUG] (properties.py:415) -> setting property pyuicSpacing
2026-07-14 11:14:14,131 [DEBUG] (uiparser.py:106) -> push QHBoxLayout horizontalLayout_2
2026-07-14 11:14:14,131 [DEBUG] (properties.py:415) -> setting property spacing
2026-07-14 11:14:14,131 [DEBUG] (properties.py:415) -> setting property topMargin
2026-07-14 11:14:14,131 [DEBUG] (properties.py:415) -> setting property bottomMargin
2026-07-14 11:14:14,131 [DEBUG] (properties.py:415) -> setting property pyuicMargins
2026-07-14 11:14:14,131 [DEBUG] (properties.py:415) -> setting property pyuicSpacing
2026-07-14 11:14:14,131 [DEBUG] (uiparser.py:106) -> push QVBoxLayout infoLayout
2026-07-14 11:14:14,131 [DEBUG] (properties.py:415) -> setting property styleSheet
2026-07-14 11:14:14,131 [DEBUG] (properties.py:415) -> setting property text
2026-07-14 11:14:14,131 [DEBUG] (uiparser.py:106) -> push QLabel nameLabel
2026-07-14 11:14:14,131 [DEBUG] (uiparser.py:120) -> pop widget QLabel nameLabel
2026-07-14 11:14:14,131 [DEBUG] (uiparser.py:128) -> new topwidget <client.windows.system.departments.department_card.DepartmentCard object at 0x0000025D643842D0>
2026-07-14 11:14:14,131 [DEBUG] (properties.py:415) -> setting property styleSheet
2026-07-14 11:14:14,131 [DEBUG] (properties.py:415) -> setting property text
2026-07-14 11:14:14,132 [DEBUG] (uiparser.py:106) -> push QLabel typeLabel
2026-07-14 11:14:14,132 [DEBUG] (uiparser.py:120) -> pop widget QLabel typeLabel
2026-07-14 11:14:14,132 [DEBUG] (uiparser.py:128) -> new topwidget <client.windows.system.departments.department_card.DepartmentCard object at 0x0000025D643842D0>
2026-07-14 11:14:14,132 [DEBUG] (properties.py:415) -> setting property styleSheet
2026-07-14 11:14:14,132 [DEBUG] (properties.py:415) -> setting property text
2026-07-14 11:14:14,132 [DEBUG] (uiparser.py:106) -> push QLabel leaderLabel
2026-07-14 11:14:14,132 [DEBUG] (uiparser.py:120) -> pop widget QLabel leaderLabel
2026-07-14 11:14:14,132 [DEBUG] (uiparser.py:128) -> new topwidget <client.windows.system.departments.department_card.DepartmentCard object at 0x0000025D643842D0>
2026-07-14 11:14:14,132 [DEBUG] (properties.py:415) -> setting property maximumSize
2026-07-14 11:14:14,132 [DEBUG] (properties.py:415) -> setting property styleSheet
2026-07-14 11:14:14,132 [DEBUG] (properties.py:415) -> setting property text
2026-07-14 11:14:14,132 [DEBUG] (properties.py:415) -> setting property wordWrap
2026-07-14 11:14:14,132 [DEBUG] (uiparser.py:106) -> push QLabel descriptionLabel
2026-07-14 11:14:14,132 [DEBUG] (uiparser.py:120) -> pop widget QLabel descriptionLabel
2026-07-14 11:14:14,132 [DEBUG] (uiparser.py:128) -> new topwidget <client.windows.system.departments.department_card.DepartmentCard object at 0x0000025D643842D0>
2026-07-14 11:14:14,132 [DEBUG] (properties.py:415) -> setting property styleSheet
2026-07-14 11:14:14,132 [DEBUG] (properties.py:415) -> setting property text
2026-07-14 11:14:14,132 [DEBUG] (uiparser.py:106) -> push QLabel phoneLabel
2026-07-14 11:14:14,132 [DEBUG] (uiparser.py:120) -> pop widget QLabel phoneLabel
2026-07-14 11:14:14,132 [DEBUG] (uiparser.py:128) -> new topwidget <client.windows.system.departments.department_card.DepartmentCard object at 0x0000025D643842D0>
2026-07-14 11:14:14,132 [DEBUG] (properties.py:415) -> setting property styleSheet
2026-07-14 11:14:14,132 [DEBUG] (properties.py:415) -> setting property text
2026-07-14 11:14:14,132 [DEBUG] (uiparser.py:106) -> push QLabel numberLabel
2026-07-14 11:14:14,132 [DEBUG] (uiparser.py:120) -> pop widget QLabel numberLabel
2026-07-14 11:14:14,132 [DEBUG] (uiparser.py:128) -> new topwidget <client.windows.system.departments.department_card.DepartmentCard object at 0x0000025D643842D0>
2026-07-14 11:14:14,132 [DEBUG] (uiparser.py:114) -> pop layout QVBoxLayout infoLayout
2026-07-14 11:14:14,132 [DEBUG] (properties.py:415) -> setting property minimumSize
2026-07-14 11:14:14,132 [DEBUG] (properties.py:415) -> setting property maximumSize
2026-07-14 11:14:14,132 [DEBUG] (properties.py:415) -> setting property cursor
2026-07-14 11:14:14,132 [DEBUG] (properties.py:415) -> setting property styleSheet
2026-07-14 11:14:14,132 [DEBUG] (properties.py:415) -> setting property text
2026-07-14 11:14:14,132 [DEBUG] (uiparser.py:106) -> push QPushButton editBtn
2026-07-14 11:14:14,132 [DEBUG] (uiparser.py:120) -> pop widget QPushButton editBtn
2026-07-14 11:14:14,132 [DEBUG] (uiparser.py:128) -> new topwidget <client.windows.system.departments.department_card.DepartmentCard object at 0x0000025D643842D0>
2026-07-14 11:14:14,132 [DEBUG] (properties.py:415) -> setting property minimumSize
2026-07-14 11:14:14,132 [DEBUG] (properties.py:415) -> setting property maximumSize
2026-07-14 11:14:14,132 [DEBUG] (properties.py:415) -> setting property cursor
2026-07-14 11:14:14,132 [DEBUG] (properties.py:415) -> setting property styleSheet
2026-07-14 11:14:14,132 [DEBUG] (properties.py:415) -> setting property text
2026-07-14 11:14:14,132 [DEBUG] (uiparser.py:106) -> push QPushButton deleteBtn
2026-07-14 11:14:14,132 [DEBUG] (uiparser.py:120) -> pop widget QPushButton deleteBtn
2026-07-14 11:14:14,132 [DEBUG] (uiparser.py:128) -> new topwidget <client.windows.system.departments.department_card.DepartmentCard object at 0x0000025D643842D0>
2026-07-14 11:14:14,132 [DEBUG] (uiparser.py:114) -> pop layout QHBoxLayout horizontalLayout_2
2026-07-14 11:14:14,132 [DEBUG] (uiparser.py:114) -> pop layout QHBoxLayout horizontalLayout
2026-07-14 11:14:14,132 [DEBUG] (uiparser.py:120) -> pop widget DepartmentCard UniversalDepartmentCard
2026-07-14 11:14:14,132 [DEBUG] (uiparser.py:128) -> new topwidget None
2026-07-14 11:14:14,140 [DEBUG] (uiparser.py:838) -> toplevel widget is DepartmentPage
2026-07-14 11:14:14,140 [DEBUG] (properties.py:415) -> setting property geometry
2026-07-14 11:14:14,140 [DEBUG] (properties.py:415) -> setting property windowTitle
2026-07-14 11:14:14,140 [DEBUG] (properties.py:415) -> setting property styleSheet
2026-07-14 11:14:14,140 [DEBUG] (uiparser.py:106) -> push DepartmentPage DepartmentPage
2026-07-14 11:14:14,140 [DEBUG] (properties.py:415) -> setting property spacing
2026-07-14 11:14:14,140 [DEBUG] (properties.py:415) -> setting property leftMargin
2026-07-14 11:14:14,140 [DEBUG] (properties.py:415) -> setting property topMargin
2026-07-14 11:14:14,140 [DEBUG] (properties.py:415) -> setting property rightMargin
2026-07-14 11:14:14,140 [DEBUG] (properties.py:415) -> setting property bottomMargin
2026-07-14 11:14:14,140 [DEBUG] (properties.py:415) -> setting property alignment
2026-07-14 11:14:14,140 [DEBUG] (properties.py:415) -> setting property pyuicMargins
2026-07-14 11:14:14,140 [DEBUG] (properties.py:415) -> setting property pyuicSpacing
2026-07-14 11:14:14,140 [DEBUG] (uiparser.py:106) -> push QVBoxLayout mainLayout
2026-07-14 11:14:14,140 [DEBUG] (properties.py:415) -> setting property spacing
2026-07-14 11:14:14,140 [DEBUG] (properties.py:415) -> setting property pyuicSpacing
2026-07-14 11:14:14,140 [DEBUG] (uiparser.py:106) -> push QHBoxLayout toolbarLayout
2026-07-14 11:14:14,140 [DEBUG] (properties.py:415) -> setting property minimumSize
2026-07-14 11:14:14,140 [DEBUG] (properties.py:415) -> setting property maximumSize
2026-07-14 11:14:14,140 [DEBUG] (properties.py:415) -> setting property styleSheet
2026-07-14 11:14:14,140 [DEBUG] (properties.py:415) -> setting property placeholderText
2026-07-14 11:14:14,141 [DEBUG] (uiparser.py:106) -> push QLineEdit searchEdit
2026-07-14 11:14:14,141 [DEBUG] (uiparser.py:120) -> pop widget QLineEdit searchEdit
2026-07-14 11:14:14,141 [DEBUG] (uiparser.py:128) -> new topwidget <client.windows.system.departments.department_page.DepartmentPage object at 0x0000025D64384AF0>
2026-07-14 11:14:14,141 [DEBUG] (properties.py:415) -> setting property minimumSize
2026-07-14 11:14:14,141 [DEBUG] (properties.py:415) -> setting property styleSheet
2026-07-14 11:14:14,141 [DEBUG] (properties.py:415) -> setting property text
2026-07-14 11:14:14,141 [DEBUG] (uiparser.py:106) -> push QPushButton btnSort
2026-07-14 11:14:14,141 [DEBUG] (uiparser.py:120) -> pop widget QPushButton btnSort
2026-07-14 11:14:14,141 [DEBUG] (uiparser.py:128) -> new topwidget <client.windows.system.departments.department_page.DepartmentPage object at 0x0000025D64384AF0>
2026-07-14 11:14:14,141 [DEBUG] (properties.py:415) -> setting property minimumSize
2026-07-14 11:14:14,141 [DEBUG] (properties.py:415) -> setting property maximumSize
2026-07-14 11:14:14,141 [DEBUG] (properties.py:415) -> setting property toolTip
2026-07-14 11:14:14,141 [DEBUG] (properties.py:415) -> setting property styleSheet
2026-07-14 11:14:14,141 [DEBUG] (properties.py:415) -> setting property text
2026-07-14 11:14:14,141 [DEBUG] (uiparser.py:106) -> push QPushButton btnResetFilters
2026-07-14 11:14:14,141 [DEBUG] (uiparser.py:120) -> pop widget QPushButton btnResetFilters
2026-07-14 11:14:14,141 [DEBUG] (uiparser.py:128) -> new topwidget <client.windows.system.departments.department_page.DepartmentPage object at 0x0000025D64384AF0>
2026-07-14 11:14:14,141 [DEBUG] (uiparser.py:114) -> pop layout QHBoxLayout toolbarLayout
2026-07-14 11:14:14,141 [DEBUG] (properties.py:415) -> setting property styleSheet
2026-07-14 11:14:14,141 [DEBUG] (properties.py:415) -> setting property widgetResizable
2026-07-14 11:14:14,141 [DEBUG] (uiparser.py:106) -> push QScrollArea scrollArea
2026-07-14 11:14:14,141 [DEBUG] (properties.py:415) -> setting property geometry
2026-07-14 11:14:14,141 [DEBUG] (uiparser.py:106) -> push QWidget scrollAreaWidgetContents
2026-07-14 11:14:14,141 [DEBUG] (properties.py:415) -> setting property spacing
2026-07-14 11:14:14,141 [DEBUG] (properties.py:415) -> setting property leftMargin
2026-07-14 11:14:14,145 [DEBUG] (properties.py:415) -> setting property topMargin
2026-07-14 11:14:14,145 [DEBUG] (properties.py:415) -> setting property rightMargin
2026-07-14 11:14:14,145 [DEBUG] (properties.py:415) -> setting property bottomMargin
2026-07-14 11:14:14,145 [DEBUG] (properties.py:415) -> setting property pyuicMargins
2026-07-14 11:14:14,145 [DEBUG] (properties.py:415) -> setting property pyuicSpacing
2026-07-14 11:14:14,145 [DEBUG] (uiparser.py:106) -> push QVBoxLayout scrollAreaLayout
2026-07-14 11:14:14,145 [DEBUG] (uiparser.py:114) -> pop layout QVBoxLayout scrollAreaLayout
2026-07-14 11:14:14,145 [DEBUG] (uiparser.py:120) -> pop widget QWidget scrollAreaWidgetContents
2026-07-14 11:14:14,145 [DEBUG] (uiparser.py:128) -> new topwidget <PyQt6.QtWidgets.QScrollArea object at 0x0000025D64384F50>
2026-07-14 11:14:14,145 [DEBUG] (uiparser.py:120) -> pop widget QScrollArea scrollArea
2026-07-14 11:14:14,145 [DEBUG] (uiparser.py:128) -> new topwidget <client.windows.system.departments.department_page.DepartmentPage object at 0x0000025D64384AF0>
2026-07-14 11:14:14,145 [DEBUG] (uiparser.py:114) -> pop layout QVBoxLayout mainLayout
2026-07-14 11:14:14,145 [DEBUG] (uiparser.py:120) -> pop widget DepartmentPage DepartmentPage
2026-07-14 11:14:14,145 [DEBUG] (uiparser.py:128) -> new topwidget None
2026-07-14 11:14:14,146 [DEBUG] (uiparser.py:838) -> toplevel widget is DepartmentCard
2026-07-14 11:14:14,146 [DEBUG] (properties.py:415) -> setting property geometry
2026-07-14 11:14:14,146 [DEBUG] (properties.py:415) -> setting property minimumSize
2026-07-14 11:14:14,146 [DEBUG] (properties.py:415) -> setting property maximumSize
2026-07-14 11:14:14,146 [DEBUG] (properties.py:415) -> setting property styleSheet
2026-07-14 11:14:14,146 [DEBUG] (uiparser.py:106) -> push DepartmentCard UniversalDepartmentCard
2026-07-14 11:14:14,147 [DEBUG] (properties.py:415) -> setting property spacing
2026-07-14 11:14:14,147 [DEBUG] (properties.py:415) -> setting property leftMargin
2026-07-14 11:14:14,147 [DEBUG] (properties.py:415) -> setting property topMargin
2026-07-14 11:14:14,147 [DEBUG] (properties.py:415) -> setting property rightMargin
2026-07-14 11:14:14,147 [DEBUG] (properties.py:415) -> setting property bottomMargin
2026-07-14 11:14:14,147 [DEBUG] (properties.py:415) -> setting property pyuicMargins
2026-07-14 11:14:14,147 [DEBUG] (properties.py:415) -> setting property pyuicSpacing
2026-07-14 11:14:14,147 [DEBUG] (uiparser.py:106) -> push QHBoxLayout horizontalLayout
2026-07-14 11:14:14,147 [DEBUG] (properties.py:415) -> setting property spacing
2026-07-14 11:14:14,147 [DEBUG] (properties.py:415) -> setting property pyuicSpacing
2026-07-14 11:14:14,147 [DEBUG] (uiparser.py:106) -> push QHBoxLayout horizontalLayout_2
2026-07-14 11:14:14,147 [DEBUG] (properties.py:415) -> setting property spacing
2026-07-14 11:14:14,147 [DEBUG] (properties.py:415) -> setting property topMargin
2026-07-14 11:14:14,147 [DEBUG] (properties.py:415) -> setting property bottomMargin
2026-07-14 11:14:14,147 [DEBUG] (properties.py:415) -> setting property pyuicMargins
2026-07-14 11:14:14,147 [DEBUG] (properties.py:415) -> setting property pyuicSpacing
2026-07-14 11:14:14,147 [DEBUG] (uiparser.py:106) -> push QVBoxLayout infoLayout
2026-07-14 11:14:14,147 [DEBUG] (properties.py:415) -> setting property styleSheet
2026-07-14 11:14:14,147 [DEBUG] (properties.py:415) -> setting property text
2026-07-14 11:14:14,147 [DEBUG] (uiparser.py:106) -> push QLabel nameLabel
2026-07-14 11:14:14,147 [DEBUG] (uiparser.py:120) -> pop widget QLabel nameLabel
2026-07-14 11:14:14,147 [DEBUG] (uiparser.py:128) -> new topwidget <client.windows.system.departments.department_card.DepartmentCard object at 0x0000025D64385DB0>
2026-07-14 11:14:14,147 [DEBUG] (properties.py:415) -> setting property styleSheet
2026-07-14 11:14:14,147 [DEBUG] (properties.py:415) -> setting property text
2026-07-14 11:14:14,147 [DEBUG] (uiparser.py:106) -> push QLabel typeLabel
2026-07-14 11:14:14,147 [DEBUG] (uiparser.py:120) -> pop widget QLabel typeLabel
2026-07-14 11:14:14,147 [DEBUG] (uiparser.py:128) -> new topwidget <client.windows.system.departments.department_card.DepartmentCard object at 0x0000025D64385DB0>
2026-07-14 11:14:14,147 [DEBUG] (properties.py:415) -> setting property styleSheet
2026-07-14 11:14:14,147 [DEBUG] (properties.py:415) -> setting property text
2026-07-14 11:14:14,147 [DEBUG] (uiparser.py:106) -> push QLabel leaderLabel
2026-07-14 11:14:14,147 [DEBUG] (uiparser.py:120) -> pop widget QLabel leaderLabel
2026-07-14 11:14:14,147 [DEBUG] (uiparser.py:128) -> new topwidget <client.windows.system.departments.department_card.DepartmentCard object at 0x0000025D64385DB0>
2026-07-14 11:14:14,147 [DEBUG] (properties.py:415) -> setting property maximumSize
2026-07-14 11:14:14,147 [DEBUG] (properties.py:415) -> setting property styleSheet
2026-07-14 11:14:14,147 [DEBUG] (properties.py:415) -> setting property text
2026-07-14 11:14:14,147 [DEBUG] (properties.py:415) -> setting property wordWrap
2026-07-14 11:14:14,147 [DEBUG] (uiparser.py:106) -> push QLabel descriptionLabel
2026-07-14 11:14:14,147 [DEBUG] (uiparser.py:120) -> pop widget QLabel descriptionLabel
2026-07-14 11:14:14,147 [DEBUG] (uiparser.py:128) -> new topwidget <client.windows.system.departments.department_card.DepartmentCard object at 0x0000025D64385DB0>
2026-07-14 11:14:14,147 [DEBUG] (properties.py:415) -> setting property styleSheet
2026-07-14 11:14:14,148 [DEBUG] (properties.py:415) -> setting property text
2026-07-14 11:14:14,148 [DEBUG] (uiparser.py:106) -> push QLabel phoneLabel
2026-07-14 11:14:14,148 [DEBUG] (uiparser.py:120) -> pop widget QLabel phoneLabel
2026-07-14 11:14:14,148 [DEBUG] (uiparser.py:128) -> new topwidget <client.windows.system.departments.department_card.DepartmentCard object at 0x0000025D64385DB0>
2026-07-14 11:14:14,148 [DEBUG] (properties.py:415) -> setting property styleSheet
2026-07-14 11:14:14,148 [DEBUG] (properties.py:415) -> setting property text
2026-07-14 11:14:14,148 [DEBUG] (uiparser.py:106) -> push QLabel numberLabel
2026-07-14 11:14:14,148 [DEBUG] (uiparser.py:120) -> pop widget QLabel numberLabel
2026-07-14 11:14:14,148 [DEBUG] (uiparser.py:128) -> new topwidget <client.windows.system.departments.department_card.DepartmentCard object at 0x0000025D64385DB0>
2026-07-14 11:14:14,148 [DEBUG] (uiparser.py:114) -> pop layout QVBoxLayout infoLayout
2026-07-14 11:14:14,148 [DEBUG] (properties.py:415) -> setting property minimumSize
2026-07-14 11:14:14,148 [DEBUG] (properties.py:415) -> setting property maximumSize
2026-07-14 11:14:14,148 [DEBUG] (properties.py:415) -> setting property cursor
2026-07-14 11:14:14,148 [DEBUG] (properties.py:415) -> setting property styleSheet
2026-07-14 11:14:14,148 [DEBUG] (properties.py:415) -> setting property text
2026-07-14 11:14:14,148 [DEBUG] (uiparser.py:106) -> push QPushButton editBtn
2026-07-14 11:14:14,148 [DEBUG] (uiparser.py:120) -> pop widget QPushButton editBtn
2026-07-14 11:14:14,148 [DEBUG] (uiparser.py:128) -> new topwidget <client.windows.system.departments.department_card.DepartmentCard object at 0x0000025D64385DB0>
2026-07-14 11:14:14,148 [DEBUG] (properties.py:415) -> setting property minimumSize
2026-07-14 11:14:14,148 [DEBUG] (properties.py:415) -> setting property maximumSize
2026-07-14 11:14:14,148 [DEBUG] (properties.py:415) -> setting property cursor
2026-07-14 11:14:14,148 [DEBUG] (properties.py:415) -> setting property styleSheet
2026-07-14 11:14:14,148 [DEBUG] (properties.py:415) -> setting property text
2026-07-14 11:14:14,148 [DEBUG] (uiparser.py:106) -> push QPushButton deleteBtn
2026-07-14 11:14:14,148 [DEBUG] (uiparser.py:120) -> pop widget QPushButton deleteBtn
2026-07-14 11:14:14,148 [DEBUG] (uiparser.py:128) -> new topwidget <client.windows.system.departments.department_card.DepartmentCard object at 0x0000025D64385DB0>
2026-07-14 11:14:14,148 [DEBUG] (uiparser.py:114) -> pop layout QHBoxLayout horizontalLayout_2
2026-07-14 11:14:14,148 [DEBUG] (uiparser.py:114) -> pop layout QHBoxLayout horizontalLayout
2026-07-14 11:14:14,148 [DEBUG] (uiparser.py:120) -> pop widget DepartmentCard UniversalDepartmentCard
2026-07-14 11:14:14,148 [DEBUG] (uiparser.py:128) -> new topwidget None
2026-07-14 11:14:14,150 [DEBUG] (uiparser.py:838) -> toplevel widget is DepartmentCard
2026-07-14 11:14:14,150 [DEBUG] (properties.py:415) -> setting property geometry
2026-07-14 11:14:14,150 [DEBUG] (properties.py:415) -> setting property minimumSize
2026-07-14 11:14:14,150 [DEBUG] (properties.py:415) -> setting property maximumSize
2026-07-14 11:14:14,150 [DEBUG] (properties.py:415) -> setting property styleSheet
2026-07-14 11:14:14,150 [DEBUG] (uiparser.py:106) -> push DepartmentCard UniversalDepartmentCard
2026-07-14 11:14:14,150 [DEBUG] (properties.py:415) -> setting property spacing
2026-07-14 11:14:14,150 [DEBUG] (properties.py:415) -> setting property leftMargin
2026-07-14 11:14:14,150 [DEBUG] (properties.py:415) -> setting property topMargin
2026-07-14 11:14:14,150 [DEBUG] (properties.py:415) -> setting property rightMargin
2026-07-14 11:14:14,150 [DEBUG] (properties.py:415) -> setting property bottomMargin
2026-07-14 11:14:14,150 [DEBUG] (properties.py:415) -> setting property pyuicMargins
2026-07-14 11:14:14,150 [DEBUG] (properties.py:415) -> setting property pyuicSpacing
2026-07-14 11:14:14,150 [DEBUG] (uiparser.py:106) -> push QHBoxLayout horizontalLayout
2026-07-14 11:14:14,150 [DEBUG] (properties.py:415) -> setting property spacing
2026-07-14 11:14:14,150 [DEBUG] (properties.py:415) -> setting property pyuicSpacing
2026-07-14 11:14:14,150 [DEBUG] (uiparser.py:106) -> push QHBoxLayout horizontalLayout_2
2026-07-14 11:14:14,150 [DEBUG] (properties.py:415) -> setting property spacing
2026-07-14 11:14:14,150 [DEBUG] (properties.py:415) -> setting property topMargin
2026-07-14 11:14:14,150 [DEBUG] (properties.py:415) -> setting property bottomMargin
2026-07-14 11:14:14,150 [DEBUG] (properties.py:415) -> setting property pyuicMargins
2026-07-14 11:14:14,150 [DEBUG] (properties.py:415) -> setting property pyuicSpacing
2026-07-14 11:14:14,150 [DEBUG] (uiparser.py:106) -> push QVBoxLayout infoLayout
2026-07-14 11:14:14,150 [DEBUG] (properties.py:415) -> setting property styleSheet
2026-07-14 11:14:14,150 [DEBUG] (properties.py:415) -> setting property text
2026-07-14 11:14:14,150 [DEBUG] (uiparser.py:106) -> push QLabel nameLabel
2026-07-14 11:14:14,150 [DEBUG] (uiparser.py:120) -> pop widget QLabel nameLabel
2026-07-14 11:14:14,150 [DEBUG] (uiparser.py:128) -> new topwidget <client.windows.system.departments.department_card.DepartmentCard object at 0x0000025D643865D0>
2026-07-14 11:14:14,150 [DEBUG] (properties.py:415) -> setting property styleSheet
2026-07-14 11:14:14,150 [DEBUG] (properties.py:415) -> setting property text
2026-07-14 11:14:14,150 [DEBUG] (uiparser.py:106) -> push QLabel typeLabel
2026-07-14 11:14:14,150 [DEBUG] (uiparser.py:120) -> pop widget QLabel typeLabel
2026-07-14 11:14:14,150 [DEBUG] (uiparser.py:128) -> new topwidget <client.windows.system.departments.department_card.DepartmentCard object at 0x0000025D643865D0>
2026-07-14 11:14:14,150 [DEBUG] (properties.py:415) -> setting property styleSheet
2026-07-14 11:14:14,150 [DEBUG] (properties.py:415) -> setting property text
2026-07-14 11:14:14,150 [DEBUG] (uiparser.py:106) -> push QLabel leaderLabel
2026-07-14 11:14:14,150 [DEBUG] (uiparser.py:120) -> pop widget QLabel leaderLabel
2026-07-14 11:14:14,150 [DEBUG] (uiparser.py:128) -> new topwidget <client.windows.system.departments.department_card.DepartmentCard object at 0x0000025D643865D0>
2026-07-14 11:14:14,150 [DEBUG] (properties.py:415) -> setting property maximumSize
2026-07-14 11:14:14,150 [DEBUG] (properties.py:415) -> setting property styleSheet
2026-07-14 11:14:14,150 [DEBUG] (properties.py:415) -> setting property text
2026-07-14 11:14:14,150 [DEBUG] (properties.py:415) -> setting property wordWrap
2026-07-14 11:14:14,151 [DEBUG] (uiparser.py:106) -> push QLabel descriptionLabel
2026-07-14 11:14:14,151 [DEBUG] (uiparser.py:120) -> pop widget QLabel descriptionLabel
2026-07-14 11:14:14,151 [DEBUG] (uiparser.py:128) -> new topwidget <client.windows.system.departments.department_card.DepartmentCard object at 0x0000025D643865D0>
2026-07-14 11:14:14,151 [DEBUG] (properties.py:415) -> setting property styleSheet
2026-07-14 11:14:14,151 [DEBUG] (properties.py:415) -> setting property text
2026-07-14 11:14:14,151 [DEBUG] (uiparser.py:106) -> push QLabel phoneLabel
2026-07-14 11:14:14,151 [DEBUG] (uiparser.py:120) -> pop widget QLabel phoneLabel
2026-07-14 11:14:14,151 [DEBUG] (uiparser.py:128) -> new topwidget <client.windows.system.departments.department_card.DepartmentCard object at 0x0000025D643865D0>
2026-07-14 11:14:14,151 [DEBUG] (properties.py:415) -> setting property styleSheet
2026-07-14 11:14:14,151 [DEBUG] (properties.py:415) -> setting property text
2026-07-14 11:14:14,151 [DEBUG] (uiparser.py:106) -> push QLabel numberLabel
2026-07-14 11:14:14,151 [DEBUG] (uiparser.py:120) -> pop widget QLabel numberLabel
2026-07-14 11:14:14,151 [DEBUG] (uiparser.py:128) -> new topwidget <client.windows.system.departments.department_card.DepartmentCard object at 0x0000025D643865D0>
2026-07-14 11:14:14,151 [DEBUG] (uiparser.py:114) -> pop layout QVBoxLayout infoLayout
2026-07-14 11:14:14,151 [DEBUG] (properties.py:415) -> setting property minimumSize
2026-07-14 11:14:14,151 [DEBUG] (properties.py:415) -> setting property maximumSize
2026-07-14 11:14:14,151 [DEBUG] (properties.py:415) -> setting property cursor
2026-07-14 11:14:14,151 [DEBUG] (properties.py:415) -> setting property styleSheet
2026-07-14 11:14:14,151 [DEBUG] (properties.py:415) -> setting property text
2026-07-14 11:14:14,151 [DEBUG] (uiparser.py:106) -> push QPushButton editBtn
2026-07-14 11:14:14,151 [DEBUG] (uiparser.py:120) -> pop widget QPushButton editBtn
2026-07-14 11:14:14,151 [DEBUG] (uiparser.py:128) -> new topwidget <client.windows.system.departments.department_card.DepartmentCard object at 0x0000025D643865D0>
2026-07-14 11:14:14,151 [DEBUG] (properties.py:415) -> setting property minimumSize
2026-07-14 11:14:14,151 [DEBUG] (properties.py:415) -> setting property maximumSize
2026-07-14 11:14:14,151 [DEBUG] (properties.py:415) -> setting property cursor
2026-07-14 11:14:14,151 [DEBUG] (properties.py:415) -> setting property styleSheet
2026-07-14 11:14:14,151 [DEBUG] (properties.py:415) -> setting property text
2026-07-14 11:14:14,151 [DEBUG] (uiparser.py:106) -> push QPushButton deleteBtn
2026-07-14 11:14:14,151 [DEBUG] (uiparser.py:120) -> pop widget QPushButton deleteBtn
2026-07-14 11:14:14,151 [DEBUG] (uiparser.py:128) -> new topwidget <client.windows.system.departments.department_card.DepartmentCard object at 0x0000025D643865D0>
2026-07-14 11:14:14,151 [DEBUG] (uiparser.py:114) -> pop layout QHBoxLayout horizontalLayout_2
2026-07-14 11:14:14,151 [DEBUG] (uiparser.py:114) -> pop layout QHBoxLayout horizontalLayout
2026-07-14 11:14:14,151 [DEBUG] (uiparser.py:120) -> pop widget DepartmentCard UniversalDepartmentCard
2026-07-14 11:14:14,151 [DEBUG] (uiparser.py:128) -> new topwidget None
2026-07-14 11:14:14,153 [DEBUG] (uiparser.py:838) -> toplevel widget is DepartmentCard
2026-07-14 11:14:14,153 [DEBUG] (properties.py:415) -> setting property geometry
2026-07-14 11:14:14,154 [DEBUG] (properties.py:415) -> setting property minimumSize
2026-07-14 11:14:14,154 [DEBUG] (properties.py:415) -> setting property maximumSize
2026-07-14 11:14:14,154 [DEBUG] (properties.py:415) -> setting property styleSheet
2026-07-14 11:14:14,154 [DEBUG] (uiparser.py:106) -> push DepartmentCard UniversalDepartmentCard
2026-07-14 11:14:14,154 [DEBUG] (properties.py:415) -> setting property spacing
2026-07-14 11:14:14,154 [DEBUG] (properties.py:415) -> setting property leftMargin
2026-07-14 11:14:14,154 [DEBUG] (properties.py:415) -> setting property topMargin
2026-07-14 11:14:14,154 [DEBUG] (properties.py:415) -> setting property rightMargin
2026-07-14 11:14:14,154 [DEBUG] (properties.py:415) -> setting property bottomMargin
2026-07-14 11:14:14,154 [DEBUG] (properties.py:415) -> setting property pyuicMargins
2026-07-14 11:14:14,154 [DEBUG] (properties.py:415) -> setting property pyuicSpacing
2026-07-14 11:14:14,154 [DEBUG] (uiparser.py:106) -> push QHBoxLayout horizontalLayout
2026-07-14 11:14:14,154 [DEBUG] (properties.py:415) -> setting property spacing
2026-07-14 11:14:14,154 [DEBUG] (properties.py:415) -> setting property pyuicSpacing
2026-07-14 11:14:14,154 [DEBUG] (uiparser.py:106) -> push QHBoxLayout horizontalLayout_2
2026-07-14 11:14:14,154 [DEBUG] (properties.py:415) -> setting property spacing
2026-07-14 11:14:14,154 [DEBUG] (properties.py:415) -> setting property topMargin
2026-07-14 11:14:14,154 [DEBUG] (properties.py:415) -> setting property bottomMargin
2026-07-14 11:14:14,154 [DEBUG] (properties.py:415) -> setting property pyuicMargins
2026-07-14 11:14:14,154 [DEBUG] (properties.py:415) -> setting property pyuicSpacing
2026-07-14 11:14:14,154 [DEBUG] (uiparser.py:106) -> push QVBoxLayout infoLayout
2026-07-14 11:14:14,154 [DEBUG] (properties.py:415) -> setting property styleSheet
2026-07-14 11:14:14,154 [DEBUG] (properties.py:415) -> setting property text
2026-07-14 11:14:14,154 [DEBUG] (uiparser.py:106) -> push QLabel nameLabel
2026-07-14 11:14:14,154 [DEBUG] (uiparser.py:120) -> pop widget QLabel nameLabel
2026-07-14 11:14:14,154 [DEBUG] (uiparser.py:128) -> new topwidget <client.windows.system.departments.department_card.DepartmentCard object at 0x0000025D64387250>
2026-07-14 11:14:14,154 [DEBUG] (properties.py:415) -> setting property styleSheet
2026-07-14 11:14:14,154 [DEBUG] (properties.py:415) -> setting property text
2026-07-14 11:14:14,154 [DEBUG] (uiparser.py:106) -> push QLabel typeLabel
2026-07-14 11:14:14,154 [DEBUG] (uiparser.py:120) -> pop widget QLabel typeLabel
2026-07-14 11:14:14,154 [DEBUG] (uiparser.py:128) -> new topwidget <client.windows.system.departments.department_card.DepartmentCard object at 0x0000025D64387250>
2026-07-14 11:14:14,154 [DEBUG] (properties.py:415) -> setting property styleSheet
2026-07-14 11:14:14,154 [DEBUG] (properties.py:415) -> setting property text
2026-07-14 11:14:14,154 [DEBUG] (uiparser.py:106) -> push QLabel leaderLabel
2026-07-14 11:14:14,154 [DEBUG] (uiparser.py:120) -> pop widget QLabel leaderLabel
2026-07-14 11:14:14,154 [DEBUG] (uiparser.py:128) -> new topwidget <client.windows.system.departments.department_card.DepartmentCard object at 0x0000025D64387250>
2026-07-14 11:14:14,154 [DEBUG] (properties.py:415) -> setting property maximumSize
2026-07-14 11:14:14,154 [DEBUG] (properties.py:415) -> setting property styleSheet
2026-07-14 11:14:14,154 [DEBUG] (properties.py:415) -> setting property text
2026-07-14 11:14:14,154 [DEBUG] (properties.py:415) -> setting property wordWrap
2026-07-14 11:14:14,154 [DEBUG] (uiparser.py:106) -> push QLabel descriptionLabel
2026-07-14 11:14:14,154 [DEBUG] (uiparser.py:120) -> pop widget QLabel descriptionLabel
2026-07-14 11:14:14,154 [DEBUG] (uiparser.py:128) -> new topwidget <client.windows.system.departments.department_card.DepartmentCard object at 0x0000025D64387250>
2026-07-14 11:14:14,154 [DEBUG] (properties.py:415) -> setting property styleSheet
2026-07-14 11:14:14,155 [DEBUG] (properties.py:415) -> setting property text
2026-07-14 11:14:14,155 [DEBUG] (uiparser.py:106) -> push QLabel phoneLabel
2026-07-14 11:14:14,155 [DEBUG] (uiparser.py:120) -> pop widget QLabel phoneLabel
2026-07-14 11:14:14,155 [DEBUG] (uiparser.py:128) -> new topwidget <client.windows.system.departments.department_card.DepartmentCard object at 0x0000025D64387250>
2026-07-14 11:14:14,155 [DEBUG] (properties.py:415) -> setting property styleSheet
2026-07-14 11:14:14,155 [DEBUG] (properties.py:415) -> setting property text
2026-07-14 11:14:14,155 [DEBUG] (uiparser.py:106) -> push QLabel numberLabel
2026-07-14 11:14:14,155 [DEBUG] (uiparser.py:120) -> pop widget QLabel numberLabel
2026-07-14 11:14:14,155 [DEBUG] (uiparser.py:128) -> new topwidget <client.windows.system.departments.department_card.DepartmentCard object at 0x0000025D64387250>
2026-07-14 11:14:14,155 [DEBUG] (uiparser.py:114) -> pop layout QVBoxLayout infoLayout
2026-07-14 11:14:14,155 [DEBUG] (properties.py:415) -> setting property minimumSize
2026-07-14 11:14:14,155 [DEBUG] (properties.py:415) -> setting property maximumSize
2026-07-14 11:14:14,155 [DEBUG] (properties.py:415) -> setting property cursor
2026-07-14 11:14:14,155 [DEBUG] (properties.py:415) -> setting property styleSheet
2026-07-14 11:14:14,155 [DEBUG] (properties.py:415) -> setting property text
2026-07-14 11:14:14,155 [DEBUG] (uiparser.py:106) -> push QPushButton editBtn
2026-07-14 11:14:14,155 [DEBUG] (uiparser.py:120) -> pop widget QPushButton editBtn
2026-07-14 11:14:14,155 [DEBUG] (uiparser.py:128) -> new topwidget <client.windows.system.departments.department_card.DepartmentCard object at 0x0000025D64387250>
2026-07-14 11:14:14,155 [DEBUG] (properties.py:415) -> setting property minimumSize
2026-07-14 11:14:14,155 [DEBUG] (properties.py:415) -> setting property maximumSize
2026-07-14 11:14:14,155 [DEBUG] (properties.py:415) -> setting property cursor
2026-07-14 11:14:14,155 [DEBUG] (properties.py:415) -> setting property styleSheet
2026-07-14 11:14:14,155 [DEBUG] (properties.py:415) -> setting property text
2026-07-14 11:14:14,155 [DEBUG] (uiparser.py:106) -> push QPushButton deleteBtn
2026-07-14 11:14:14,155 [DEBUG] (uiparser.py:120) -> pop widget QPushButton deleteBtn
2026-07-14 11:14:14,155 [DEBUG] (uiparser.py:128) -> new topwidget <client.windows.system.departments.department_card.DepartmentCard object at 0x0000025D64387250>
2026-07-14 11:14:14,155 [DEBUG] (uiparser.py:114) -> pop layout QHBoxLayout horizontalLayout_2
2026-07-14 11:14:14,155 [DEBUG] (uiparser.py:114) -> pop layout QHBoxLayout horizontalLayout
2026-07-14 11:14:14,155 [DEBUG] (uiparser.py:120) -> pop widget DepartmentCard UniversalDepartmentCard
2026-07-14 11:14:14,155 [DEBUG] (uiparser.py:128) -> new topwidget None
2026-07-14 11:14:14,157 [DEBUG] (uiparser.py:838) -> toplevel widget is DepartmentCard
2026-07-14 11:14:14,157 [DEBUG] (properties.py:415) -> setting property geometry
2026-07-14 11:14:14,157 [DEBUG] (properties.py:415) -> setting property minimumSize
2026-07-14 11:14:14,157 [DEBUG] (properties.py:415) -> setting property maximumSize
2026-07-14 11:14:14,157 [DEBUG] (properties.py:415) -> setting property styleSheet
2026-07-14 11:14:14,157 [DEBUG] (uiparser.py:106) -> push DepartmentCard UniversalDepartmentCard
2026-07-14 11:14:14,157 [DEBUG] (properties.py:415) -> setting property spacing
2026-07-14 11:14:14,157 [DEBUG] (properties.py:415) -> setting property leftMargin
2026-07-14 11:14:14,157 [DEBUG] (properties.py:415) -> setting property topMargin
2026-07-14 11:14:14,157 [DEBUG] (properties.py:415) -> setting property rightMargin
2026-07-14 11:14:14,157 [DEBUG] (properties.py:415) -> setting property bottomMargin
2026-07-14 11:14:14,157 [DEBUG] (properties.py:415) -> setting property pyuicMargins
2026-07-14 11:14:14,157 [DEBUG] (properties.py:415) -> setting property pyuicSpacing
2026-07-14 11:14:14,157 [DEBUG] (uiparser.py:106) -> push QHBoxLayout horizontalLayout
2026-07-14 11:14:14,157 [DEBUG] (properties.py:415) -> setting property spacing
2026-07-14 11:14:14,157 [DEBUG] (properties.py:415) -> setting property pyuicSpacing
2026-07-14 11:14:14,157 [DEBUG] (uiparser.py:106) -> push QHBoxLayout horizontalLayout_2
2026-07-14 11:14:14,157 [DEBUG] (properties.py:415) -> setting property spacing
2026-07-14 11:14:14,157 [DEBUG] (properties.py:415) -> setting property topMargin
2026-07-14 11:14:14,157 [DEBUG] (properties.py:415) -> setting property bottomMargin
2026-07-14 11:14:14,157 [DEBUG] (properties.py:415) -> setting property pyuicMargins
2026-07-14 11:14:14,157 [DEBUG] (properties.py:415) -> setting property pyuicSpacing
2026-07-14 11:14:14,157 [DEBUG] (uiparser.py:106) -> push QVBoxLayout infoLayout
2026-07-14 11:14:14,157 [DEBUG] (properties.py:415) -> setting property styleSheet
2026-07-14 11:14:14,157 [DEBUG] (properties.py:415) -> setting property text
2026-07-14 11:14:14,157 [DEBUG] (uiparser.py:106) -> push QLabel nameLabel
2026-07-14 11:14:14,157 [DEBUG] (uiparser.py:120) -> pop widget QLabel nameLabel
2026-07-14 11:14:14,157 [DEBUG] (uiparser.py:128) -> new topwidget <client.windows.system.departments.department_card.DepartmentCard object at 0x0000025D64387B10>
2026-07-14 11:14:14,157 [DEBUG] (properties.py:415) -> setting property styleSheet
2026-07-14 11:14:14,157 [DEBUG] (properties.py:415) -> setting property text
2026-07-14 11:14:14,157 [DEBUG] (uiparser.py:106) -> push QLabel typeLabel
2026-07-14 11:14:14,157 [DEBUG] (uiparser.py:120) -> pop widget QLabel typeLabel
2026-07-14 11:14:14,157 [DEBUG] (uiparser.py:128) -> new topwidget <client.windows.system.departments.department_card.DepartmentCard object at 0x0000025D64387B10>
2026-07-14 11:14:14,157 [DEBUG] (properties.py:415) -> setting property styleSheet
2026-07-14 11:14:14,157 [DEBUG] (properties.py:415) -> setting property text
2026-07-14 11:14:14,157 [DEBUG] (uiparser.py:106) -> push QLabel leaderLabel
2026-07-14 11:14:14,157 [DEBUG] (uiparser.py:120) -> pop widget QLabel leaderLabel
2026-07-14 11:14:14,157 [DEBUG] (uiparser.py:128) -> new topwidget <client.windows.system.departments.department_card.DepartmentCard object at 0x0000025D64387B10>
2026-07-14 11:14:14,157 [DEBUG] (properties.py:415) -> setting property maximumSize
2026-07-14 11:14:14,157 [DEBUG] (properties.py:415) -> setting property styleSheet
2026-07-14 11:14:14,157 [DEBUG] (properties.py:415) -> setting property text
2026-07-14 11:14:14,157 [DEBUG] (properties.py:415) -> setting property wordWrap
2026-07-14 11:14:14,157 [DEBUG] (uiparser.py:106) -> push QLabel descriptionLabel
2026-07-14 11:14:14,158 [DEBUG] (uiparser.py:120) -> pop widget QLabel descriptionLabel
2026-07-14 11:14:14,158 [DEBUG] (uiparser.py:128) -> new topwidget <client.windows.system.departments.department_card.DepartmentCard object at 0x0000025D64387B10>
2026-07-14 11:14:14,158 [DEBUG] (properties.py:415) -> setting property styleSheet
2026-07-14 11:14:14,158 [DEBUG] (properties.py:415) -> setting property text
2026-07-14 11:14:14,158 [DEBUG] (uiparser.py:106) -> push QLabel phoneLabel
2026-07-14 11:14:14,158 [DEBUG] (uiparser.py:120) -> pop widget QLabel phoneLabel
2026-07-14 11:14:14,158 [DEBUG] (uiparser.py:128) -> new topwidget <client.windows.system.departments.department_card.DepartmentCard object at 0x0000025D64387B10>
2026-07-14 11:14:14,158 [DEBUG] (properties.py:415) -> setting property styleSheet
2026-07-14 11:14:14,158 [DEBUG] (properties.py:415) -> setting property text
2026-07-14 11:14:14,158 [DEBUG] (uiparser.py:106) -> push QLabel numberLabel
2026-07-14 11:14:14,158 [DEBUG] (uiparser.py:120) -> pop widget QLabel numberLabel
2026-07-14 11:14:14,158 [DEBUG] (uiparser.py:128) -> new topwidget <client.windows.system.departments.department_card.DepartmentCard object at 0x0000025D64387B10>
2026-07-14 11:14:14,158 [DEBUG] (uiparser.py:114) -> pop layout QVBoxLayout infoLayout
2026-07-14 11:14:14,158 [DEBUG] (properties.py:415) -> setting property minimumSize
2026-07-14 11:14:14,158 [DEBUG] (properties.py:415) -> setting property maximumSize
2026-07-14 11:14:14,158 [DEBUG] (properties.py:415) -> setting property cursor
2026-07-14 11:14:14,158 [DEBUG] (properties.py:415) -> setting property styleSheet
2026-07-14 11:14:14,158 [DEBUG] (properties.py:415) -> setting property text
2026-07-14 11:14:14,158 [DEBUG] (uiparser.py:106) -> push QPushButton editBtn
2026-07-14 11:14:14,158 [DEBUG] (uiparser.py:120) -> pop widget QPushButton editBtn
2026-07-14 11:14:14,158 [DEBUG] (uiparser.py:128) -> new topwidget <client.windows.system.departments.department_card.DepartmentCard object at 0x0000025D64387B10>
2026-07-14 11:14:14,158 [DEBUG] (properties.py:415) -> setting property minimumSize
2026-07-14 11:14:14,158 [DEBUG] (properties.py:415) -> setting property maximumSize
2026-07-14 11:14:14,158 [DEBUG] (properties.py:415) -> setting property cursor
2026-07-14 11:14:14,158 [DEBUG] (properties.py:415) -> setting property styleSheet
2026-07-14 11:14:14,158 [DEBUG] (properties.py:415) -> setting property text
2026-07-14 11:14:14,158 [DEBUG] (uiparser.py:106) -> push QPushButton deleteBtn
2026-07-14 11:14:14,158 [DEBUG] (uiparser.py:120) -> pop widget QPushButton deleteBtn
2026-07-14 11:14:14,158 [DEBUG] (uiparser.py:128) -> new topwidget <client.windows.system.departments.department_card.DepartmentCard object at 0x0000025D64387B10>
2026-07-14 11:14:14,158 [DEBUG] (uiparser.py:114) -> pop layout QHBoxLayout horizontalLayout_2
2026-07-14 11:14:14,158 [DEBUG] (uiparser.py:114) -> pop layout QHBoxLayout horizontalLayout
2026-07-14 11:14:14,158 [DEBUG] (uiparser.py:120) -> pop widget DepartmentCard UniversalDepartmentCard
2026-07-14 11:14:14,158 [DEBUG] (uiparser.py:128) -> new topwidget None
2026-07-14 11:14:14,164 [DEBUG] (uiparser.py:838) -> toplevel widget is DepartmentPage
2026-07-14 11:14:14,164 [DEBUG] (properties.py:415) -> setting property geometry
2026-07-14 11:14:14,165 [DEBUG] (properties.py:415) -> setting property windowTitle
2026-07-14 11:14:14,165 [DEBUG] (properties.py:415) -> setting property styleSheet
2026-07-14 11:14:14,165 [DEBUG] (uiparser.py:106) -> push DepartmentPage DepartmentPage
2026-07-14 11:14:14,165 [DEBUG] (properties.py:415) -> setting property spacing
2026-07-14 11:14:14,165 [DEBUG] (properties.py:415) -> setting property leftMargin
2026-07-14 11:14:14,165 [DEBUG] (properties.py:415) -> setting property topMargin
2026-07-14 11:14:14,165 [DEBUG] (properties.py:415) -> setting property rightMargin
2026-07-14 11:14:14,165 [DEBUG] (properties.py:415) -> setting property bottomMargin
2026-07-14 11:14:14,165 [DEBUG] (properties.py:415) -> setting property alignment
2026-07-14 11:14:14,165 [DEBUG] (properties.py:415) -> setting property pyuicMargins
2026-07-14 11:14:14,165 [DEBUG] (properties.py:415) -> setting property pyuicSpacing
2026-07-14 11:14:14,165 [DEBUG] (uiparser.py:106) -> push QVBoxLayout mainLayout
2026-07-14 11:14:14,165 [DEBUG] (properties.py:415) -> setting property spacing
2026-07-14 11:14:14,165 [DEBUG] (properties.py:415) -> setting property pyuicSpacing
2026-07-14 11:14:14,165 [DEBUG] (uiparser.py:106) -> push QHBoxLayout toolbarLayout
2026-07-14 11:14:14,165 [DEBUG] (properties.py:415) -> setting property minimumSize
2026-07-14 11:14:14,165 [DEBUG] (properties.py:415) -> setting property maximumSize
2026-07-14 11:14:14,165 [DEBUG] (properties.py:415) -> setting property styleSheet
2026-07-14 11:14:14,165 [DEBUG] (properties.py:415) -> setting property placeholderText
2026-07-14 11:14:14,165 [DEBUG] (uiparser.py:106) -> push QLineEdit searchEdit
2026-07-14 11:14:14,165 [DEBUG] (uiparser.py:120) -> pop widget QLineEdit searchEdit
2026-07-14 11:14:14,165 [DEBUG] (uiparser.py:128) -> new topwidget <client.windows.system.departments.department_page.DepartmentPage object at 0x0000025D6438C370>
2026-07-14 11:14:14,165 [DEBUG] (properties.py:415) -> setting property minimumSize
2026-07-14 11:14:14,165 [DEBUG] (properties.py:415) -> setting property styleSheet
2026-07-14 11:14:14,165 [DEBUG] (properties.py:415) -> setting property text
2026-07-14 11:14:14,165 [DEBUG] (uiparser.py:106) -> push QPushButton btnSort
2026-07-14 11:14:14,165 [DEBUG] (uiparser.py:120) -> pop widget QPushButton btnSort
2026-07-14 11:14:14,165 [DEBUG] (uiparser.py:128) -> new topwidget <client.windows.system.departments.department_page.DepartmentPage object at 0x0000025D6438C370>
2026-07-14 11:14:14,165 [DEBUG] (properties.py:415) -> setting property minimumSize
2026-07-14 11:14:14,165 [DEBUG] (properties.py:415) -> setting property maximumSize
2026-07-14 11:14:14,165 [DEBUG] (properties.py:415) -> setting property toolTip
2026-07-14 11:14:14,165 [DEBUG] (properties.py:415) -> setting property styleSheet
2026-07-14 11:14:14,165 [DEBUG] (properties.py:415) -> setting property text
2026-07-14 11:14:14,165 [DEBUG] (uiparser.py:106) -> push QPushButton btnResetFilters
2026-07-14 11:14:14,165 [DEBUG] (uiparser.py:120) -> pop widget QPushButton btnResetFilters
2026-07-14 11:14:14,165 [DEBUG] (uiparser.py:128) -> new topwidget <client.windows.system.departments.department_page.DepartmentPage object at 0x0000025D6438C370>
2026-07-14 11:14:14,165 [DEBUG] (uiparser.py:114) -> pop layout QHBoxLayout toolbarLayout
2026-07-14 11:14:14,165 [DEBUG] (properties.py:415) -> setting property styleSheet
2026-07-14 11:14:14,166 [DEBUG] (properties.py:415) -> setting property widgetResizable
2026-07-14 11:14:14,166 [DEBUG] (uiparser.py:106) -> push QScrollArea scrollArea
2026-07-14 11:14:14,166 [DEBUG] (properties.py:415) -> setting property geometry
2026-07-14 11:14:14,166 [DEBUG] (uiparser.py:106) -> push QWidget scrollAreaWidgetContents
2026-07-14 11:14:14,166 [DEBUG] (properties.py:415) -> setting property spacing
2026-07-14 11:14:14,166 [DEBUG] (properties.py:415) -> setting property leftMargin
2026-07-14 11:14:14,167 [DEBUG] (properties.py:415) -> setting property topMargin
2026-07-14 11:14:14,167 [DEBUG] (properties.py:415) -> setting property rightMargin
2026-07-14 11:14:14,167 [DEBUG] (properties.py:415) -> setting property bottomMargin
2026-07-14 11:14:14,167 [DEBUG] (properties.py:415) -> setting property pyuicMargins
2026-07-14 11:14:14,167 [DEBUG] (properties.py:415) -> setting property pyuicSpacing
2026-07-14 11:14:14,167 [DEBUG] (uiparser.py:106) -> push QVBoxLayout scrollAreaLayout
2026-07-14 11:14:14,167 [DEBUG] (uiparser.py:114) -> pop layout QVBoxLayout scrollAreaLayout
2026-07-14 11:14:14,167 [DEBUG] (uiparser.py:120) -> pop widget QWidget scrollAreaWidgetContents
2026-07-14 11:14:14,167 [DEBUG] (uiparser.py:128) -> new topwidget <PyQt6.QtWidgets.QScrollArea object at 0x0000025D6438C7D0>
2026-07-14 11:14:14,167 [DEBUG] (uiparser.py:120) -> pop widget QScrollArea scrollArea
2026-07-14 11:14:14,167 [DEBUG] (uiparser.py:128) -> new topwidget <client.windows.system.departments.department_page.DepartmentPage object at 0x0000025D6438C370>
2026-07-14 11:14:14,167 [DEBUG] (uiparser.py:114) -> pop layout QVBoxLayout mainLayout
2026-07-14 11:14:14,167 [DEBUG] (uiparser.py:120) -> pop widget DepartmentPage DepartmentPage
2026-07-14 11:14:14,167 [DEBUG] (uiparser.py:128) -> new topwidget None
2026-07-14 11:14:14,168 [DEBUG] (uiparser.py:838) -> toplevel widget is DepartmentCard
2026-07-14 11:14:14,168 [DEBUG] (properties.py:415) -> setting property geometry
2026-07-14 11:14:14,168 [DEBUG] (properties.py:415) -> setting property minimumSize
2026-07-14 11:14:14,168 [DEBUG] (properties.py:415) -> setting property maximumSize
2026-07-14 11:14:14,168 [DEBUG] (properties.py:415) -> setting property styleSheet
2026-07-14 11:14:14,168 [DEBUG] (uiparser.py:106) -> push DepartmentCard UniversalDepartmentCard
2026-07-14 11:14:14,168 [DEBUG] (properties.py:415) -> setting property spacing
2026-07-14 11:14:14,168 [DEBUG] (properties.py:415) -> setting property leftMargin
2026-07-14 11:14:14,168 [DEBUG] (properties.py:415) -> setting property topMargin
2026-07-14 11:14:14,168 [DEBUG] (properties.py:415) -> setting property rightMargin
2026-07-14 11:14:14,169 [DEBUG] (properties.py:415) -> setting property bottomMargin
2026-07-14 11:14:14,169 [DEBUG] (properties.py:415) -> setting property pyuicMargins
2026-07-14 11:14:14,169 [DEBUG] (properties.py:415) -> setting property pyuicSpacing
2026-07-14 11:14:14,169 [DEBUG] (uiparser.py:106) -> push QHBoxLayout horizontalLayout
2026-07-14 11:14:14,169 [DEBUG] (properties.py:415) -> setting property spacing
2026-07-14 11:14:14,169 [DEBUG] (properties.py:415) -> setting property pyuicSpacing
2026-07-14 11:14:14,169 [DEBUG] (uiparser.py:106) -> push QHBoxLayout horizontalLayout_2
2026-07-14 11:14:14,169 [DEBUG] (properties.py:415) -> setting property spacing
2026-07-14 11:14:14,169 [DEBUG] (properties.py:415) -> setting property topMargin
2026-07-14 11:14:14,169 [DEBUG] (properties.py:415) -> setting property bottomMargin
2026-07-14 11:14:14,169 [DEBUG] (properties.py:415) -> setting property pyuicMargins
2026-07-14 11:14:14,169 [DEBUG] (properties.py:415) -> setting property pyuicSpacing
2026-07-14 11:14:14,169 [DEBUG] (uiparser.py:106) -> push QVBoxLayout infoLayout
2026-07-14 11:14:14,169 [DEBUG] (properties.py:415) -> setting property styleSheet
2026-07-14 11:14:14,169 [DEBUG] (properties.py:415) -> setting property text
2026-07-14 11:14:14,169 [DEBUG] (uiparser.py:106) -> push QLabel nameLabel
2026-07-14 11:14:14,169 [DEBUG] (uiparser.py:120) -> pop widget QLabel nameLabel
2026-07-14 11:14:14,169 [DEBUG] (uiparser.py:128) -> new topwidget <client.windows.system.departments.department_card.DepartmentCard object at 0x0000025D6438D950>
2026-07-14 11:14:14,169 [DEBUG] (properties.py:415) -> setting property styleSheet
2026-07-14 11:14:14,169 [DEBUG] (properties.py:415) -> setting property text
2026-07-14 11:14:14,169 [DEBUG] (uiparser.py:106) -> push QLabel typeLabel
2026-07-14 11:14:14,169 [DEBUG] (uiparser.py:120) -> pop widget QLabel typeLabel
2026-07-14 11:14:14,169 [DEBUG] (uiparser.py:128) -> new topwidget <client.windows.system.departments.department_card.DepartmentCard object at 0x0000025D6438D950>
2026-07-14 11:14:14,169 [DEBUG] (properties.py:415) -> setting property styleSheet
2026-07-14 11:14:14,169 [DEBUG] (properties.py:415) -> setting property text
2026-07-14 11:14:14,169 [DEBUG] (uiparser.py:106) -> push QLabel leaderLabel
2026-07-14 11:14:14,169 [DEBUG] (uiparser.py:120) -> pop widget QLabel leaderLabel
2026-07-14 11:14:14,169 [DEBUG] (uiparser.py:128) -> new topwidget <client.windows.system.departments.department_card.DepartmentCard object at 0x0000025D6438D950>
2026-07-14 11:14:14,169 [DEBUG] (properties.py:415) -> setting property maximumSize
2026-07-14 11:14:14,169 [DEBUG] (properties.py:415) -> setting property styleSheet
2026-07-14 11:14:14,169 [DEBUG] (properties.py:415) -> setting property text
2026-07-14 11:14:14,169 [DEBUG] (properties.py:415) -> setting property wordWrap
2026-07-14 11:14:14,169 [DEBUG] (uiparser.py:106) -> push QLabel descriptionLabel
2026-07-14 11:14:14,169 [DEBUG] (uiparser.py:120) -> pop widget QLabel descriptionLabel
2026-07-14 11:14:14,169 [DEBUG] (uiparser.py:128) -> new topwidget <client.windows.system.departments.department_card.DepartmentCard object at 0x0000025D6438D950>
2026-07-14 11:14:14,169 [DEBUG] (properties.py:415) -> setting property styleSheet
2026-07-14 11:14:14,169 [DEBUG] (properties.py:415) -> setting property text
2026-07-14 11:14:14,169 [DEBUG] (uiparser.py:106) -> push QLabel phoneLabel
2026-07-14 11:14:14,169 [DEBUG] (uiparser.py:120) -> pop widget QLabel phoneLabel
2026-07-14 11:14:14,169 [DEBUG] (uiparser.py:128) -> new topwidget <client.windows.system.departments.department_card.DepartmentCard object at 0x0000025D6438D950>
2026-07-14 11:14:14,169 [DEBUG] (properties.py:415) -> setting property styleSheet
2026-07-14 11:14:14,169 [DEBUG] (properties.py:415) -> setting property text
2026-07-14 11:14:14,169 [DEBUG] (uiparser.py:106) -> push QLabel numberLabel
2026-07-14 11:14:14,169 [DEBUG] (uiparser.py:120) -> pop widget QLabel numberLabel
2026-07-14 11:14:14,169 [DEBUG] (uiparser.py:128) -> new topwidget <client.windows.system.departments.department_card.DepartmentCard object at 0x0000025D6438D950>
2026-07-14 11:14:14,169 [DEBUG] (uiparser.py:114) -> pop layout QVBoxLayout infoLayout
2026-07-14 11:14:14,169 [DEBUG] (properties.py:415) -> setting property minimumSize
2026-07-14 11:14:14,169 [DEBUG] (properties.py:415) -> setting property maximumSize
2026-07-14 11:14:14,169 [DEBUG] (properties.py:415) -> setting property cursor
2026-07-14 11:14:14,169 [DEBUG] (properties.py:415) -> setting property styleSheet
2026-07-14 11:14:14,170 [DEBUG] (properties.py:415) -> setting property text
2026-07-14 11:14:14,170 [DEBUG] (uiparser.py:106) -> push QPushButton editBtn
2026-07-14 11:14:14,170 [DEBUG] (uiparser.py:120) -> pop widget QPushButton editBtn
2026-07-14 11:14:14,170 [DEBUG] (uiparser.py:128) -> new topwidget <client.windows.system.departments.department_card.DepartmentCard object at 0x0000025D6438D950>
2026-07-14 11:14:14,170 [DEBUG] (properties.py:415) -> setting property minimumSize
2026-07-14 11:14:14,170 [DEBUG] (properties.py:415) -> setting property maximumSize
2026-07-14 11:14:14,170 [DEBUG] (properties.py:415) -> setting property cursor
2026-07-14 11:14:14,170 [DEBUG] (properties.py:415) -> setting property styleSheet
2026-07-14 11:14:14,170 [DEBUG] (properties.py:415) -> setting property text
2026-07-14 11:14:14,170 [DEBUG] (uiparser.py:106) -> push QPushButton deleteBtn
2026-07-14 11:14:14,170 [DEBUG] (uiparser.py:120) -> pop widget QPushButton deleteBtn
2026-07-14 11:14:14,170 [DEBUG] (uiparser.py:128) -> new topwidget <client.windows.system.departments.department_card.DepartmentCard object at 0x0000025D6438D950>
2026-07-14 11:14:14,170 [DEBUG] (uiparser.py:114) -> pop layout QHBoxLayout horizontalLayout_2
2026-07-14 11:14:14,170 [DEBUG] (uiparser.py:114) -> pop layout QHBoxLayout horizontalLayout
2026-07-14 11:14:14,170 [DEBUG] (uiparser.py:120) -> pop widget DepartmentCard UniversalDepartmentCard
2026-07-14 11:14:14,170 [DEBUG] (uiparser.py:128) -> new topwidget None
2026-07-14 11:14:14,171 [DEBUG] (uiparser.py:838) -> toplevel widget is DepartmentCard
2026-07-14 11:14:14,171 [DEBUG] (properties.py:415) -> setting property geometry
2026-07-14 11:14:14,171 [DEBUG] (properties.py:415) -> setting property minimumSize
2026-07-14 11:14:14,171 [DEBUG] (properties.py:415) -> setting property maximumSize
2026-07-14 11:14:14,171 [DEBUG] (properties.py:415) -> setting property styleSheet
2026-07-14 11:14:14,171 [DEBUG] (uiparser.py:106) -> push DepartmentCard UniversalDepartmentCard
2026-07-14 11:14:14,171 [DEBUG] (properties.py:415) -> setting property spacing
2026-07-14 11:14:14,171 [DEBUG] (properties.py:415) -> setting property leftMargin
2026-07-14 11:14:14,171 [DEBUG] (properties.py:415) -> setting property topMargin
2026-07-14 11:14:14,171 [DEBUG] (properties.py:415) -> setting property rightMargin
2026-07-14 11:14:14,171 [DEBUG] (properties.py:415) -> setting property bottomMargin
2026-07-14 11:14:14,171 [DEBUG] (properties.py:415) -> setting property pyuicMargins
2026-07-14 11:14:14,171 [DEBUG] (properties.py:415) -> setting property pyuicSpacing
2026-07-14 11:14:14,171 [DEBUG] (uiparser.py:106) -> push QHBoxLayout horizontalLayout
2026-07-14 11:14:14,172 [DEBUG] (properties.py:415) -> setting property spacing
2026-07-14 11:14:14,172 [DEBUG] (properties.py:415) -> setting property pyuicSpacing
2026-07-14 11:14:14,172 [DEBUG] (uiparser.py:106) -> push QHBoxLayout horizontalLayout_2
2026-07-14 11:14:14,172 [DEBUG] (properties.py:415) -> setting property spacing
2026-07-14 11:14:14,172 [DEBUG] (properties.py:415) -> setting property topMargin
2026-07-14 11:14:14,172 [DEBUG] (properties.py:415) -> setting property bottomMargin
2026-07-14 11:14:14,172 [DEBUG] (properties.py:415) -> setting property pyuicMargins
2026-07-14 11:14:14,172 [DEBUG] (properties.py:415) -> setting property pyuicSpacing
2026-07-14 11:14:14,172 [DEBUG] (uiparser.py:106) -> push QVBoxLayout infoLayout
2026-07-14 11:14:14,172 [DEBUG] (properties.py:415) -> setting property styleSheet
2026-07-14 11:14:14,172 [DEBUG] (properties.py:415) -> setting property text
2026-07-14 11:14:14,172 [DEBUG] (uiparser.py:106) -> push QLabel nameLabel
2026-07-14 11:14:14,172 [DEBUG] (uiparser.py:120) -> pop widget QLabel nameLabel
2026-07-14 11:14:14,172 [DEBUG] (uiparser.py:128) -> new topwidget <client.windows.system.departments.department_card.DepartmentCard object at 0x0000025D6438E210>
2026-07-14 11:14:14,172 [DEBUG] (properties.py:415) -> setting property styleSheet
2026-07-14 11:14:14,172 [DEBUG] (properties.py:415) -> setting property text
2026-07-14 11:14:14,172 [DEBUG] (uiparser.py:106) -> push QLabel typeLabel
2026-07-14 11:14:14,172 [DEBUG] (uiparser.py:120) -> pop widget QLabel typeLabel
2026-07-14 11:14:14,172 [DEBUG] (uiparser.py:128) -> new topwidget <client.windows.system.departments.department_card.DepartmentCard object at 0x0000025D6438E210>
2026-07-14 11:14:14,172 [DEBUG] (properties.py:415) -> setting property styleSheet
2026-07-14 11:14:14,172 [DEBUG] (properties.py:415) -> setting property text
2026-07-14 11:14:14,172 [DEBUG] (uiparser.py:106) -> push QLabel leaderLabel
2026-07-14 11:14:14,172 [DEBUG] (uiparser.py:120) -> pop widget QLabel leaderLabel
2026-07-14 11:14:14,172 [DEBUG] (uiparser.py:128) -> new topwidget <client.windows.system.departments.department_card.DepartmentCard object at 0x0000025D6438E210>
2026-07-14 11:14:14,172 [DEBUG] (properties.py:415) -> setting property maximumSize
2026-07-14 11:14:14,172 [DEBUG] (properties.py:415) -> setting property styleSheet
2026-07-14 11:14:14,172 [DEBUG] (properties.py:415) -> setting property text
2026-07-14 11:14:14,172 [DEBUG] (properties.py:415) -> setting property wordWrap
2026-07-14 11:14:14,172 [DEBUG] (uiparser.py:106) -> push QLabel descriptionLabel
2026-07-14 11:14:14,172 [DEBUG] (uiparser.py:120) -> pop widget QLabel descriptionLabel
2026-07-14 11:14:14,172 [DEBUG] (uiparser.py:128) -> new topwidget <client.windows.system.departments.department_card.DepartmentCard object at 0x0000025D6438E210>
2026-07-14 11:14:14,172 [DEBUG] (properties.py:415) -> setting property styleSheet
2026-07-14 11:14:14,172 [DEBUG] (properties.py:415) -> setting property text
2026-07-14 11:14:14,172 [DEBUG] (uiparser.py:106) -> push QLabel phoneLabel
2026-07-14 11:14:14,172 [DEBUG] (uiparser.py:120) -> pop widget QLabel phoneLabel
2026-07-14 11:14:14,172 [DEBUG] (uiparser.py:128) -> new topwidget <client.windows.system.departments.department_card.DepartmentCard object at 0x0000025D6438E210>
2026-07-14 11:14:14,172 [DEBUG] (properties.py:415) -> setting property styleSheet
2026-07-14 11:14:14,172 [DEBUG] (properties.py:415) -> setting property text
2026-07-14 11:14:14,172 [DEBUG] (uiparser.py:106) -> push QLabel numberLabel
2026-07-14 11:14:14,172 [DEBUG] (uiparser.py:120) -> pop widget QLabel numberLabel
2026-07-14 11:14:14,172 [DEBUG] (uiparser.py:128) -> new topwidget <client.windows.system.departments.department_card.DepartmentCard object at 0x0000025D6438E210>
2026-07-14 11:14:14,172 [DEBUG] (uiparser.py:114) -> pop layout QVBoxLayout infoLayout
2026-07-14 11:14:14,172 [DEBUG] (properties.py:415) -> setting property minimumSize
2026-07-14 11:14:14,172 [DEBUG] (properties.py:415) -> setting property maximumSize
2026-07-14 11:14:14,172 [DEBUG] (properties.py:415) -> setting property cursor
2026-07-14 11:14:14,172 [DEBUG] (properties.py:415) -> setting property styleSheet
2026-07-14 11:14:14,172 [DEBUG] (properties.py:415) -> setting property text
2026-07-14 11:14:14,172 [DEBUG] (uiparser.py:106) -> push QPushButton editBtn
2026-07-14 11:14:14,172 [DEBUG] (uiparser.py:120) -> pop widget QPushButton editBtn
2026-07-14 11:14:14,173 [DEBUG] (uiparser.py:128) -> new topwidget <client.windows.system.departments.department_card.DepartmentCard object at 0x0000025D6438E210>
2026-07-14 11:14:14,173 [DEBUG] (properties.py:415) -> setting property minimumSize
2026-07-14 11:14:14,173 [DEBUG] (properties.py:415) -> setting property maximumSize
2026-07-14 11:14:14,173 [DEBUG] (properties.py:415) -> setting property cursor
2026-07-14 11:14:14,173 [DEBUG] (properties.py:415) -> setting property styleSheet
2026-07-14 11:14:14,173 [DEBUG] (properties.py:415) -> setting property text
2026-07-14 11:14:14,173 [DEBUG] (uiparser.py:106) -> push QPushButton deleteBtn
2026-07-14 11:14:14,173 [DEBUG] (uiparser.py:120) -> pop widget QPushButton deleteBtn
2026-07-14 11:14:14,173 [DEBUG] (uiparser.py:128) -> new topwidget <client.windows.system.departments.department_card.DepartmentCard object at 0x0000025D6438E210>
2026-07-14 11:14:14,173 [DEBUG] (uiparser.py:114) -> pop layout QHBoxLayout horizontalLayout_2
2026-07-14 11:14:14,173 [DEBUG] (uiparser.py:114) -> pop layout QHBoxLayout horizontalLayout
2026-07-14 11:14:14,173 [DEBUG] (uiparser.py:120) -> pop widget DepartmentCard UniversalDepartmentCard
2026-07-14 11:14:14,173 [DEBUG] (uiparser.py:128) -> new topwidget None
2026-07-14 11:14:14,174 [DEBUG] (uiparser.py:838) -> toplevel widget is DepartmentCard
2026-07-14 11:14:14,174 [DEBUG] (properties.py:415) -> setting property geometry
2026-07-14 11:14:14,174 [DEBUG] (properties.py:415) -> setting property minimumSize
2026-07-14 11:14:14,174 [DEBUG] (properties.py:415) -> setting property maximumSize
2026-07-14 11:14:14,174 [DEBUG] (properties.py:415) -> setting property styleSheet
2026-07-14 11:14:14,174 [DEBUG] (uiparser.py:106) -> push DepartmentCard UniversalDepartmentCard
2026-07-14 11:14:14,174 [DEBUG] (properties.py:415) -> setting property spacing
2026-07-14 11:14:14,174 [DEBUG] (properties.py:415) -> setting property leftMargin
2026-07-14 11:14:14,175 [DEBUG] (properties.py:415) -> setting property topMargin
2026-07-14 11:14:14,175 [DEBUG] (properties.py:415) -> setting property rightMargin
2026-07-14 11:14:14,175 [DEBUG] (properties.py:415) -> setting property bottomMargin
2026-07-14 11:14:14,175 [DEBUG] (properties.py:415) -> setting property pyuicMargins
2026-07-14 11:14:14,175 [DEBUG] (properties.py:415) -> setting property pyuicSpacing
2026-07-14 11:14:14,175 [DEBUG] (uiparser.py:106) -> push QHBoxLayout horizontalLayout
2026-07-14 11:14:14,175 [DEBUG] (properties.py:415) -> setting property spacing
2026-07-14 11:14:14,175 [DEBUG] (properties.py:415) -> setting property pyuicSpacing
2026-07-14 11:14:14,175 [DEBUG] (uiparser.py:106) -> push QHBoxLayout horizontalLayout_2
2026-07-14 11:14:14,175 [DEBUG] (properties.py:415) -> setting property spacing
2026-07-14 11:14:14,175 [DEBUG] (properties.py:415) -> setting property topMargin
2026-07-14 11:14:14,175 [DEBUG] (properties.py:415) -> setting property bottomMargin
2026-07-14 11:14:14,175 [DEBUG] (properties.py:415) -> setting property pyuicMargins
2026-07-14 11:14:14,175 [DEBUG] (properties.py:415) -> setting property pyuicSpacing
2026-07-14 11:14:14,175 [DEBUG] (uiparser.py:106) -> push QVBoxLayout infoLayout
2026-07-14 11:14:14,175 [DEBUG] (properties.py:415) -> setting property styleSheet
2026-07-14 11:14:14,175 [DEBUG] (properties.py:415) -> setting property text
2026-07-14 11:14:14,175 [DEBUG] (uiparser.py:106) -> push QLabel nameLabel
2026-07-14 11:14:14,175 [DEBUG] (uiparser.py:120) -> pop widget QLabel nameLabel
2026-07-14 11:14:14,175 [DEBUG] (uiparser.py:128) -> new topwidget <client.windows.system.departments.department_card.DepartmentCard object at 0x0000025D6438EA30>
2026-07-14 11:14:14,175 [DEBUG] (properties.py:415) -> setting property styleSheet
2026-07-14 11:14:14,175 [DEBUG] (properties.py:415) -> setting property text
2026-07-14 11:14:14,175 [DEBUG] (uiparser.py:106) -> push QLabel typeLabel
2026-07-14 11:14:14,175 [DEBUG] (uiparser.py:120) -> pop widget QLabel typeLabel
2026-07-14 11:14:14,175 [DEBUG] (uiparser.py:128) -> new topwidget <client.windows.system.departments.department_card.DepartmentCard object at 0x0000025D6438EA30>
2026-07-14 11:14:14,175 [DEBUG] (properties.py:415) -> setting property styleSheet
2026-07-14 11:14:14,175 [DEBUG] (properties.py:415) -> setting property text
2026-07-14 11:14:14,175 [DEBUG] (uiparser.py:106) -> push QLabel leaderLabel
2026-07-14 11:14:14,175 [DEBUG] (uiparser.py:120) -> pop widget QLabel leaderLabel
2026-07-14 11:14:14,175 [DEBUG] (uiparser.py:128) -> new topwidget <client.windows.system.departments.department_card.DepartmentCard object at 0x0000025D6438EA30>
2026-07-14 11:14:14,175 [DEBUG] (properties.py:415) -> setting property maximumSize
2026-07-14 11:14:14,175 [DEBUG] (properties.py:415) -> setting property styleSheet
2026-07-14 11:14:14,175 [DEBUG] (properties.py:415) -> setting property text
2026-07-14 11:14:14,175 [DEBUG] (properties.py:415) -> setting property wordWrap
2026-07-14 11:14:14,175 [DEBUG] (uiparser.py:106) -> push QLabel descriptionLabel
2026-07-14 11:14:14,175 [DEBUG] (uiparser.py:120) -> pop widget QLabel descriptionLabel
2026-07-14 11:14:14,175 [DEBUG] (uiparser.py:128) -> new topwidget <client.windows.system.departments.department_card.DepartmentCard object at 0x0000025D6438EA30>
2026-07-14 11:14:14,175 [DEBUG] (properties.py:415) -> setting property styleSheet
2026-07-14 11:14:14,175 [DEBUG] (properties.py:415) -> setting property text
2026-07-14 11:14:14,175 [DEBUG] (uiparser.py:106) -> push QLabel phoneLabel
2026-07-14 11:14:14,175 [DEBUG] (uiparser.py:120) -> pop widget QLabel phoneLabel
2026-07-14 11:14:14,175 [DEBUG] (uiparser.py:128) -> new topwidget <client.windows.system.departments.department_card.DepartmentCard object at 0x0000025D6438EA30>
2026-07-14 11:14:14,175 [DEBUG] (properties.py:415) -> setting property styleSheet
2026-07-14 11:14:14,175 [DEBUG] (properties.py:415) -> setting property text
2026-07-14 11:14:14,175 [DEBUG] (uiparser.py:106) -> push QLabel numberLabel
2026-07-14 11:14:14,175 [DEBUG] (uiparser.py:120) -> pop widget QLabel numberLabel
2026-07-14 11:14:14,175 [DEBUG] (uiparser.py:128) -> new topwidget <client.windows.system.departments.department_card.DepartmentCard object at 0x0000025D6438EA30>
2026-07-14 11:14:14,175 [DEBUG] (uiparser.py:114) -> pop layout QVBoxLayout infoLayout
2026-07-14 11:14:14,175 [DEBUG] (properties.py:415) -> setting property minimumSize
2026-07-14 11:14:14,176 [DEBUG] (properties.py:415) -> setting property maximumSize
2026-07-14 11:14:14,176 [DEBUG] (properties.py:415) -> setting property cursor
2026-07-14 11:14:14,177 [DEBUG] (properties.py:415) -> setting property styleSheet
2026-07-14 11:14:14,177 [DEBUG] (properties.py:415) -> setting property text
2026-07-14 11:14:14,177 [DEBUG] (uiparser.py:106) -> push QPushButton editBtn
2026-07-14 11:14:14,177 [DEBUG] (uiparser.py:120) -> pop widget QPushButton editBtn
2026-07-14 11:14:14,177 [DEBUG] (uiparser.py:128) -> new topwidget <client.windows.system.departments.department_card.DepartmentCard object at 0x0000025D6438EA30>
2026-07-14 11:14:14,177 [DEBUG] (properties.py:415) -> setting property minimumSize
2026-07-14 11:14:14,177 [DEBUG] (properties.py:415) -> setting property maximumSize
2026-07-14 11:14:14,177 [DEBUG] (properties.py:415) -> setting property cursor
2026-07-14 11:14:14,177 [DEBUG] (properties.py:415) -> setting property styleSheet
2026-07-14 11:14:14,177 [DEBUG] (properties.py:415) -> setting property text
2026-07-14 11:14:14,177 [DEBUG] (uiparser.py:106) -> push QPushButton deleteBtn
2026-07-14 11:14:14,177 [DEBUG] (uiparser.py:120) -> pop widget QPushButton deleteBtn
2026-07-14 11:14:14,177 [DEBUG] (uiparser.py:128) -> new topwidget <client.windows.system.departments.department_card.DepartmentCard object at 0x0000025D6438EA30>
2026-07-14 11:14:14,177 [DEBUG] (uiparser.py:114) -> pop layout QHBoxLayout horizontalLayout_2
2026-07-14 11:14:14,177 [DEBUG] (uiparser.py:114) -> pop layout QHBoxLayout horizontalLayout
2026-07-14 11:14:14,177 [DEBUG] (uiparser.py:120) -> pop widget DepartmentCard UniversalDepartmentCard
2026-07-14 11:14:14,177 [DEBUG] (uiparser.py:128) -> new topwidget None
2026-07-14 11:14:14,178 [DEBUG] (uiparser.py:838) -> toplevel widget is DepartmentCard
2026-07-14 11:14:14,178 [DEBUG] (properties.py:415) -> setting property geometry
2026-07-14 11:14:14,178 [DEBUG] (properties.py:415) -> setting property minimumSize
2026-07-14 11:14:14,178 [DEBUG] (properties.py:415) -> setting property maximumSize
2026-07-14 11:14:14,178 [DEBUG] (properties.py:415) -> setting property styleSheet
2026-07-14 11:14:14,179 [DEBUG] (uiparser.py:106) -> push DepartmentCard UniversalDepartmentCard
2026-07-14 11:14:14,179 [DEBUG] (properties.py:415) -> setting property spacing
2026-07-14 11:14:14,179 [DEBUG] (properties.py:415) -> setting property leftMargin
2026-07-14 11:14:14,179 [DEBUG] (properties.py:415) -> setting property topMargin
2026-07-14 11:14:14,179 [DEBUG] (properties.py:415) -> setting property rightMargin
2026-07-14 11:14:14,179 [DEBUG] (properties.py:415) -> setting property bottomMargin
2026-07-14 11:14:14,179 [DEBUG] (properties.py:415) -> setting property pyuicMargins
2026-07-14 11:14:14,179 [DEBUG] (properties.py:415) -> setting property pyuicSpacing
2026-07-14 11:14:14,179 [DEBUG] (uiparser.py:106) -> push QHBoxLayout horizontalLayout
2026-07-14 11:14:14,179 [DEBUG] (properties.py:415) -> setting property spacing
2026-07-14 11:14:14,179 [DEBUG] (properties.py:415) -> setting property pyuicSpacing
2026-07-14 11:14:14,179 [DEBUG] (uiparser.py:106) -> push QHBoxLayout horizontalLayout_2
2026-07-14 11:14:14,179 [DEBUG] (properties.py:415) -> setting property spacing
2026-07-14 11:14:14,179 [DEBUG] (properties.py:415) -> setting property topMargin
2026-07-14 11:14:14,179 [DEBUG] (properties.py:415) -> setting property bottomMargin
2026-07-14 11:14:14,179 [DEBUG] (properties.py:415) -> setting property pyuicMargins
2026-07-14 11:14:14,179 [DEBUG] (properties.py:415) -> setting property pyuicSpacing
2026-07-14 11:14:14,179 [DEBUG] (uiparser.py:106) -> push QVBoxLayout infoLayout
2026-07-14 11:14:14,179 [DEBUG] (properties.py:415) -> setting property styleSheet
2026-07-14 11:14:14,179 [DEBUG] (properties.py:415) -> setting property text
2026-07-14 11:14:14,179 [DEBUG] (uiparser.py:106) -> push QLabel nameLabel
2026-07-14 11:14:14,179 [DEBUG] (uiparser.py:120) -> pop widget QLabel nameLabel
2026-07-14 11:14:14,179 [DEBUG] (uiparser.py:128) -> new topwidget <client.windows.system.departments.department_card.DepartmentCard object at 0x0000025D6438F250>
2026-07-14 11:14:14,179 [DEBUG] (properties.py:415) -> setting property styleSheet
2026-07-14 11:14:14,179 [DEBUG] (properties.py:415) -> setting property text
2026-07-14 11:14:14,179 [DEBUG] (uiparser.py:106) -> push QLabel typeLabel
2026-07-14 11:14:14,179 [DEBUG] (uiparser.py:120) -> pop widget QLabel typeLabel
2026-07-14 11:14:14,179 [DEBUG] (uiparser.py:128) -> new topwidget <client.windows.system.departments.department_card.DepartmentCard object at 0x0000025D6438F250>
2026-07-14 11:14:14,179 [DEBUG] (properties.py:415) -> setting property styleSheet
2026-07-14 11:14:14,179 [DEBUG] (properties.py:415) -> setting property text
2026-07-14 11:14:14,179 [DEBUG] (uiparser.py:106) -> push QLabel leaderLabel
2026-07-14 11:14:14,179 [DEBUG] (uiparser.py:120) -> pop widget QLabel leaderLabel
2026-07-14 11:14:14,179 [DEBUG] (uiparser.py:128) -> new topwidget <client.windows.system.departments.department_card.DepartmentCard object at 0x0000025D6438F250>
2026-07-14 11:14:14,179 [DEBUG] (properties.py:415) -> setting property maximumSize
2026-07-14 11:14:14,179 [DEBUG] (properties.py:415) -> setting property styleSheet
2026-07-14 11:14:14,179 [DEBUG] (properties.py:415) -> setting property text
2026-07-14 11:14:14,179 [DEBUG] (properties.py:415) -> setting property wordWrap
2026-07-14 11:14:14,179 [DEBUG] (uiparser.py:106) -> push QLabel descriptionLabel
2026-07-14 11:14:14,179 [DEBUG] (uiparser.py:120) -> pop widget QLabel descriptionLabel
2026-07-14 11:14:14,179 [DEBUG] (uiparser.py:128) -> new topwidget <client.windows.system.departments.department_card.DepartmentCard object at 0x0000025D6438F250>
2026-07-14 11:14:14,179 [DEBUG] (properties.py:415) -> setting property styleSheet
2026-07-14 11:14:14,179 [DEBUG] (properties.py:415) -> setting property text
2026-07-14 11:14:14,179 [DEBUG] (uiparser.py:106) -> push QLabel phoneLabel
2026-07-14 11:14:14,179 [DEBUG] (uiparser.py:120) -> pop widget QLabel phoneLabel
2026-07-14 11:14:14,179 [DEBUG] (uiparser.py:128) -> new topwidget <client.windows.system.departments.department_card.DepartmentCard object at 0x0000025D6438F250>
2026-07-14 11:14:14,179 [DEBUG] (properties.py:415) -> setting property styleSheet
2026-07-14 11:14:14,179 [DEBUG] (properties.py:415) -> setting property text
2026-07-14 11:14:14,179 [DEBUG] (uiparser.py:106) -> push QLabel numberLabel
2026-07-14 11:14:14,181 [DEBUG] (uiparser.py:120) -> pop widget QLabel numberLabel
2026-07-14 11:14:14,181 [DEBUG] (uiparser.py:128) -> new topwidget <client.windows.system.departments.department_card.DepartmentCard object at 0x0000025D6438F250>
2026-07-14 11:14:14,181 [DEBUG] (uiparser.py:114) -> pop layout QVBoxLayout infoLayout
2026-07-14 11:14:14,181 [DEBUG] (properties.py:415) -> setting property minimumSize
2026-07-14 11:14:14,181 [DEBUG] (properties.py:415) -> setting property maximumSize
2026-07-14 11:14:14,181 [DEBUG] (properties.py:415) -> setting property cursor
2026-07-14 11:14:14,181 [DEBUG] (properties.py:415) -> setting property styleSheet
2026-07-14 11:14:14,181 [DEBUG] (properties.py:415) -> setting property text
2026-07-14 11:14:14,181 [DEBUG] (uiparser.py:106) -> push QPushButton editBtn
2026-07-14 11:14:14,181 [DEBUG] (uiparser.py:120) -> pop widget QPushButton editBtn
2026-07-14 11:14:14,181 [DEBUG] (uiparser.py:128) -> new topwidget <client.windows.system.departments.department_card.DepartmentCard object at 0x0000025D6438F250>
2026-07-14 11:14:14,181 [DEBUG] (properties.py:415) -> setting property minimumSize
2026-07-14 11:14:14,181 [DEBUG] (properties.py:415) -> setting property maximumSize
2026-07-14 11:14:14,181 [DEBUG] (properties.py:415) -> setting property cursor
2026-07-14 11:14:14,181 [DEBUG] (properties.py:415) -> setting property styleSheet
2026-07-14 11:14:14,181 [DEBUG] (properties.py:415) -> setting property text
2026-07-14 11:14:14,181 [DEBUG] (uiparser.py:106) -> push QPushButton deleteBtn
2026-07-14 11:14:14,181 [DEBUG] (uiparser.py:120) -> pop widget QPushButton deleteBtn
2026-07-14 11:14:14,181 [DEBUG] (uiparser.py:128) -> new topwidget <client.windows.system.departments.department_card.DepartmentCard object at 0x0000025D6438F250>
2026-07-14 11:14:14,181 [DEBUG] (uiparser.py:114) -> pop layout QHBoxLayout horizontalLayout_2
2026-07-14 11:14:14,181 [DEBUG] (uiparser.py:114) -> pop layout QHBoxLayout horizontalLayout
2026-07-14 11:14:14,181 [DEBUG] (uiparser.py:120) -> pop widget DepartmentCard UniversalDepartmentCard
2026-07-14 11:14:14,181 [DEBUG] (uiparser.py:128) -> new topwidget None
2026-07-14 11:14:14,182 [DEBUG] (uiparser.py:838) -> toplevel widget is DepartmentCard
2026-07-14 11:14:14,182 [DEBUG] (properties.py:415) -> setting property geometry
2026-07-14 11:14:14,182 [DEBUG] (properties.py:415) -> setting property minimumSize
2026-07-14 11:14:14,182 [DEBUG] (properties.py:415) -> setting property maximumSize
2026-07-14 11:14:14,183 [DEBUG] (properties.py:415) -> setting property styleSheet
2026-07-14 11:14:14,183 [DEBUG] (uiparser.py:106) -> push DepartmentCard UniversalDepartmentCard
2026-07-14 11:14:14,183 [DEBUG] (properties.py:415) -> setting property spacing
2026-07-14 11:14:14,183 [DEBUG] (properties.py:415) -> setting property leftMargin
2026-07-14 11:14:14,183 [DEBUG] (properties.py:415) -> setting property topMargin
2026-07-14 11:14:14,183 [DEBUG] (properties.py:415) -> setting property rightMargin
2026-07-14 11:14:14,183 [DEBUG] (properties.py:415) -> setting property bottomMargin
2026-07-14 11:14:14,183 [DEBUG] (properties.py:415) -> setting property pyuicMargins
2026-07-14 11:14:14,183 [DEBUG] (properties.py:415) -> setting property pyuicSpacing
2026-07-14 11:14:14,183 [DEBUG] (uiparser.py:106) -> push QHBoxLayout horizontalLayout
2026-07-14 11:14:14,183 [DEBUG] (properties.py:415) -> setting property spacing
2026-07-14 11:14:14,183 [DEBUG] (properties.py:415) -> setting property pyuicSpacing
2026-07-14 11:14:14,183 [DEBUG] (uiparser.py:106) -> push QHBoxLayout horizontalLayout_2
2026-07-14 11:14:14,183 [DEBUG] (properties.py:415) -> setting property spacing
2026-07-14 11:14:14,183 [DEBUG] (properties.py:415) -> setting property topMargin
2026-07-14 11:14:14,183 [DEBUG] (properties.py:415) -> setting property bottomMargin
2026-07-14 11:14:14,183 [DEBUG] (properties.py:415) -> setting property pyuicMargins
2026-07-14 11:14:14,183 [DEBUG] (properties.py:415) -> setting property pyuicSpacing
2026-07-14 11:14:14,183 [DEBUG] (uiparser.py:106) -> push QVBoxLayout infoLayout
2026-07-14 11:14:14,183 [DEBUG] (properties.py:415) -> setting property styleSheet
2026-07-14 11:14:14,183 [DEBUG] (properties.py:415) -> setting property text
2026-07-14 11:14:14,183 [DEBUG] (uiparser.py:106) -> push QLabel nameLabel
2026-07-14 11:14:14,183 [DEBUG] (uiparser.py:120) -> pop widget QLabel nameLabel
2026-07-14 11:14:14,183 [DEBUG] (uiparser.py:128) -> new topwidget <client.windows.system.departments.department_card.DepartmentCard object at 0x0000025D6438FB10>
2026-07-14 11:14:14,183 [DEBUG] (properties.py:415) -> setting property styleSheet
2026-07-14 11:14:14,183 [DEBUG] (properties.py:415) -> setting property text
2026-07-14 11:14:14,183 [DEBUG] (uiparser.py:106) -> push QLabel typeLabel
2026-07-14 11:14:14,183 [DEBUG] (uiparser.py:120) -> pop widget QLabel typeLabel
2026-07-14 11:14:14,183 [DEBUG] (uiparser.py:128) -> new topwidget <client.windows.system.departments.department_card.DepartmentCard object at 0x0000025D6438FB10>
2026-07-14 11:14:14,183 [DEBUG] (properties.py:415) -> setting property styleSheet
2026-07-14 11:14:14,183 [DEBUG] (properties.py:415) -> setting property text
2026-07-14 11:14:14,183 [DEBUG] (uiparser.py:106) -> push QLabel leaderLabel
2026-07-14 11:14:14,183 [DEBUG] (uiparser.py:120) -> pop widget QLabel leaderLabel
2026-07-14 11:14:14,183 [DEBUG] (uiparser.py:128) -> new topwidget <client.windows.system.departments.department_card.DepartmentCard object at 0x0000025D6438FB10>
2026-07-14 11:14:14,183 [DEBUG] (properties.py:415) -> setting property maximumSize
2026-07-14 11:14:14,183 [DEBUG] (properties.py:415) -> setting property styleSheet
2026-07-14 11:14:14,183 [DEBUG] (properties.py:415) -> setting property text
2026-07-14 11:14:14,183 [DEBUG] (properties.py:415) -> setting property wordWrap
2026-07-14 11:14:14,183 [DEBUG] (uiparser.py:106) -> push QLabel descriptionLabel
2026-07-14 11:14:14,183 [DEBUG] (uiparser.py:120) -> pop widget QLabel descriptionLabel
2026-07-14 11:14:14,183 [DEBUG] (uiparser.py:128) -> new topwidget <client.windows.system.departments.department_card.DepartmentCard object at 0x0000025D6438FB10>
2026-07-14 11:14:14,183 [DEBUG] (properties.py:415) -> setting property styleSheet
2026-07-14 11:14:14,183 [DEBUG] (properties.py:415) -> setting property text
2026-07-14 11:14:14,183 [DEBUG] (uiparser.py:106) -> push QLabel phoneLabel
2026-07-14 11:14:14,183 [DEBUG] (uiparser.py:120) -> pop widget QLabel phoneLabel
2026-07-14 11:14:14,184 [DEBUG] (uiparser.py:128) -> new topwidget <client.windows.system.departments.department_card.DepartmentCard object at 0x0000025D6438FB10>
2026-07-14 11:14:14,184 [DEBUG] (properties.py:415) -> setting property styleSheet
2026-07-14 11:14:14,184 [DEBUG] (properties.py:415) -> setting property text
2026-07-14 11:14:14,184 [DEBUG] (uiparser.py:106) -> push QLabel numberLabel
2026-07-14 11:14:14,184 [DEBUG] (uiparser.py:120) -> pop widget QLabel numberLabel
2026-07-14 11:14:14,184 [DEBUG] (uiparser.py:128) -> new topwidget <client.windows.system.departments.department_card.DepartmentCard object at 0x0000025D6438FB10>
2026-07-14 11:14:14,184 [DEBUG] (uiparser.py:114) -> pop layout QVBoxLayout infoLayout
2026-07-14 11:14:14,184 [DEBUG] (properties.py:415) -> setting property minimumSize
2026-07-14 11:14:14,184 [DEBUG] (properties.py:415) -> setting property maximumSize
2026-07-14 11:14:14,184 [DEBUG] (properties.py:415) -> setting property cursor
2026-07-14 11:14:14,184 [DEBUG] (properties.py:415) -> setting property styleSheet
2026-07-14 11:14:14,184 [DEBUG] (properties.py:415) -> setting property text
2026-07-14 11:14:14,184 [DEBUG] (uiparser.py:106) -> push QPushButton editBtn
2026-07-14 11:14:14,184 [DEBUG] (uiparser.py:120) -> pop widget QPushButton editBtn
2026-07-14 11:14:14,184 [DEBUG] (uiparser.py:128) -> new topwidget <client.windows.system.departments.department_card.DepartmentCard object at 0x0000025D6438FB10>
2026-07-14 11:14:14,184 [DEBUG] (properties.py:415) -> setting property minimumSize
2026-07-14 11:14:14,184 [DEBUG] (properties.py:415) -> setting property maximumSize
2026-07-14 11:14:14,184 [DEBUG] (properties.py:415) -> setting property cursor
2026-07-14 11:14:14,184 [DEBUG] (properties.py:415) -> setting property styleSheet
2026-07-14 11:14:14,184 [DEBUG] (properties.py:415) -> setting property text
2026-07-14 11:14:14,184 [DEBUG] (uiparser.py:106) -> push QPushButton deleteBtn
2026-07-14 11:14:14,184 [DEBUG] (uiparser.py:120) -> pop widget QPushButton deleteBtn
2026-07-14 11:14:14,184 [DEBUG] (uiparser.py:128) -> new topwidget <client.windows.system.departments.department_card.DepartmentCard object at 0x0000025D6438FB10>
2026-07-14 11:14:14,184 [DEBUG] (uiparser.py:114) -> pop layout QHBoxLayout horizontalLayout_2
2026-07-14 11:14:14,184 [DEBUG] (uiparser.py:114) -> pop layout QHBoxLayout horizontalLayout
2026-07-14 11:14:14,184 [DEBUG] (uiparser.py:120) -> pop widget DepartmentCard UniversalDepartmentCard
2026-07-14 11:14:14,184 [DEBUG] (uiparser.py:128) -> new topwidget None
2026-07-14 11:14:14,185 [DEBUG] (uiparser.py:838) -> toplevel widget is DepartmentCard
2026-07-14 11:14:14,185 [DEBUG] (properties.py:415) -> setting property geometry
2026-07-14 11:14:14,185 [DEBUG] (properties.py:415) -> setting property minimumSize
2026-07-14 11:14:14,186 [DEBUG] (properties.py:415) -> setting property maximumSize
2026-07-14 11:14:14,186 [DEBUG] (properties.py:415) -> setting property styleSheet
2026-07-14 11:14:14,186 [DEBUG] (uiparser.py:106) -> push DepartmentCard UniversalDepartmentCard
2026-07-14 11:14:14,186 [DEBUG] (properties.py:415) -> setting property spacing
2026-07-14 11:14:14,186 [DEBUG] (properties.py:415) -> setting property leftMargin
2026-07-14 11:14:14,186 [DEBUG] (properties.py:415) -> setting property topMargin
2026-07-14 11:14:14,186 [DEBUG] (properties.py:415) -> setting property rightMargin
2026-07-14 11:14:14,186 [DEBUG] (properties.py:415) -> setting property bottomMargin
2026-07-14 11:14:14,186 [DEBUG] (properties.py:415) -> setting property pyuicMargins
2026-07-14 11:14:14,186 [DEBUG] (properties.py:415) -> setting property pyuicSpacing
2026-07-14 11:14:14,186 [DEBUG] (uiparser.py:106) -> push QHBoxLayout horizontalLayout
2026-07-14 11:14:14,186 [DEBUG] (properties.py:415) -> setting property spacing
2026-07-14 11:14:14,186 [DEBUG] (properties.py:415) -> setting property pyuicSpacing
2026-07-14 11:14:14,186 [DEBUG] (uiparser.py:106) -> push QHBoxLayout horizontalLayout_2
2026-07-14 11:14:14,186 [DEBUG] (properties.py:415) -> setting property spacing
2026-07-14 11:14:14,186 [DEBUG] (properties.py:415) -> setting property topMargin
2026-07-14 11:14:14,186 [DEBUG] (properties.py:415) -> setting property bottomMargin
2026-07-14 11:14:14,186 [DEBUG] (properties.py:415) -> setting property pyuicMargins
2026-07-14 11:14:14,186 [DEBUG] (properties.py:415) -> setting property pyuicSpacing
2026-07-14 11:14:14,186 [DEBUG] (uiparser.py:106) -> push QVBoxLayout infoLayout
2026-07-14 11:14:14,186 [DEBUG] (properties.py:415) -> setting property styleSheet
2026-07-14 11:14:14,186 [DEBUG] (properties.py:415) -> setting property text
2026-07-14 11:14:14,186 [DEBUG] (uiparser.py:106) -> push QLabel nameLabel
2026-07-14 11:14:14,186 [DEBUG] (uiparser.py:120) -> pop widget QLabel nameLabel
2026-07-14 11:14:14,186 [DEBUG] (uiparser.py:128) -> new topwidget <client.windows.system.departments.department_card.DepartmentCard object at 0x0000025D64390370>
2026-07-14 11:14:14,186 [DEBUG] (properties.py:415) -> setting property styleSheet
2026-07-14 11:14:14,186 [DEBUG] (properties.py:415) -> setting property text
2026-07-14 11:14:14,186 [DEBUG] (uiparser.py:106) -> push QLabel typeLabel
2026-07-14 11:14:14,186 [DEBUG] (uiparser.py:120) -> pop widget QLabel typeLabel
2026-07-14 11:14:14,186 [DEBUG] (uiparser.py:128) -> new topwidget <client.windows.system.departments.department_card.DepartmentCard object at 0x0000025D64390370>
2026-07-14 11:14:14,186 [DEBUG] (properties.py:415) -> setting property styleSheet
2026-07-14 11:14:14,186 [DEBUG] (properties.py:415) -> setting property text
2026-07-14 11:14:14,186 [DEBUG] (uiparser.py:106) -> push QLabel leaderLabel
2026-07-14 11:14:14,186 [DEBUG] (uiparser.py:120) -> pop widget QLabel leaderLabel
2026-07-14 11:14:14,186 [DEBUG] (uiparser.py:128) -> new topwidget <client.windows.system.departments.department_card.DepartmentCard object at 0x0000025D64390370>
2026-07-14 11:14:14,186 [DEBUG] (properties.py:415) -> setting property maximumSize
2026-07-14 11:14:14,186 [DEBUG] (properties.py:415) -> setting property styleSheet
2026-07-14 11:14:14,186 [DEBUG] (properties.py:415) -> setting property text
2026-07-14 11:14:14,186 [DEBUG] (properties.py:415) -> setting property wordWrap
2026-07-14 11:14:14,186 [DEBUG] (uiparser.py:106) -> push QLabel descriptionLabel
2026-07-14 11:14:14,186 [DEBUG] (uiparser.py:120) -> pop widget QLabel descriptionLabel
2026-07-14 11:14:14,186 [DEBUG] (uiparser.py:128) -> new topwidget <client.windows.system.departments.department_card.DepartmentCard object at 0x0000025D64390370>
2026-07-14 11:14:14,186 [DEBUG] (properties.py:415) -> setting property styleSheet
2026-07-14 11:14:14,186 [DEBUG] (properties.py:415) -> setting property text
2026-07-14 11:14:14,186 [DEBUG] (uiparser.py:106) -> push QLabel phoneLabel
2026-07-14 11:14:14,186 [DEBUG] (uiparser.py:120) -> pop widget QLabel phoneLabel
2026-07-14 11:14:14,186 [DEBUG] (uiparser.py:128) -> new topwidget <client.windows.system.departments.department_card.DepartmentCard object at 0x0000025D64390370>
2026-07-14 11:14:14,186 [DEBUG] (properties.py:415) -> setting property styleSheet
2026-07-14 11:14:14,188 [DEBUG] (properties.py:415) -> setting property text
2026-07-14 11:14:14,188 [DEBUG] (uiparser.py:106) -> push QLabel numberLabel
2026-07-14 11:14:14,188 [DEBUG] (uiparser.py:120) -> pop widget QLabel numberLabel
2026-07-14 11:14:14,188 [DEBUG] (uiparser.py:128) -> new topwidget <client.windows.system.departments.department_card.DepartmentCard object at 0x0000025D64390370>
2026-07-14 11:14:14,188 [DEBUG] (uiparser.py:114) -> pop layout QVBoxLayout infoLayout
2026-07-14 11:14:14,188 [DEBUG] (properties.py:415) -> setting property minimumSize
2026-07-14 11:14:14,188 [DEBUG] (properties.py:415) -> setting property maximumSize
2026-07-14 11:14:14,188 [DEBUG] (properties.py:415) -> setting property cursor
2026-07-14 11:14:14,188 [DEBUG] (properties.py:415) -> setting property styleSheet
2026-07-14 11:14:14,188 [DEBUG] (properties.py:415) -> setting property text
2026-07-14 11:14:14,188 [DEBUG] (uiparser.py:106) -> push QPushButton editBtn
2026-07-14 11:14:14,188 [DEBUG] (uiparser.py:120) -> pop widget QPushButton editBtn
2026-07-14 11:14:14,188 [DEBUG] (uiparser.py:128) -> new topwidget <client.windows.system.departments.department_card.DepartmentCard object at 0x0000025D64390370>
2026-07-14 11:14:14,188 [DEBUG] (properties.py:415) -> setting property minimumSize
2026-07-14 11:14:14,188 [DEBUG] (properties.py:415) -> setting property maximumSize
2026-07-14 11:14:14,188 [DEBUG] (properties.py:415) -> setting property cursor
2026-07-14 11:14:14,188 [DEBUG] (properties.py:415) -> setting property styleSheet
2026-07-14 11:14:14,188 [DEBUG] (properties.py:415) -> setting property text
2026-07-14 11:14:14,188 [DEBUG] (uiparser.py:106) -> push QPushButton deleteBtn
2026-07-14 11:14:14,188 [DEBUG] (uiparser.py:120) -> pop widget QPushButton deleteBtn
2026-07-14 11:14:14,188 [DEBUG] (uiparser.py:128) -> new topwidget <client.windows.system.departments.department_card.DepartmentCard object at 0x0000025D64390370>
2026-07-14 11:14:14,188 [DEBUG] (uiparser.py:114) -> pop layout QHBoxLayout horizontalLayout_2
2026-07-14 11:14:14,188 [DEBUG] (uiparser.py:114) -> pop layout QHBoxLayout horizontalLayout
2026-07-14 11:14:14,188 [DEBUG] (uiparser.py:120) -> pop widget DepartmentCard UniversalDepartmentCard
2026-07-14 11:14:14,188 [DEBUG] (uiparser.py:128) -> new topwidget None
2026-07-14 11:14:14,189 [DEBUG] (uiparser.py:838) -> toplevel widget is DepartmentCard
2026-07-14 11:14:14,189 [DEBUG] (properties.py:415) -> setting property geometry
2026-07-14 11:14:14,189 [DEBUG] (properties.py:415) -> setting property minimumSize
2026-07-14 11:14:14,189 [DEBUG] (properties.py:415) -> setting property maximumSize
2026-07-14 11:14:14,190 [DEBUG] (properties.py:415) -> setting property styleSheet
2026-07-14 11:14:14,190 [DEBUG] (uiparser.py:106) -> push DepartmentCard UniversalDepartmentCard
2026-07-14 11:14:14,190 [DEBUG] (properties.py:415) -> setting property spacing
2026-07-14 11:14:14,190 [DEBUG] (properties.py:415) -> setting property leftMargin
2026-07-14 11:14:14,190 [DEBUG] (properties.py:415) -> setting property topMargin
2026-07-14 11:14:14,190 [DEBUG] (properties.py:415) -> setting property rightMargin
2026-07-14 11:14:14,190 [DEBUG] (properties.py:415) -> setting property bottomMargin
2026-07-14 11:14:14,190 [DEBUG] (properties.py:415) -> setting property pyuicMargins
2026-07-14 11:14:14,190 [DEBUG] (properties.py:415) -> setting property pyuicSpacing
2026-07-14 11:14:14,190 [DEBUG] (uiparser.py:106) -> push QHBoxLayout horizontalLayout
2026-07-14 11:14:14,190 [DEBUG] (properties.py:415) -> setting property spacing
2026-07-14 11:14:14,190 [DEBUG] (properties.py:415) -> setting property pyuicSpacing
2026-07-14 11:14:14,190 [DEBUG] (uiparser.py:106) -> push QHBoxLayout horizontalLayout_2
2026-07-14 11:14:14,190 [DEBUG] (properties.py:415) -> setting property spacing
2026-07-14 11:14:14,190 [DEBUG] (properties.py:415) -> setting property topMargin
2026-07-14 11:14:14,190 [DEBUG] (properties.py:415) -> setting property bottomMargin
2026-07-14 11:14:14,190 [DEBUG] (properties.py:415) -> setting property pyuicMargins
2026-07-14 11:14:14,190 [DEBUG] (properties.py:415) -> setting property pyuicSpacing
2026-07-14 11:14:14,190 [DEBUG] (uiparser.py:106) -> push QVBoxLayout infoLayout
2026-07-14 11:14:14,190 [DEBUG] (properties.py:415) -> setting property styleSheet
2026-07-14 11:14:14,190 [DEBUG] (properties.py:415) -> setting property text
2026-07-14 11:14:14,190 [DEBUG] (uiparser.py:106) -> push QLabel nameLabel
2026-07-14 11:14:14,190 [DEBUG] (uiparser.py:120) -> pop widget QLabel nameLabel
2026-07-14 11:14:14,190 [DEBUG] (uiparser.py:128) -> new topwidget <client.windows.system.departments.department_card.DepartmentCard object at 0x0000025D64390B90>
2026-07-14 11:14:14,190 [DEBUG] (properties.py:415) -> setting property styleSheet
2026-07-14 11:14:14,190 [DEBUG] (properties.py:415) -> setting property text
2026-07-14 11:14:14,190 [DEBUG] (uiparser.py:106) -> push QLabel typeLabel
2026-07-14 11:14:14,190 [DEBUG] (uiparser.py:120) -> pop widget QLabel typeLabel
2026-07-14 11:14:14,190 [DEBUG] (uiparser.py:128) -> new topwidget <client.windows.system.departments.department_card.DepartmentCard object at 0x0000025D64390B90>
2026-07-14 11:14:14,190 [DEBUG] (properties.py:415) -> setting property styleSheet
2026-07-14 11:14:14,190 [DEBUG] (properties.py:415) -> setting property text
2026-07-14 11:14:14,190 [DEBUG] (uiparser.py:106) -> push QLabel leaderLabel
2026-07-14 11:14:14,190 [DEBUG] (uiparser.py:120) -> pop widget QLabel leaderLabel
2026-07-14 11:14:14,190 [DEBUG] (uiparser.py:128) -> new topwidget <client.windows.system.departments.department_card.DepartmentCard object at 0x0000025D64390B90>
2026-07-14 11:14:14,190 [DEBUG] (properties.py:415) -> setting property maximumSize
2026-07-14 11:14:14,190 [DEBUG] (properties.py:415) -> setting property styleSheet
2026-07-14 11:14:14,190 [DEBUG] (properties.py:415) -> setting property text
2026-07-14 11:14:14,190 [DEBUG] (properties.py:415) -> setting property wordWrap
2026-07-14 11:14:14,190 [DEBUG] (uiparser.py:106) -> push QLabel descriptionLabel
2026-07-14 11:14:14,190 [DEBUG] (uiparser.py:120) -> pop widget QLabel descriptionLabel
2026-07-14 11:14:14,190 [DEBUG] (uiparser.py:128) -> new topwidget <client.windows.system.departments.department_card.DepartmentCard object at 0x0000025D64390B90>
2026-07-14 11:14:14,190 [DEBUG] (properties.py:415) -> setting property styleSheet
2026-07-14 11:14:14,190 [DEBUG] (properties.py:415) -> setting property text
2026-07-14 11:14:14,190 [DEBUG] (uiparser.py:106) -> push QLabel phoneLabel
2026-07-14 11:14:14,190 [DEBUG] (uiparser.py:120) -> pop widget QLabel phoneLabel
2026-07-14 11:14:14,190 [DEBUG] (uiparser.py:128) -> new topwidget <client.windows.system.departments.department_card.DepartmentCard object at 0x0000025D64390B90>
2026-07-14 11:14:14,190 [DEBUG] (properties.py:415) -> setting property styleSheet
2026-07-14 11:14:14,192 [DEBUG] (properties.py:415) -> setting property text
2026-07-14 11:14:14,192 [DEBUG] (uiparser.py:106) -> push QLabel numberLabel
2026-07-14 11:14:14,192 [DEBUG] (uiparser.py:120) -> pop widget QLabel numberLabel
2026-07-14 11:14:14,192 [DEBUG] (uiparser.py:128) -> new topwidget <client.windows.system.departments.department_card.DepartmentCard object at 0x0000025D64390B90>
2026-07-14 11:14:14,192 [DEBUG] (uiparser.py:114) -> pop layout QVBoxLayout infoLayout
2026-07-14 11:14:14,192 [DEBUG] (properties.py:415) -> setting property minimumSize
2026-07-14 11:14:14,192 [DEBUG] (properties.py:415) -> setting property maximumSize
2026-07-14 11:14:14,192 [DEBUG] (properties.py:415) -> setting property cursor
2026-07-14 11:14:14,192 [DEBUG] (properties.py:415) -> setting property styleSheet
2026-07-14 11:14:14,192 [DEBUG] (properties.py:415) -> setting property text
2026-07-14 11:14:14,192 [DEBUG] (uiparser.py:106) -> push QPushButton editBtn
2026-07-14 11:14:14,192 [DEBUG] (uiparser.py:120) -> pop widget QPushButton editBtn
2026-07-14 11:14:14,192 [DEBUG] (uiparser.py:128) -> new topwidget <client.windows.system.departments.department_card.DepartmentCard object at 0x0000025D64390B90>
2026-07-14 11:14:14,192 [DEBUG] (properties.py:415) -> setting property minimumSize
2026-07-14 11:14:14,192 [DEBUG] (properties.py:415) -> setting property maximumSize
2026-07-14 11:14:14,192 [DEBUG] (properties.py:415) -> setting property cursor
2026-07-14 11:14:14,192 [DEBUG] (properties.py:415) -> setting property styleSheet
2026-07-14 11:14:14,192 [DEBUG] (properties.py:415) -> setting property text
2026-07-14 11:14:14,192 [DEBUG] (uiparser.py:106) -> push QPushButton deleteBtn
2026-07-14 11:14:14,192 [DEBUG] (uiparser.py:120) -> pop widget QPushButton deleteBtn
2026-07-14 11:14:14,192 [DEBUG] (uiparser.py:128) -> new topwidget <client.windows.system.departments.department_card.DepartmentCard object at 0x0000025D64390B90>
2026-07-14 11:14:14,192 [DEBUG] (uiparser.py:114) -> pop layout QHBoxLayout horizontalLayout_2
2026-07-14 11:14:14,192 [DEBUG] (uiparser.py:114) -> pop layout QHBoxLayout horizontalLayout
2026-07-14 11:14:14,192 [DEBUG] (uiparser.py:120) -> pop widget DepartmentCard UniversalDepartmentCard
2026-07-14 11:14:14,192 [DEBUG] (uiparser.py:128) -> new topwidget None
2026-07-14 11:14:14,196 [DEBUG] (uiparser.py:838) -> toplevel widget is DepartmentCard
2026-07-14 11:14:14,196 [DEBUG] (properties.py:415) -> setting property geometry
2026-07-14 11:14:14,196 [DEBUG] (properties.py:415) -> setting property minimumSize
2026-07-14 11:14:14,196 [DEBUG] (properties.py:415) -> setting property maximumSize
2026-07-14 11:14:14,196 [DEBUG] (properties.py:415) -> setting property styleSheet
2026-07-14 11:14:14,196 [DEBUG] (uiparser.py:106) -> push DepartmentCard UniversalDepartmentCard
2026-07-14 11:14:14,196 [DEBUG] (properties.py:415) -> setting property spacing
2026-07-14 11:14:14,196 [DEBUG] (properties.py:415) -> setting property leftMargin
2026-07-14 11:14:14,196 [DEBUG] (properties.py:415) -> setting property topMargin
2026-07-14 11:14:14,196 [DEBUG] (properties.py:415) -> setting property rightMargin
2026-07-14 11:14:14,196 [DEBUG] (properties.py:415) -> setting property bottomMargin
2026-07-14 11:14:14,196 [DEBUG] (properties.py:415) -> setting property pyuicMargins
2026-07-14 11:14:14,196 [DEBUG] (properties.py:415) -> setting property pyuicSpacing
2026-07-14 11:14:14,196 [DEBUG] (uiparser.py:106) -> push QHBoxLayout horizontalLayout
2026-07-14 11:14:14,196 [DEBUG] (properties.py:415) -> setting property spacing
2026-07-14 11:14:14,196 [DEBUG] (properties.py:415) -> setting property pyuicSpacing
2026-07-14 11:14:14,196 [DEBUG] (uiparser.py:106) -> push QHBoxLayout horizontalLayout_2
2026-07-14 11:14:14,196 [DEBUG] (properties.py:415) -> setting property spacing
2026-07-14 11:14:14,197 [DEBUG] (properties.py:415) -> setting property topMargin
2026-07-14 11:14:14,197 [DEBUG] (properties.py:415) -> setting property bottomMargin
2026-07-14 11:14:14,197 [DEBUG] (properties.py:415) -> setting property pyuicMargins
2026-07-14 11:14:14,197 [DEBUG] (properties.py:415) -> setting property pyuicSpacing
2026-07-14 11:14:14,197 [DEBUG] (uiparser.py:106) -> push QVBoxLayout infoLayout
2026-07-14 11:14:14,197 [DEBUG] (properties.py:415) -> setting property styleSheet
2026-07-14 11:14:14,197 [DEBUG] (properties.py:415) -> setting property text
2026-07-14 11:14:14,197 [DEBUG] (uiparser.py:106) -> push QLabel nameLabel
2026-07-14 11:14:14,197 [DEBUG] (uiparser.py:120) -> pop widget QLabel nameLabel
2026-07-14 11:14:14,197 [DEBUG] (uiparser.py:128) -> new topwidget <client.windows.system.departments.department_card.DepartmentCard object at 0x0000025D64391810>
2026-07-14 11:14:14,197 [DEBUG] (properties.py:415) -> setting property styleSheet
2026-07-14 11:14:14,197 [DEBUG] (properties.py:415) -> setting property text
2026-07-14 11:14:14,197 [DEBUG] (uiparser.py:106) -> push QLabel typeLabel
2026-07-14 11:14:14,197 [DEBUG] (uiparser.py:120) -> pop widget QLabel typeLabel
2026-07-14 11:14:14,197 [DEBUG] (uiparser.py:128) -> new topwidget <client.windows.system.departments.department_card.DepartmentCard object at 0x0000025D64391810>
2026-07-14 11:14:14,197 [DEBUG] (properties.py:415) -> setting property styleSheet
2026-07-14 11:14:14,197 [DEBUG] (properties.py:415) -> setting property text
2026-07-14 11:14:14,197 [DEBUG] (uiparser.py:106) -> push QLabel leaderLabel
2026-07-14 11:14:14,197 [DEBUG] (uiparser.py:120) -> pop widget QLabel leaderLabel
2026-07-14 11:14:14,197 [DEBUG] (uiparser.py:128) -> new topwidget <client.windows.system.departments.department_card.DepartmentCard object at 0x0000025D64391810>
2026-07-14 11:14:14,197 [DEBUG] (properties.py:415) -> setting property maximumSize
2026-07-14 11:14:14,197 [DEBUG] (properties.py:415) -> setting property styleSheet
2026-07-14 11:14:14,197 [DEBUG] (properties.py:415) -> setting property text
2026-07-14 11:14:14,197 [DEBUG] (properties.py:415) -> setting property wordWrap
2026-07-14 11:14:14,197 [DEBUG] (uiparser.py:106) -> push QLabel descriptionLabel
2026-07-14 11:14:14,197 [DEBUG] (uiparser.py:120) -> pop widget QLabel descriptionLabel
2026-07-14 11:14:14,197 [DEBUG] (uiparser.py:128) -> new topwidget <client.windows.system.departments.department_card.DepartmentCard object at 0x0000025D64391810>
2026-07-14 11:14:14,197 [DEBUG] (properties.py:415) -> setting property styleSheet
2026-07-14 11:14:14,200 [DEBUG] (properties.py:415) -> setting property text
2026-07-14 11:14:14,200 [DEBUG] (uiparser.py:106) -> push QLabel phoneLabel
2026-07-14 11:14:14,200 [DEBUG] (uiparser.py:120) -> pop widget QLabel phoneLabel
2026-07-14 11:14:14,200 [DEBUG] (uiparser.py:128) -> new topwidget <client.windows.system.departments.department_card.DepartmentCard object at 0x0000025D64391810>
2026-07-14 11:14:14,200 [DEBUG] (properties.py:415) -> setting property styleSheet
2026-07-14 11:14:14,200 [DEBUG] (properties.py:415) -> setting property text
2026-07-14 11:14:14,200 [DEBUG] (uiparser.py:106) -> push QLabel numberLabel
2026-07-14 11:14:14,200 [DEBUG] (uiparser.py:120) -> pop widget QLabel numberLabel
2026-07-14 11:14:14,200 [DEBUG] (uiparser.py:128) -> new topwidget <client.windows.system.departments.department_card.DepartmentCard object at 0x0000025D64391810>
2026-07-14 11:14:14,200 [DEBUG] (uiparser.py:114) -> pop layout QVBoxLayout infoLayout
2026-07-14 11:14:14,200 [DEBUG] (properties.py:415) -> setting property minimumSize
2026-07-14 11:14:14,200 [DEBUG] (properties.py:415) -> setting property maximumSize
2026-07-14 11:14:14,200 [DEBUG] (properties.py:415) -> setting property cursor
2026-07-14 11:14:14,200 [DEBUG] (properties.py:415) -> setting property styleSheet
2026-07-14 11:14:14,200 [DEBUG] (properties.py:415) -> setting property text
2026-07-14 11:14:14,200 [DEBUG] (uiparser.py:106) -> push QPushButton editBtn
2026-07-14 11:14:14,200 [DEBUG] (uiparser.py:120) -> pop widget QPushButton editBtn
2026-07-14 11:14:14,200 [DEBUG] (uiparser.py:128) -> new topwidget <client.windows.system.departments.department_card.DepartmentCard object at 0x0000025D64391810>
2026-07-14 11:14:14,200 [DEBUG] (properties.py:415) -> setting property minimumSize
2026-07-14 11:14:14,200 [DEBUG] (properties.py:415) -> setting property maximumSize
2026-07-14 11:14:14,200 [DEBUG] (properties.py:415) -> setting property cursor
2026-07-14 11:14:14,200 [DEBUG] (properties.py:415) -> setting property styleSheet
2026-07-14 11:14:14,200 [DEBUG] (properties.py:415) -> setting property text
2026-07-14 11:14:14,200 [DEBUG] (uiparser.py:106) -> push QPushButton deleteBtn
2026-07-14 11:14:14,200 [DEBUG] (uiparser.py:120) -> pop widget QPushButton deleteBtn
2026-07-14 11:14:14,200 [DEBUG] (uiparser.py:128) -> new topwidget <client.windows.system.departments.department_card.DepartmentCard object at 0x0000025D64391810>
2026-07-14 11:14:14,200 [DEBUG] (uiparser.py:114) -> pop layout QHBoxLayout horizontalLayout_2
2026-07-14 11:14:14,200 [DEBUG] (uiparser.py:114) -> pop layout QHBoxLayout horizontalLayout
2026-07-14 11:14:14,200 [DEBUG] (uiparser.py:120) -> pop widget DepartmentCard UniversalDepartmentCard
2026-07-14 11:14:14,200 [DEBUG] (uiparser.py:128) -> new topwidget None
2026-07-14 11:14:14,202 [DEBUG] (uiparser.py:838) -> toplevel widget is DepartmentCard
2026-07-14 11:14:14,202 [DEBUG] (properties.py:415) -> setting property geometry
2026-07-14 11:14:14,202 [DEBUG] (properties.py:415) -> setting property minimumSize
2026-07-14 11:14:14,202 [DEBUG] (properties.py:415) -> setting property maximumSize
2026-07-14 11:14:14,202 [DEBUG] (properties.py:415) -> setting property styleSheet
2026-07-14 11:14:14,202 [DEBUG] (uiparser.py:106) -> push DepartmentCard UniversalDepartmentCard
2026-07-14 11:14:14,202 [DEBUG] (properties.py:415) -> setting property spacing
2026-07-14 11:14:14,202 [DEBUG] (properties.py:415) -> setting property leftMargin
2026-07-14 11:14:14,202 [DEBUG] (properties.py:415) -> setting property topMargin
2026-07-14 11:14:14,202 [DEBUG] (properties.py:415) -> setting property rightMargin
2026-07-14 11:14:14,202 [DEBUG] (properties.py:415) -> setting property bottomMargin
2026-07-14 11:14:14,202 [DEBUG] (properties.py:415) -> setting property pyuicMargins
2026-07-14 11:14:14,202 [DEBUG] (properties.py:415) -> setting property pyuicSpacing
2026-07-14 11:14:14,202 [DEBUG] (uiparser.py:106) -> push QHBoxLayout horizontalLayout
2026-07-14 11:14:14,202 [DEBUG] (properties.py:415) -> setting property spacing
2026-07-14 11:14:14,202 [DEBUG] (properties.py:415) -> setting property pyuicSpacing
2026-07-14 11:14:14,202 [DEBUG] (uiparser.py:106) -> push QHBoxLayout horizontalLayout_2
2026-07-14 11:14:14,202 [DEBUG] (properties.py:415) -> setting property spacing
2026-07-14 11:14:14,202 [DEBUG] (properties.py:415) -> setting property topMargin
2026-07-14 11:14:14,202 [DEBUG] (properties.py:415) -> setting property bottomMargin
2026-07-14 11:14:14,202 [DEBUG] (properties.py:415) -> setting property pyuicMargins
2026-07-14 11:14:14,202 [DEBUG] (properties.py:415) -> setting property pyuicSpacing
2026-07-14 11:14:14,202 [DEBUG] (uiparser.py:106) -> push QVBoxLayout infoLayout
2026-07-14 11:14:14,202 [DEBUG] (properties.py:415) -> setting property styleSheet
2026-07-14 11:14:14,202 [DEBUG] (properties.py:415) -> setting property text
2026-07-14 11:14:14,202 [DEBUG] (uiparser.py:106) -> push QLabel nameLabel
2026-07-14 11:14:14,202 [DEBUG] (uiparser.py:120) -> pop widget QLabel nameLabel
2026-07-14 11:14:14,202 [DEBUG] (uiparser.py:128) -> new topwidget <client.windows.system.departments.department_card.DepartmentCard object at 0x0000025D64392030>
2026-07-14 11:14:14,202 [DEBUG] (properties.py:415) -> setting property styleSheet
2026-07-14 11:14:14,202 [DEBUG] (properties.py:415) -> setting property text
2026-07-14 11:14:14,202 [DEBUG] (uiparser.py:106) -> push QLabel typeLabel
2026-07-14 11:14:14,202 [DEBUG] (uiparser.py:120) -> pop widget QLabel typeLabel
2026-07-14 11:14:14,202 [DEBUG] (uiparser.py:128) -> new topwidget <client.windows.system.departments.department_card.DepartmentCard object at 0x0000025D64392030>
2026-07-14 11:14:14,202 [DEBUG] (properties.py:415) -> setting property styleSheet
2026-07-14 11:14:14,202 [DEBUG] (properties.py:415) -> setting property text
2026-07-14 11:14:14,202 [DEBUG] (uiparser.py:106) -> push QLabel leaderLabel
2026-07-14 11:14:14,202 [DEBUG] (uiparser.py:120) -> pop widget QLabel leaderLabel
2026-07-14 11:14:14,202 [DEBUG] (uiparser.py:128) -> new topwidget <client.windows.system.departments.department_card.DepartmentCard object at 0x0000025D64392030>
2026-07-14 11:14:14,202 [DEBUG] (properties.py:415) -> setting property maximumSize
2026-07-14 11:14:14,202 [DEBUG] (properties.py:415) -> setting property styleSheet
2026-07-14 11:14:14,202 [DEBUG] (properties.py:415) -> setting property text
2026-07-14 11:14:14,203 [DEBUG] (properties.py:415) -> setting property wordWrap
2026-07-14 11:14:14,203 [DEBUG] (uiparser.py:106) -> push QLabel descriptionLabel
2026-07-14 11:14:14,203 [DEBUG] (uiparser.py:120) -> pop widget QLabel descriptionLabel
2026-07-14 11:14:14,203 [DEBUG] (uiparser.py:128) -> new topwidget <client.windows.system.departments.department_card.DepartmentCard object at 0x0000025D64392030>
2026-07-14 11:14:14,203 [DEBUG] (properties.py:415) -> setting property styleSheet
2026-07-14 11:14:14,203 [DEBUG] (properties.py:415) -> setting property text
2026-07-14 11:14:14,203 [DEBUG] (uiparser.py:106) -> push QLabel phoneLabel
2026-07-14 11:14:14,203 [DEBUG] (uiparser.py:120) -> pop widget QLabel phoneLabel
2026-07-14 11:14:14,203 [DEBUG] (uiparser.py:128) -> new topwidget <client.windows.system.departments.department_card.DepartmentCard object at 0x0000025D64392030>
2026-07-14 11:14:14,203 [DEBUG] (properties.py:415) -> setting property styleSheet
2026-07-14 11:14:14,203 [DEBUG] (properties.py:415) -> setting property text
2026-07-14 11:14:14,203 [DEBUG] (uiparser.py:106) -> push QLabel numberLabel
2026-07-14 11:14:14,203 [DEBUG] (uiparser.py:120) -> pop widget QLabel numberLabel
2026-07-14 11:14:14,203 [DEBUG] (uiparser.py:128) -> new topwidget <client.windows.system.departments.department_card.DepartmentCard object at 0x0000025D64392030>
2026-07-14 11:14:14,203 [DEBUG] (uiparser.py:114) -> pop layout QVBoxLayout infoLayout
2026-07-14 11:14:14,203 [DEBUG] (properties.py:415) -> setting property minimumSize
2026-07-14 11:14:14,203 [DEBUG] (properties.py:415) -> setting property maximumSize
2026-07-14 11:14:14,203 [DEBUG] (properties.py:415) -> setting property cursor
2026-07-14 11:14:14,203 [DEBUG] (properties.py:415) -> setting property styleSheet
2026-07-14 11:14:14,203 [DEBUG] (properties.py:415) -> setting property text
2026-07-14 11:14:14,203 [DEBUG] (uiparser.py:106) -> push QPushButton editBtn
2026-07-14 11:14:14,203 [DEBUG] (uiparser.py:120) -> pop widget QPushButton editBtn
2026-07-14 11:14:14,203 [DEBUG] (uiparser.py:128) -> new topwidget <client.windows.system.departments.department_card.DepartmentCard object at 0x0000025D64392030>
2026-07-14 11:14:14,203 [DEBUG] (properties.py:415) -> setting property minimumSize
2026-07-14 11:14:14,203 [DEBUG] (properties.py:415) -> setting property maximumSize
2026-07-14 11:14:14,203 [DEBUG] (properties.py:415) -> setting property cursor
2026-07-14 11:14:14,203 [DEBUG] (properties.py:415) -> setting property styleSheet
2026-07-14 11:14:14,203 [DEBUG] (properties.py:415) -> setting property text
2026-07-14 11:14:14,203 [DEBUG] (uiparser.py:106) -> push QPushButton deleteBtn
2026-07-14 11:14:14,203 [DEBUG] (uiparser.py:120) -> pop widget QPushButton deleteBtn
2026-07-14 11:14:14,203 [DEBUG] (uiparser.py:128) -> new topwidget <client.windows.system.departments.department_card.DepartmentCard object at 0x0000025D64392030>
2026-07-14 11:14:14,203 [DEBUG] (uiparser.py:114) -> pop layout QHBoxLayout horizontalLayout_2
2026-07-14 11:14:14,203 [DEBUG] (uiparser.py:114) -> pop layout QHBoxLayout horizontalLayout
2026-07-14 11:14:14,203 [DEBUG] (uiparser.py:120) -> pop widget DepartmentCard UniversalDepartmentCard
2026-07-14 11:14:14,203 [DEBUG] (uiparser.py:128) -> new topwidget None
2026-07-14 11:14:14,215 [DEBUG] (uiparser.py:838) -> toplevel widget is DepartmentPage
2026-07-14 11:14:14,215 [DEBUG] (properties.py:415) -> setting property geometry
2026-07-14 11:14:14,215 [DEBUG] (properties.py:415) -> setting property windowTitle
2026-07-14 11:14:14,215 [DEBUG] (properties.py:415) -> setting property styleSheet
2026-07-14 11:14:14,215 [DEBUG] (uiparser.py:106) -> push DepartmentPage DepartmentPage
2026-07-14 11:14:14,215 [DEBUG] (properties.py:415) -> setting property spacing
2026-07-14 11:14:14,215 [DEBUG] (properties.py:415) -> setting property leftMargin
2026-07-14 11:14:14,215 [DEBUG] (properties.py:415) -> setting property topMargin
2026-07-14 11:14:14,215 [DEBUG] (properties.py:415) -> setting property rightMargin
2026-07-14 11:14:14,215 [DEBUG] (properties.py:415) -> setting property bottomMargin
2026-07-14 11:14:14,215 [DEBUG] (properties.py:415) -> setting property alignment
2026-07-14 11:14:14,215 [DEBUG] (properties.py:415) -> setting property pyuicMargins
2026-07-14 11:14:14,215 [DEBUG] (properties.py:415) -> setting property pyuicSpacing
2026-07-14 11:14:14,215 [DEBUG] (uiparser.py:106) -> push QVBoxLayout mainLayout
2026-07-14 11:14:14,215 [DEBUG] (properties.py:415) -> setting property spacing
2026-07-14 11:14:14,215 [DEBUG] (properties.py:415) -> setting property pyuicSpacing
2026-07-14 11:14:14,215 [DEBUG] (uiparser.py:106) -> push QHBoxLayout toolbarLayout
2026-07-14 11:14:14,215 [DEBUG] (properties.py:415) -> setting property minimumSize
2026-07-14 11:14:14,215 [DEBUG] (properties.py:415) -> setting property maximumSize
2026-07-14 11:14:14,215 [DEBUG] (properties.py:415) -> setting property styleSheet
2026-07-14 11:14:14,215 [DEBUG] (properties.py:415) -> setting property placeholderText
2026-07-14 11:14:14,215 [DEBUG] (uiparser.py:106) -> push QLineEdit searchEdit
2026-07-14 11:14:14,215 [DEBUG] (uiparser.py:120) -> pop widget QLineEdit searchEdit
2026-07-14 11:14:14,215 [DEBUG] (uiparser.py:128) -> new topwidget <client.windows.system.departments.department_page.DepartmentPage object at 0x0000025D64392850>
2026-07-14 11:14:14,215 [DEBUG] (properties.py:415) -> setting property minimumSize
2026-07-14 11:14:14,216 [DEBUG] (properties.py:415) -> setting property styleSheet
2026-07-14 11:14:14,216 [DEBUG] (properties.py:415) -> setting property text
2026-07-14 11:14:14,216 [DEBUG] (uiparser.py:106) -> push QPushButton btnSort
2026-07-14 11:14:14,216 [DEBUG] (uiparser.py:120) -> pop widget QPushButton btnSort
2026-07-14 11:14:14,216 [DEBUG] (uiparser.py:128) -> new topwidget <client.windows.system.departments.department_page.DepartmentPage object at 0x0000025D64392850>
2026-07-14 11:14:14,216 [DEBUG] (properties.py:415) -> setting property minimumSize
2026-07-14 11:14:14,216 [DEBUG] (properties.py:415) -> setting property maximumSize
2026-07-14 11:14:14,216 [DEBUG] (properties.py:415) -> setting property toolTip
2026-07-14 11:14:14,216 [DEBUG] (properties.py:415) -> setting property styleSheet
2026-07-14 11:14:14,216 [DEBUG] (properties.py:415) -> setting property text
2026-07-14 11:14:14,216 [DEBUG] (uiparser.py:106) -> push QPushButton btnResetFilters
2026-07-14 11:14:14,216 [DEBUG] (uiparser.py:120) -> pop widget QPushButton btnResetFilters
2026-07-14 11:14:14,216 [DEBUG] (uiparser.py:128) -> new topwidget <client.windows.system.departments.department_page.DepartmentPage object at 0x0000025D64392850>
2026-07-14 11:14:14,216 [DEBUG] (uiparser.py:114) -> pop layout QHBoxLayout toolbarLayout
2026-07-14 11:14:14,216 [DEBUG] (properties.py:415) -> setting property styleSheet
2026-07-14 11:14:14,216 [DEBUG] (properties.py:415) -> setting property widgetResizable
2026-07-14 11:14:14,216 [DEBUG] (uiparser.py:106) -> push QScrollArea scrollArea
2026-07-14 11:14:14,216 [DEBUG] (properties.py:415) -> setting property geometry
2026-07-14 11:14:14,216 [DEBUG] (uiparser.py:106) -> push QWidget scrollAreaWidgetContents
2026-07-14 11:14:14,216 [DEBUG] (properties.py:415) -> setting property spacing
2026-07-14 11:14:14,216 [DEBUG] (properties.py:415) -> setting property leftMargin
2026-07-14 11:14:14,216 [DEBUG] (properties.py:415) -> setting property topMargin
2026-07-14 11:14:14,216 [DEBUG] (properties.py:415) -> setting property rightMargin
2026-07-14 11:14:14,216 [DEBUG] (properties.py:415) -> setting property bottomMargin
2026-07-14 11:14:14,216 [DEBUG] (properties.py:415) -> setting property pyuicMargins
2026-07-14 11:14:14,216 [DEBUG] (properties.py:415) -> setting property pyuicSpacing
2026-07-14 11:14:14,216 [DEBUG] (uiparser.py:106) -> push QVBoxLayout scrollAreaLayout
2026-07-14 11:14:14,216 [DEBUG] (uiparser.py:114) -> pop layout QVBoxLayout scrollAreaLayout
2026-07-14 11:14:14,216 [DEBUG] (uiparser.py:120) -> pop widget QWidget scrollAreaWidgetContents
2026-07-14 11:14:14,216 [DEBUG] (uiparser.py:128) -> new topwidget <PyQt6.QtWidgets.QScrollArea object at 0x0000025D64392CB0>
2026-07-14 11:14:14,216 [DEBUG] (uiparser.py:120) -> pop widget QScrollArea scrollArea
2026-07-14 11:14:14,216 [DEBUG] (uiparser.py:128) -> new topwidget <client.windows.system.departments.department_page.DepartmentPage object at 0x0000025D64392850>
2026-07-14 11:14:14,217 [DEBUG] (uiparser.py:114) -> pop layout QVBoxLayout mainLayout
2026-07-14 11:14:14,217 [DEBUG] (uiparser.py:120) -> pop widget DepartmentPage DepartmentPage
2026-07-14 11:14:14,217 [DEBUG] (uiparser.py:128) -> new topwidget None
2026-07-14 11:14:14,218 [DEBUG] (uiparser.py:838) -> toplevel widget is DepartmentCard
2026-07-14 11:14:14,218 [DEBUG] (properties.py:415) -> setting property geometry
2026-07-14 11:14:14,218 [DEBUG] (properties.py:415) -> setting property minimumSize
2026-07-14 11:14:14,218 [DEBUG] (properties.py:415) -> setting property maximumSize
2026-07-14 11:14:14,218 [DEBUG] (properties.py:415) -> setting property styleSheet
2026-07-14 11:14:14,218 [DEBUG] (uiparser.py:106) -> push DepartmentCard UniversalDepartmentCard
2026-07-14 11:14:14,218 [DEBUG] (properties.py:415) -> setting property spacing
2026-07-14 11:14:14,218 [DEBUG] (properties.py:415) -> setting property leftMargin
2026-07-14 11:14:14,218 [DEBUG] (properties.py:415) -> setting property topMargin
2026-07-14 11:14:14,218 [DEBUG] (properties.py:415) -> setting property rightMargin
2026-07-14 11:14:14,218 [DEBUG] (properties.py:415) -> setting property bottomMargin
2026-07-14 11:14:14,218 [DEBUG] (properties.py:415) -> setting property pyuicMargins
2026-07-14 11:14:14,218 [DEBUG] (properties.py:415) -> setting property pyuicSpacing
2026-07-14 11:14:14,218 [DEBUG] (uiparser.py:106) -> push QHBoxLayout horizontalLayout
2026-07-14 11:14:14,218 [DEBUG] (properties.py:415) -> setting property spacing
2026-07-14 11:14:14,218 [DEBUG] (properties.py:415) -> setting property pyuicSpacing
2026-07-14 11:14:14,218 [DEBUG] (uiparser.py:106) -> push QHBoxLayout horizontalLayout_2
2026-07-14 11:14:14,218 [DEBUG] (properties.py:415) -> setting property spacing
2026-07-14 11:14:14,218 [DEBUG] (properties.py:415) -> setting property topMargin
2026-07-14 11:14:14,218 [DEBUG] (properties.py:415) -> setting property bottomMargin
2026-07-14 11:14:14,218 [DEBUG] (properties.py:415) -> setting property pyuicMargins
2026-07-14 11:14:14,218 [DEBUG] (properties.py:415) -> setting property pyuicSpacing
2026-07-14 11:14:14,218 [DEBUG] (uiparser.py:106) -> push QVBoxLayout infoLayout
2026-07-14 11:14:14,218 [DEBUG] (properties.py:415) -> setting property styleSheet
2026-07-14 11:14:14,218 [DEBUG] (properties.py:415) -> setting property text
2026-07-14 11:14:14,218 [DEBUG] (uiparser.py:106) -> push QLabel nameLabel
2026-07-14 11:14:14,218 [DEBUG] (uiparser.py:120) -> pop widget QLabel nameLabel
2026-07-14 11:14:14,218 [DEBUG] (uiparser.py:128) -> new topwidget <client.windows.system.departments.department_card.DepartmentCard object at 0x0000025D64393CF0>
2026-07-14 11:14:14,218 [DEBUG] (properties.py:415) -> setting property styleSheet
2026-07-14 11:14:14,218 [DEBUG] (properties.py:415) -> setting property text
2026-07-14 11:14:14,218 [DEBUG] (uiparser.py:106) -> push QLabel typeLabel
2026-07-14 11:14:14,218 [DEBUG] (uiparser.py:120) -> pop widget QLabel typeLabel
2026-07-14 11:14:14,219 [DEBUG] (uiparser.py:128) -> new topwidget <client.windows.system.departments.department_card.DepartmentCard object at 0x0000025D64393CF0>
2026-07-14 11:14:14,219 [DEBUG] (properties.py:415) -> setting property styleSheet
2026-07-14 11:14:14,219 [DEBUG] (properties.py:415) -> setting property text
2026-07-14 11:14:14,219 [DEBUG] (uiparser.py:106) -> push QLabel leaderLabel
2026-07-14 11:14:14,219 [DEBUG] (uiparser.py:120) -> pop widget QLabel leaderLabel
2026-07-14 11:14:14,219 [DEBUG] (uiparser.py:128) -> new topwidget <client.windows.system.departments.department_card.DepartmentCard object at 0x0000025D64393CF0>
2026-07-14 11:14:14,219 [DEBUG] (properties.py:415) -> setting property maximumSize
2026-07-14 11:14:14,219 [DEBUG] (properties.py:415) -> setting property styleSheet
2026-07-14 11:14:14,219 [DEBUG] (properties.py:415) -> setting property text
2026-07-14 11:14:14,219 [DEBUG] (properties.py:415) -> setting property wordWrap
2026-07-14 11:14:14,219 [DEBUG] (uiparser.py:106) -> push QLabel descriptionLabel
2026-07-14 11:14:14,219 [DEBUG] (uiparser.py:120) -> pop widget QLabel descriptionLabel
2026-07-14 11:14:14,219 [DEBUG] (uiparser.py:128) -> new topwidget <client.windows.system.departments.department_card.DepartmentCard object at 0x0000025D64393CF0>
2026-07-14 11:14:14,219 [DEBUG] (properties.py:415) -> setting property styleSheet
2026-07-14 11:14:14,219 [DEBUG] (properties.py:415) -> setting property text
2026-07-14 11:14:14,219 [DEBUG] (uiparser.py:106) -> push QLabel phoneLabel
2026-07-14 11:14:14,219 [DEBUG] (uiparser.py:120) -> pop widget QLabel phoneLabel
2026-07-14 11:14:14,219 [DEBUG] (uiparser.py:128) -> new topwidget <client.windows.system.departments.department_card.DepartmentCard object at 0x0000025D64393CF0>
2026-07-14 11:14:14,219 [DEBUG] (properties.py:415) -> setting property styleSheet
2026-07-14 11:14:14,219 [DEBUG] (properties.py:415) -> setting property text
2026-07-14 11:14:14,219 [DEBUG] (uiparser.py:106) -> push QLabel numberLabel
2026-07-14 11:14:14,219 [DEBUG] (uiparser.py:120) -> pop widget QLabel numberLabel
2026-07-14 11:14:14,219 [DEBUG] (uiparser.py:128) -> new topwidget <client.windows.system.departments.department_card.DepartmentCard object at 0x0000025D64393CF0>
2026-07-14 11:14:14,219 [DEBUG] (uiparser.py:114) -> pop layout QVBoxLayout infoLayout
2026-07-14 11:14:14,219 [DEBUG] (properties.py:415) -> setting property minimumSize
2026-07-14 11:14:14,219 [DEBUG] (properties.py:415) -> setting property maximumSize
2026-07-14 11:14:14,219 [DEBUG] (properties.py:415) -> setting property cursor
2026-07-14 11:14:14,219 [DEBUG] (properties.py:415) -> setting property styleSheet
2026-07-14 11:14:14,219 [DEBUG] (properties.py:415) -> setting property text
2026-07-14 11:14:14,219 [DEBUG] (uiparser.py:106) -> push QPushButton editBtn
2026-07-14 11:14:14,219 [DEBUG] (uiparser.py:120) -> pop widget QPushButton editBtn
2026-07-14 11:14:14,219 [DEBUG] (uiparser.py:128) -> new topwidget <client.windows.system.departments.department_card.DepartmentCard object at 0x0000025D64393CF0>
2026-07-14 11:14:14,219 [DEBUG] (properties.py:415) -> setting property minimumSize
2026-07-14 11:14:14,219 [DEBUG] (properties.py:415) -> setting property maximumSize
2026-07-14 11:14:14,219 [DEBUG] (properties.py:415) -> setting property cursor
2026-07-14 11:14:14,219 [DEBUG] (properties.py:415) -> setting property styleSheet
2026-07-14 11:14:14,219 [DEBUG] (properties.py:415) -> setting property text
2026-07-14 11:14:14,219 [DEBUG] (uiparser.py:106) -> push QPushButton deleteBtn
2026-07-14 11:14:14,219 [DEBUG] (uiparser.py:120) -> pop widget QPushButton deleteBtn
2026-07-14 11:14:14,219 [DEBUG] (uiparser.py:128) -> new topwidget <client.windows.system.departments.department_card.DepartmentCard object at 0x0000025D64393CF0>
2026-07-14 11:14:14,219 [DEBUG] (uiparser.py:114) -> pop layout QHBoxLayout horizontalLayout_2
2026-07-14 11:14:14,219 [DEBUG] (uiparser.py:114) -> pop layout QHBoxLayout horizontalLayout
2026-07-14 11:14:14,219 [DEBUG] (uiparser.py:120) -> pop widget DepartmentCard UniversalDepartmentCard
2026-07-14 11:14:14,219 [DEBUG] (uiparser.py:128) -> new topwidget None
2026-07-14 11:14:14,221 [DEBUG] (uiparser.py:838) -> toplevel widget is DepartmentCard
2026-07-14 11:14:14,221 [DEBUG] (properties.py:415) -> setting property geometry
2026-07-14 11:14:14,221 [DEBUG] (properties.py:415) -> setting property minimumSize
2026-07-14 11:14:14,221 [DEBUG] (properties.py:415) -> setting property maximumSize
2026-07-14 11:14:14,221 [DEBUG] (properties.py:415) -> setting property styleSheet
2026-07-14 11:14:14,221 [DEBUG] (uiparser.py:106) -> push DepartmentCard UniversalDepartmentCard
2026-07-14 11:14:14,221 [DEBUG] (properties.py:415) -> setting property spacing
2026-07-14 11:14:14,221 [DEBUG] (properties.py:415) -> setting property leftMargin
2026-07-14 11:14:14,221 [DEBUG] (properties.py:415) -> setting property topMargin
2026-07-14 11:14:14,221 [DEBUG] (properties.py:415) -> setting property rightMargin
2026-07-14 11:14:14,221 [DEBUG] (properties.py:415) -> setting property bottomMargin
2026-07-14 11:14:14,221 [DEBUG] (properties.py:415) -> setting property pyuicMargins
2026-07-14 11:14:14,221 [DEBUG] (properties.py:415) -> setting property pyuicSpacing
2026-07-14 11:14:14,221 [DEBUG] (uiparser.py:106) -> push QHBoxLayout horizontalLayout
2026-07-14 11:14:14,221 [DEBUG] (properties.py:415) -> setting property spacing
2026-07-14 11:14:14,221 [DEBUG] (properties.py:415) -> setting property pyuicSpacing
2026-07-14 11:14:14,221 [DEBUG] (uiparser.py:106) -> push QHBoxLayout horizontalLayout_2
2026-07-14 11:14:14,221 [DEBUG] (properties.py:415) -> setting property spacing
2026-07-14 11:14:14,221 [DEBUG] (properties.py:415) -> setting property topMargin
2026-07-14 11:14:14,221 [DEBUG] (properties.py:415) -> setting property bottomMargin
2026-07-14 11:14:14,221 [DEBUG] (properties.py:415) -> setting property pyuicMargins
2026-07-14 11:14:14,221 [DEBUG] (properties.py:415) -> setting property pyuicSpacing
2026-07-14 11:14:14,221 [DEBUG] (uiparser.py:106) -> push QVBoxLayout infoLayout
2026-07-14 11:14:14,221 [DEBUG] (properties.py:415) -> setting property styleSheet
2026-07-14 11:14:14,221 [DEBUG] (properties.py:415) -> setting property text
2026-07-14 11:14:14,221 [DEBUG] (uiparser.py:106) -> push QLabel nameLabel
2026-07-14 11:14:14,221 [DEBUG] (uiparser.py:120) -> pop widget QLabel nameLabel
2026-07-14 11:14:14,221 [DEBUG] (uiparser.py:128) -> new topwidget <client.windows.system.departments.department_card.DepartmentCard object at 0x0000025D6439C550>
2026-07-14 11:14:14,221 [DEBUG] (properties.py:415) -> setting property styleSheet
2026-07-14 11:14:14,221 [DEBUG] (properties.py:415) -> setting property text
2026-07-14 11:14:14,221 [DEBUG] (uiparser.py:106) -> push QLabel typeLabel
2026-07-14 11:14:14,221 [DEBUG] (uiparser.py:120) -> pop widget QLabel typeLabel
2026-07-14 11:14:14,222 [DEBUG] (uiparser.py:128) -> new topwidget <client.windows.system.departments.department_card.DepartmentCard object at 0x0000025D6439C550>
2026-07-14 11:14:14,222 [DEBUG] (properties.py:415) -> setting property styleSheet
2026-07-14 11:14:14,222 [DEBUG] (properties.py:415) -> setting property text
2026-07-14 11:14:14,222 [DEBUG] (uiparser.py:106) -> push QLabel leaderLabel
2026-07-14 11:14:14,222 [DEBUG] (uiparser.py:120) -> pop widget QLabel leaderLabel
2026-07-14 11:14:14,222 [DEBUG] (uiparser.py:128) -> new topwidget <client.windows.system.departments.department_card.DepartmentCard object at 0x0000025D6439C550>
2026-07-14 11:14:14,222 [DEBUG] (properties.py:415) -> setting property maximumSize
2026-07-14 11:14:14,222 [DEBUG] (properties.py:415) -> setting property styleSheet
2026-07-14 11:14:14,222 [DEBUG] (properties.py:415) -> setting property text
2026-07-14 11:14:14,222 [DEBUG] (properties.py:415) -> setting property wordWrap
2026-07-14 11:14:14,222 [DEBUG] (uiparser.py:106) -> push QLabel descriptionLabel
2026-07-14 11:14:14,222 [DEBUG] (uiparser.py:120) -> pop widget QLabel descriptionLabel
2026-07-14 11:14:14,222 [DEBUG] (uiparser.py:128) -> new topwidget <client.windows.system.departments.department_card.DepartmentCard object at 0x0000025D6439C550>
2026-07-14 11:14:14,222 [DEBUG] (properties.py:415) -> setting property styleSheet
2026-07-14 11:14:14,223 [DEBUG] (properties.py:415) -> setting property text
2026-07-14 11:14:14,223 [DEBUG] (uiparser.py:106) -> push QLabel phoneLabel
2026-07-14 11:14:14,223 [DEBUG] (uiparser.py:120) -> pop widget QLabel phoneLabel
2026-07-14 11:14:14,223 [DEBUG] (uiparser.py:128) -> new topwidget <client.windows.system.departments.department_card.DepartmentCard object at 0x0000025D6439C550>
2026-07-14 11:14:14,223 [DEBUG] (properties.py:415) -> setting property styleSheet
2026-07-14 11:14:14,223 [DEBUG] (properties.py:415) -> setting property text
2026-07-14 11:14:14,223 [DEBUG] (uiparser.py:106) -> push QLabel numberLabel
2026-07-14 11:14:14,223 [DEBUG] (uiparser.py:120) -> pop widget QLabel numberLabel
2026-07-14 11:14:14,223 [DEBUG] (uiparser.py:128) -> new topwidget <client.windows.system.departments.department_card.DepartmentCard object at 0x0000025D6439C550>
2026-07-14 11:14:14,223 [DEBUG] (uiparser.py:114) -> pop layout QVBoxLayout infoLayout
2026-07-14 11:14:14,223 [DEBUG] (properties.py:415) -> setting property minimumSize
2026-07-14 11:14:14,223 [DEBUG] (properties.py:415) -> setting property maximumSize
2026-07-14 11:14:14,223 [DEBUG] (properties.py:415) -> setting property cursor
2026-07-14 11:14:14,223 [DEBUG] (properties.py:415) -> setting property styleSheet
2026-07-14 11:14:14,223 [DEBUG] (properties.py:415) -> setting property text
2026-07-14 11:14:14,223 [DEBUG] (uiparser.py:106) -> push QPushButton editBtn
2026-07-14 11:14:14,223 [DEBUG] (uiparser.py:120) -> pop widget QPushButton editBtn
2026-07-14 11:14:14,223 [DEBUG] (uiparser.py:128) -> new topwidget <client.windows.system.departments.department_card.DepartmentCard object at 0x0000025D6439C550>
2026-07-14 11:14:14,223 [DEBUG] (properties.py:415) -> setting property minimumSize
2026-07-14 11:14:14,223 [DEBUG] (properties.py:415) -> setting property maximumSize
2026-07-14 11:14:14,223 [DEBUG] (properties.py:415) -> setting property cursor
2026-07-14 11:14:14,223 [DEBUG] (properties.py:415) -> setting property styleSheet
2026-07-14 11:14:14,223 [DEBUG] (properties.py:415) -> setting property text
2026-07-14 11:14:14,223 [DEBUG] (uiparser.py:106) -> push QPushButton deleteBtn
2026-07-14 11:14:14,223 [DEBUG] (uiparser.py:120) -> pop widget QPushButton deleteBtn
2026-07-14 11:14:14,223 [DEBUG] (uiparser.py:128) -> new topwidget <client.windows.system.departments.department_card.DepartmentCard object at 0x0000025D6439C550>
2026-07-14 11:14:14,223 [DEBUG] (uiparser.py:114) -> pop layout QHBoxLayout horizontalLayout_2
2026-07-14 11:14:14,223 [DEBUG] (uiparser.py:114) -> pop layout QHBoxLayout horizontalLayout
2026-07-14 11:14:14,223 [DEBUG] (uiparser.py:120) -> pop widget DepartmentCard UniversalDepartmentCard
2026-07-14 11:14:14,223 [DEBUG] (uiparser.py:128) -> new topwidget None
2026-07-14 11:14:14,225 [DEBUG] (uiparser.py:838) -> toplevel widget is DepartmentCard
2026-07-14 11:14:14,225 [DEBUG] (properties.py:415) -> setting property geometry
2026-07-14 11:14:14,225 [DEBUG] (properties.py:415) -> setting property minimumSize
2026-07-14 11:14:14,225 [DEBUG] (properties.py:415) -> setting property maximumSize
2026-07-14 11:14:14,225 [DEBUG] (properties.py:415) -> setting property styleSheet
2026-07-14 11:14:14,225 [DEBUG] (uiparser.py:106) -> push DepartmentCard UniversalDepartmentCard
2026-07-14 11:14:14,225 [DEBUG] (properties.py:415) -> setting property spacing
2026-07-14 11:14:14,225 [DEBUG] (properties.py:415) -> setting property leftMargin
2026-07-14 11:14:14,225 [DEBUG] (properties.py:415) -> setting property topMargin
2026-07-14 11:14:14,225 [DEBUG] (properties.py:415) -> setting property rightMargin
2026-07-14 11:14:14,225 [DEBUG] (properties.py:415) -> setting property bottomMargin
2026-07-14 11:14:14,225 [DEBUG] (properties.py:415) -> setting property pyuicMargins
2026-07-14 11:14:14,225 [DEBUG] (properties.py:415) -> setting property pyuicSpacing
2026-07-14 11:14:14,225 [DEBUG] (uiparser.py:106) -> push QHBoxLayout horizontalLayout
2026-07-14 11:14:14,225 [DEBUG] (properties.py:415) -> setting property spacing
2026-07-14 11:14:14,225 [DEBUG] (properties.py:415) -> setting property pyuicSpacing
2026-07-14 11:14:14,225 [DEBUG] (uiparser.py:106) -> push QHBoxLayout horizontalLayout_2
2026-07-14 11:14:14,225 [DEBUG] (properties.py:415) -> setting property spacing
2026-07-14 11:14:14,225 [DEBUG] (properties.py:415) -> setting property topMargin
2026-07-14 11:14:14,225 [DEBUG] (properties.py:415) -> setting property bottomMargin
2026-07-14 11:14:14,225 [DEBUG] (properties.py:415) -> setting property pyuicMargins
2026-07-14 11:14:14,225 [DEBUG] (properties.py:415) -> setting property pyuicSpacing
2026-07-14 11:14:14,225 [DEBUG] (uiparser.py:106) -> push QVBoxLayout infoLayout
2026-07-14 11:14:14,225 [DEBUG] (properties.py:415) -> setting property styleSheet
2026-07-14 11:14:14,225 [DEBUG] (properties.py:415) -> setting property text
2026-07-14 11:14:14,225 [DEBUG] (uiparser.py:106) -> push QLabel nameLabel
2026-07-14 11:14:14,225 [DEBUG] (uiparser.py:120) -> pop widget QLabel nameLabel
2026-07-14 11:14:14,225 [DEBUG] (uiparser.py:128) -> new topwidget <client.windows.system.departments.department_card.DepartmentCard object at 0x0000025D6439CD70>
2026-07-14 11:14:14,225 [DEBUG] (properties.py:415) -> setting property styleSheet
2026-07-14 11:14:14,225 [DEBUG] (properties.py:415) -> setting property text
2026-07-14 11:14:14,225 [DEBUG] (uiparser.py:106) -> push QLabel typeLabel
2026-07-14 11:14:14,225 [DEBUG] (uiparser.py:120) -> pop widget QLabel typeLabel
2026-07-14 11:14:14,225 [DEBUG] (uiparser.py:128) -> new topwidget <client.windows.system.departments.department_card.DepartmentCard object at 0x0000025D6439CD70>
2026-07-14 11:14:14,225 [DEBUG] (properties.py:415) -> setting property styleSheet
2026-07-14 11:14:14,225 [DEBUG] (properties.py:415) -> setting property text
2026-07-14 11:14:14,225 [DEBUG] (uiparser.py:106) -> push QLabel leaderLabel
2026-07-14 11:14:14,226 [DEBUG] (uiparser.py:120) -> pop widget QLabel leaderLabel
2026-07-14 11:14:14,226 [DEBUG] (uiparser.py:128) -> new topwidget <client.windows.system.departments.department_card.DepartmentCard object at 0x0000025D6439CD70>
2026-07-14 11:14:14,226 [DEBUG] (properties.py:415) -> setting property maximumSize
2026-07-14 11:14:14,226 [DEBUG] (properties.py:415) -> setting property styleSheet
2026-07-14 11:14:14,226 [DEBUG] (properties.py:415) -> setting property text
2026-07-14 11:14:14,226 [DEBUG] (properties.py:415) -> setting property wordWrap
2026-07-14 11:14:14,226 [DEBUG] (uiparser.py:106) -> push QLabel descriptionLabel
2026-07-14 11:14:14,226 [DEBUG] (uiparser.py:120) -> pop widget QLabel descriptionLabel
2026-07-14 11:14:14,226 [DEBUG] (uiparser.py:128) -> new topwidget <client.windows.system.departments.department_card.DepartmentCard object at 0x0000025D6439CD70>
2026-07-14 11:14:14,226 [DEBUG] (properties.py:415) -> setting property styleSheet
2026-07-14 11:14:14,226 [DEBUG] (properties.py:415) -> setting property text
2026-07-14 11:14:14,226 [DEBUG] (uiparser.py:106) -> push QLabel phoneLabel
2026-07-14 11:14:14,226 [DEBUG] (uiparser.py:120) -> pop widget QLabel phoneLabel
2026-07-14 11:14:14,226 [DEBUG] (uiparser.py:128) -> new topwidget <client.windows.system.departments.department_card.DepartmentCard object at 0x0000025D6439CD70>
2026-07-14 11:14:14,226 [DEBUG] (properties.py:415) -> setting property styleSheet
2026-07-14 11:14:14,226 [DEBUG] (properties.py:415) -> setting property text
2026-07-14 11:14:14,226 [DEBUG] (uiparser.py:106) -> push QLabel numberLabel
2026-07-14 11:14:14,226 [DEBUG] (uiparser.py:120) -> pop widget QLabel numberLabel
2026-07-14 11:14:14,226 [DEBUG] (uiparser.py:128) -> new topwidget <client.windows.system.departments.department_card.DepartmentCard object at 0x0000025D6439CD70>
2026-07-14 11:14:14,226 [DEBUG] (uiparser.py:114) -> pop layout QVBoxLayout infoLayout
2026-07-14 11:14:14,226 [DEBUG] (properties.py:415) -> setting property minimumSize
2026-07-14 11:14:14,226 [DEBUG] (properties.py:415) -> setting property maximumSize
2026-07-14 11:14:14,226 [DEBUG] (properties.py:415) -> setting property cursor
2026-07-14 11:14:14,226 [DEBUG] (properties.py:415) -> setting property styleSheet
2026-07-14 11:14:14,226 [DEBUG] (properties.py:415) -> setting property text
2026-07-14 11:14:14,226 [DEBUG] (uiparser.py:106) -> push QPushButton editBtn
2026-07-14 11:14:14,226 [DEBUG] (uiparser.py:120) -> pop widget QPushButton editBtn
2026-07-14 11:14:14,226 [DEBUG] (uiparser.py:128) -> new topwidget <client.windows.system.departments.department_card.DepartmentCard object at 0x0000025D6439CD70>
2026-07-14 11:14:14,226 [DEBUG] (properties.py:415) -> setting property minimumSize
2026-07-14 11:14:14,226 [DEBUG] (properties.py:415) -> setting property maximumSize
2026-07-14 11:14:14,226 [DEBUG] (properties.py:415) -> setting property cursor
2026-07-14 11:14:14,226 [DEBUG] (properties.py:415) -> setting property styleSheet
2026-07-14 11:14:14,226 [DEBUG] (properties.py:415) -> setting property text
2026-07-14 11:14:14,226 [DEBUG] (uiparser.py:106) -> push QPushButton deleteBtn
2026-07-14 11:14:14,226 [DEBUG] (uiparser.py:120) -> pop widget QPushButton deleteBtn
2026-07-14 11:14:14,226 [DEBUG] (uiparser.py:128) -> new topwidget <client.windows.system.departments.department_card.DepartmentCard object at 0x0000025D6439CD70>
2026-07-14 11:14:14,226 [DEBUG] (uiparser.py:114) -> pop layout QHBoxLayout horizontalLayout_2
2026-07-14 11:14:14,226 [DEBUG] (uiparser.py:114) -> pop layout QHBoxLayout horizontalLayout
2026-07-14 11:14:14,226 [DEBUG] (uiparser.py:120) -> pop widget DepartmentCard UniversalDepartmentCard
2026-07-14 11:14:14,226 [DEBUG] (uiparser.py:128) -> new topwidget None
2026-07-14 11:14:14,228 [DEBUG] (uiparser.py:838) -> toplevel widget is DepartmentCard
2026-07-14 11:14:14,228 [DEBUG] (properties.py:415) -> setting property geometry
2026-07-14 11:14:14,228 [DEBUG] (properties.py:415) -> setting property minimumSize
2026-07-14 11:14:14,228 [DEBUG] (properties.py:415) -> setting property maximumSize
2026-07-14 11:14:14,228 [DEBUG] (properties.py:415) -> setting property styleSheet
2026-07-14 11:14:14,228 [DEBUG] (uiparser.py:106) -> push DepartmentCard UniversalDepartmentCard
2026-07-14 11:14:14,228 [DEBUG] (properties.py:415) -> setting property spacing
2026-07-14 11:14:14,228 [DEBUG] (properties.py:415) -> setting property leftMargin
2026-07-14 11:14:14,228 [DEBUG] (properties.py:415) -> setting property topMargin
2026-07-14 11:14:14,228 [DEBUG] (properties.py:415) -> setting property rightMargin
2026-07-14 11:14:14,228 [DEBUG] (properties.py:415) -> setting property bottomMargin
2026-07-14 11:14:14,228 [DEBUG] (properties.py:415) -> setting property pyuicMargins
2026-07-14 11:14:14,228 [DEBUG] (properties.py:415) -> setting property pyuicSpacing
2026-07-14 11:14:14,228 [DEBUG] (uiparser.py:106) -> push QHBoxLayout horizontalLayout
2026-07-14 11:14:14,228 [DEBUG] (properties.py:415) -> setting property spacing
2026-07-14 11:14:14,228 [DEBUG] (properties.py:415) -> setting property pyuicSpacing
2026-07-14 11:14:14,228 [DEBUG] (uiparser.py:106) -> push QHBoxLayout horizontalLayout_2
2026-07-14 11:14:14,228 [DEBUG] (properties.py:415) -> setting property spacing
2026-07-14 11:14:14,228 [DEBUG] (properties.py:415) -> setting property topMargin
2026-07-14 11:14:14,228 [DEBUG] (properties.py:415) -> setting property bottomMargin
2026-07-14 11:14:14,228 [DEBUG] (properties.py:415) -> setting property pyuicMargins
2026-07-14 11:14:14,228 [DEBUG] (properties.py:415) -> setting property pyuicSpacing
2026-07-14 11:14:14,228 [DEBUG] (uiparser.py:106) -> push QVBoxLayout infoLayout
2026-07-14 11:14:14,228 [DEBUG] (properties.py:415) -> setting property styleSheet
2026-07-14 11:14:14,228 [DEBUG] (properties.py:415) -> setting property text
2026-07-14 11:14:14,228 [DEBUG] (uiparser.py:106) -> push QLabel nameLabel
2026-07-14 11:14:14,228 [DEBUG] (uiparser.py:120) -> pop widget QLabel nameLabel
2026-07-14 11:14:14,228 [DEBUG] (uiparser.py:128) -> new topwidget <client.windows.system.departments.department_card.DepartmentCard object at 0x0000025D6439D590>
2026-07-14 11:14:14,228 [DEBUG] (properties.py:415) -> setting property styleSheet
2026-07-14 11:14:14,228 [DEBUG] (properties.py:415) -> setting property text
2026-07-14 11:14:14,228 [DEBUG] (uiparser.py:106) -> push QLabel typeLabel
2026-07-14 11:14:14,228 [DEBUG] (uiparser.py:120) -> pop widget QLabel typeLabel
2026-07-14 11:14:14,228 [DEBUG] (uiparser.py:128) -> new topwidget <client.windows.system.departments.department_card.DepartmentCard object at 0x0000025D6439D590>
2026-07-14 11:14:14,228 [DEBUG] (properties.py:415) -> setting property styleSheet
2026-07-14 11:14:14,228 [DEBUG] (properties.py:415) -> setting property text
2026-07-14 11:14:14,228 [DEBUG] (uiparser.py:106) -> push QLabel leaderLabel
2026-07-14 11:14:14,228 [DEBUG] (uiparser.py:120) -> pop widget QLabel leaderLabel
2026-07-14 11:14:14,228 [DEBUG] (uiparser.py:128) -> new topwidget <client.windows.system.departments.department_card.DepartmentCard object at 0x0000025D6439D590>
2026-07-14 11:14:14,228 [DEBUG] (properties.py:415) -> setting property maximumSize
2026-07-14 11:14:14,228 [DEBUG] (properties.py:415) -> setting property styleSheet
2026-07-14 11:14:14,228 [DEBUG] (properties.py:415) -> setting property text
2026-07-14 11:14:14,228 [DEBUG] (properties.py:415) -> setting property wordWrap
2026-07-14 11:14:14,228 [DEBUG] (uiparser.py:106) -> push QLabel descriptionLabel
2026-07-14 11:14:14,228 [DEBUG] (uiparser.py:120) -> pop widget QLabel descriptionLabel
2026-07-14 11:14:14,229 [DEBUG] (uiparser.py:128) -> new topwidget <client.windows.system.departments.department_card.DepartmentCard object at 0x0000025D6439D590>
2026-07-14 11:14:14,229 [DEBUG] (properties.py:415) -> setting property styleSheet
2026-07-14 11:14:14,229 [DEBUG] (properties.py:415) -> setting property text
2026-07-14 11:14:14,229 [DEBUG] (uiparser.py:106) -> push QLabel phoneLabel
2026-07-14 11:14:14,229 [DEBUG] (uiparser.py:120) -> pop widget QLabel phoneLabel
2026-07-14 11:14:14,229 [DEBUG] (uiparser.py:128) -> new topwidget <client.windows.system.departments.department_card.DepartmentCard object at 0x0000025D6439D590>
2026-07-14 11:14:14,230 [DEBUG] (properties.py:415) -> setting property styleSheet
2026-07-14 11:14:14,230 [DEBUG] (properties.py:415) -> setting property text
2026-07-14 11:14:14,230 [DEBUG] (uiparser.py:106) -> push QLabel numberLabel
2026-07-14 11:14:14,230 [DEBUG] (uiparser.py:120) -> pop widget QLabel numberLabel
2026-07-14 11:14:14,230 [DEBUG] (uiparser.py:128) -> new topwidget <client.windows.system.departments.department_card.DepartmentCard object at 0x0000025D6439D590>
2026-07-14 11:14:14,230 [DEBUG] (uiparser.py:114) -> pop layout QVBoxLayout infoLayout
2026-07-14 11:14:14,230 [DEBUG] (properties.py:415) -> setting property minimumSize
2026-07-14 11:14:14,230 [DEBUG] (properties.py:415) -> setting property maximumSize
2026-07-14 11:14:14,230 [DEBUG] (properties.py:415) -> setting property cursor
2026-07-14 11:14:14,230 [DEBUG] (properties.py:415) -> setting property styleSheet
2026-07-14 11:14:14,230 [DEBUG] (properties.py:415) -> setting property text
2026-07-14 11:14:14,230 [DEBUG] (uiparser.py:106) -> push QPushButton editBtn
2026-07-14 11:14:14,230 [DEBUG] (uiparser.py:120) -> pop widget QPushButton editBtn
2026-07-14 11:14:14,230 [DEBUG] (uiparser.py:128) -> new topwidget <client.windows.system.departments.department_card.DepartmentCard object at 0x0000025D6439D590>
2026-07-14 11:14:14,230 [DEBUG] (properties.py:415) -> setting property minimumSize
2026-07-14 11:14:14,230 [DEBUG] (properties.py:415) -> setting property maximumSize
2026-07-14 11:14:14,230 [DEBUG] (properties.py:415) -> setting property cursor
2026-07-14 11:14:14,230 [DEBUG] (properties.py:415) -> setting property styleSheet
2026-07-14 11:14:14,230 [DEBUG] (properties.py:415) -> setting property text
2026-07-14 11:14:14,230 [DEBUG] (uiparser.py:106) -> push QPushButton deleteBtn
2026-07-14 11:14:14,230 [DEBUG] (uiparser.py:120) -> pop widget QPushButton deleteBtn
2026-07-14 11:14:14,230 [DEBUG] (uiparser.py:128) -> new topwidget <client.windows.system.departments.department_card.DepartmentCard object at 0x0000025D6439D590>
2026-07-14 11:14:14,230 [DEBUG] (uiparser.py:114) -> pop layout QHBoxLayout horizontalLayout_2
2026-07-14 11:14:14,230 [DEBUG] (uiparser.py:114) -> pop layout QHBoxLayout horizontalLayout
2026-07-14 11:14:14,230 [DEBUG] (uiparser.py:120) -> pop widget DepartmentCard UniversalDepartmentCard
2026-07-14 11:14:14,230 [DEBUG] (uiparser.py:128) -> new topwidget None
2026-07-14 11:14:14,233 [DEBUG] (uiparser.py:838) -> toplevel widget is DepartmentCard
2026-07-14 11:14:14,233 [DEBUG] (properties.py:415) -> setting property geometry
2026-07-14 11:14:14,233 [DEBUG] (properties.py:415) -> setting property minimumSize
2026-07-14 11:14:14,233 [DEBUG] (properties.py:415) -> setting property maximumSize
2026-07-14 11:14:14,233 [DEBUG] (properties.py:415) -> setting property styleSheet
2026-07-14 11:14:14,233 [DEBUG] (uiparser.py:106) -> push DepartmentCard UniversalDepartmentCard
2026-07-14 11:14:14,233 [DEBUG] (properties.py:415) -> setting property spacing
2026-07-14 11:14:14,233 [DEBUG] (properties.py:415) -> setting property leftMargin
2026-07-14 11:14:14,233 [DEBUG] (properties.py:415) -> setting property topMargin
2026-07-14 11:14:14,233 [DEBUG] (properties.py:415) -> setting property rightMargin
2026-07-14 11:14:14,233 [DEBUG] (properties.py:415) -> setting property bottomMargin
2026-07-14 11:14:14,233 [DEBUG] (properties.py:415) -> setting property pyuicMargins
2026-07-14 11:14:14,233 [DEBUG] (properties.py:415) -> setting property pyuicSpacing
2026-07-14 11:14:14,233 [DEBUG] (uiparser.py:106) -> push QHBoxLayout horizontalLayout
2026-07-14 11:14:14,233 [DEBUG] (properties.py:415) -> setting property spacing
2026-07-14 11:14:14,234 [DEBUG] (properties.py:415) -> setting property pyuicSpacing
2026-07-14 11:14:14,234 [DEBUG] (uiparser.py:106) -> push QHBoxLayout horizontalLayout_2
2026-07-14 11:14:14,234 [DEBUG] (properties.py:415) -> setting property spacing
2026-07-14 11:14:14,234 [DEBUG] (properties.py:415) -> setting property topMargin
2026-07-14 11:14:14,234 [DEBUG] (properties.py:415) -> setting property bottomMargin
2026-07-14 11:14:14,234 [DEBUG] (properties.py:415) -> setting property pyuicMargins
2026-07-14 11:14:14,234 [DEBUG] (properties.py:415) -> setting property pyuicSpacing
2026-07-14 11:14:14,234 [DEBUG] (uiparser.py:106) -> push QVBoxLayout infoLayout
2026-07-14 11:14:14,234 [DEBUG] (properties.py:415) -> setting property styleSheet
2026-07-14 11:14:14,234 [DEBUG] (properties.py:415) -> setting property text
2026-07-14 11:14:14,234 [DEBUG] (uiparser.py:106) -> push QLabel nameLabel
2026-07-14 11:14:14,234 [DEBUG] (uiparser.py:120) -> pop widget QLabel nameLabel
2026-07-14 11:14:14,234 [DEBUG] (uiparser.py:128) -> new topwidget <client.windows.system.departments.department_card.DepartmentCard object at 0x0000025D6439E2B0>
2026-07-14 11:14:14,234 [DEBUG] (properties.py:415) -> setting property styleSheet
2026-07-14 11:14:14,234 [DEBUG] (properties.py:415) -> setting property text
2026-07-14 11:14:14,234 [DEBUG] (uiparser.py:106) -> push QLabel typeLabel
2026-07-14 11:14:14,234 [DEBUG] (uiparser.py:120) -> pop widget QLabel typeLabel
2026-07-14 11:14:14,234 [DEBUG] (uiparser.py:128) -> new topwidget <client.windows.system.departments.department_card.DepartmentCard object at 0x0000025D6439E2B0>
2026-07-14 11:14:14,234 [DEBUG] (properties.py:415) -> setting property styleSheet
2026-07-14 11:14:14,234 [DEBUG] (properties.py:415) -> setting property text
2026-07-14 11:14:14,234 [DEBUG] (uiparser.py:106) -> push QLabel leaderLabel
2026-07-14 11:14:14,234 [DEBUG] (uiparser.py:120) -> pop widget QLabel leaderLabel
2026-07-14 11:14:14,234 [DEBUG] (uiparser.py:128) -> new topwidget <client.windows.system.departments.department_card.DepartmentCard object at 0x0000025D6439E2B0>
2026-07-14 11:14:14,234 [DEBUG] (properties.py:415) -> setting property maximumSize
2026-07-14 11:14:14,234 [DEBUG] (properties.py:415) -> setting property styleSheet
2026-07-14 11:14:14,234 [DEBUG] (properties.py:415) -> setting property text
2026-07-14 11:14:14,234 [DEBUG] (properties.py:415) -> setting property wordWrap
2026-07-14 11:14:14,234 [DEBUG] (uiparser.py:106) -> push QLabel descriptionLabel
2026-07-14 11:14:14,234 [DEBUG] (uiparser.py:120) -> pop widget QLabel descriptionLabel
2026-07-14 11:14:14,234 [DEBUG] (uiparser.py:128) -> new topwidget <client.windows.system.departments.department_card.DepartmentCard object at 0x0000025D6439E2B0>
2026-07-14 11:14:14,234 [DEBUG] (properties.py:415) -> setting property styleSheet
2026-07-14 11:14:14,234 [DEBUG] (properties.py:415) -> setting property text
2026-07-14 11:14:14,234 [DEBUG] (uiparser.py:106) -> push QLabel phoneLabel
2026-07-14 11:14:14,234 [DEBUG] (uiparser.py:120) -> pop widget QLabel phoneLabel
2026-07-14 11:14:14,234 [DEBUG] (uiparser.py:128) -> new topwidget <client.windows.system.departments.department_card.DepartmentCard object at 0x0000025D6439E2B0>
2026-07-14 11:14:14,234 [DEBUG] (properties.py:415) -> setting property styleSheet
2026-07-14 11:14:14,234 [DEBUG] (properties.py:415) -> setting property text
2026-07-14 11:14:14,234 [DEBUG] (uiparser.py:106) -> push QLabel numberLabel
2026-07-14 11:14:14,234 [DEBUG] (uiparser.py:120) -> pop widget QLabel numberLabel
2026-07-14 11:14:14,234 [DEBUG] (uiparser.py:128) -> new topwidget <client.windows.system.departments.department_card.DepartmentCard object at 0x0000025D6439E2B0>
2026-07-14 11:14:14,234 [DEBUG] (uiparser.py:114) -> pop layout QVBoxLayout infoLayout
2026-07-14 11:14:14,234 [DEBUG] (properties.py:415) -> setting property minimumSize
2026-07-14 11:14:14,234 [DEBUG] (properties.py:415) -> setting property maximumSize
2026-07-14 11:14:14,234 [DEBUG] (properties.py:415) -> setting property cursor
2026-07-14 11:14:14,234 [DEBUG] (properties.py:415) -> setting property styleSheet
2026-07-14 11:14:14,234 [DEBUG] (properties.py:415) -> setting property text
2026-07-14 11:14:14,234 [DEBUG] (uiparser.py:106) -> push QPushButton editBtn
2026-07-14 11:14:14,234 [DEBUG] (uiparser.py:120) -> pop widget QPushButton editBtn
2026-07-14 11:14:14,234 [DEBUG] (uiparser.py:128) -> new topwidget <client.windows.system.departments.department_card.DepartmentCard object at 0x0000025D6439E2B0>
2026-07-14 11:14:14,236 [DEBUG] (properties.py:415) -> setting property minimumSize
2026-07-14 11:14:14,236 [DEBUG] (properties.py:415) -> setting property maximumSize
2026-07-14 11:14:14,236 [DEBUG] (properties.py:415) -> setting property cursor
2026-07-14 11:14:14,236 [DEBUG] (properties.py:415) -> setting property styleSheet
2026-07-14 11:14:14,236 [DEBUG] (properties.py:415) -> setting property text
2026-07-14 11:14:14,236 [DEBUG] (uiparser.py:106) -> push QPushButton deleteBtn
2026-07-14 11:14:14,236 [DEBUG] (uiparser.py:120) -> pop widget QPushButton deleteBtn
2026-07-14 11:14:14,236 [DEBUG] (uiparser.py:128) -> new topwidget <client.windows.system.departments.department_card.DepartmentCard object at 0x0000025D6439E2B0>
2026-07-14 11:14:14,236 [DEBUG] (uiparser.py:114) -> pop layout QHBoxLayout horizontalLayout_2
2026-07-14 11:14:14,236 [DEBUG] (uiparser.py:114) -> pop layout QHBoxLayout horizontalLayout
2026-07-14 11:14:14,236 [DEBUG] (uiparser.py:120) -> pop widget DepartmentCard UniversalDepartmentCard
2026-07-14 11:14:14,236 [DEBUG] (uiparser.py:128) -> new topwidget None
2026-07-14 11:14:14,237 [DEBUG] (uiparser.py:838) -> toplevel widget is DepartmentCard
2026-07-14 11:14:14,237 [DEBUG] (properties.py:415) -> setting property geometry
2026-07-14 11:14:14,237 [DEBUG] (properties.py:415) -> setting property minimumSize
2026-07-14 11:14:14,237 [DEBUG] (properties.py:415) -> setting property maximumSize
2026-07-14 11:14:14,237 [DEBUG] (properties.py:415) -> setting property styleSheet
2026-07-14 11:14:14,237 [DEBUG] (uiparser.py:106) -> push DepartmentCard UniversalDepartmentCard
2026-07-14 11:14:14,237 [DEBUG] (properties.py:415) -> setting property spacing
2026-07-14 11:14:14,237 [DEBUG] (properties.py:415) -> setting property leftMargin
2026-07-14 11:14:14,237 [DEBUG] (properties.py:415) -> setting property topMargin
2026-07-14 11:14:14,237 [DEBUG] (properties.py:415) -> setting property rightMargin
2026-07-14 11:14:14,237 [DEBUG] (properties.py:415) -> setting property bottomMargin
2026-07-14 11:14:14,237 [DEBUG] (properties.py:415) -> setting property pyuicMargins
2026-07-14 11:14:14,237 [DEBUG] (properties.py:415) -> setting property pyuicSpacing
2026-07-14 11:14:14,237 [DEBUG] (uiparser.py:106) -> push QHBoxLayout horizontalLayout
2026-07-14 11:14:14,238 [DEBUG] (properties.py:415) -> setting property spacing
2026-07-14 11:14:14,238 [DEBUG] (properties.py:415) -> setting property pyuicSpacing
2026-07-14 11:14:14,238 [DEBUG] (uiparser.py:106) -> push QHBoxLayout horizontalLayout_2
2026-07-14 11:14:14,238 [DEBUG] (properties.py:415) -> setting property spacing
2026-07-14 11:14:14,238 [DEBUG] (properties.py:415) -> setting property topMargin
2026-07-14 11:14:14,238 [DEBUG] (properties.py:415) -> setting property bottomMargin
2026-07-14 11:14:14,238 [DEBUG] (properties.py:415) -> setting property pyuicMargins
2026-07-14 11:14:14,238 [DEBUG] (properties.py:415) -> setting property pyuicSpacing
2026-07-14 11:14:14,238 [DEBUG] (uiparser.py:106) -> push QVBoxLayout infoLayout
2026-07-14 11:14:14,238 [DEBUG] (properties.py:415) -> setting property styleSheet
2026-07-14 11:14:14,238 [DEBUG] (properties.py:415) -> setting property text
2026-07-14 11:14:14,238 [DEBUG] (uiparser.py:106) -> push QLabel nameLabel
2026-07-14 11:14:14,238 [DEBUG] (uiparser.py:120) -> pop widget QLabel nameLabel
2026-07-14 11:14:14,238 [DEBUG] (uiparser.py:128) -> new topwidget <client.windows.system.departments.department_card.DepartmentCard object at 0x0000025D6439EB70>
2026-07-14 11:14:14,238 [DEBUG] (properties.py:415) -> setting property styleSheet
2026-07-14 11:14:14,238 [DEBUG] (properties.py:415) -> setting property text
2026-07-14 11:14:14,238 [DEBUG] (uiparser.py:106) -> push QLabel typeLabel
2026-07-14 11:14:14,238 [DEBUG] (uiparser.py:120) -> pop widget QLabel typeLabel
2026-07-14 11:14:14,238 [DEBUG] (uiparser.py:128) -> new topwidget <client.windows.system.departments.department_card.DepartmentCard object at 0x0000025D6439EB70>
2026-07-14 11:14:14,238 [DEBUG] (properties.py:415) -> setting property styleSheet
2026-07-14 11:14:14,238 [DEBUG] (properties.py:415) -> setting property text
2026-07-14 11:14:14,238 [DEBUG] (uiparser.py:106) -> push QLabel leaderLabel
2026-07-14 11:14:14,238 [DEBUG] (uiparser.py:120) -> pop widget QLabel leaderLabel
2026-07-14 11:14:14,238 [DEBUG] (uiparser.py:128) -> new topwidget <client.windows.system.departments.department_card.DepartmentCard object at 0x0000025D6439EB70>
2026-07-14 11:14:14,238 [DEBUG] (properties.py:415) -> setting property maximumSize
2026-07-14 11:14:14,238 [DEBUG] (properties.py:415) -> setting property styleSheet
2026-07-14 11:14:14,238 [DEBUG] (properties.py:415) -> setting property text
2026-07-14 11:14:14,238 [DEBUG] (properties.py:415) -> setting property wordWrap
2026-07-14 11:14:14,238 [DEBUG] (uiparser.py:106) -> push QLabel descriptionLabel
2026-07-14 11:14:14,238 [DEBUG] (uiparser.py:120) -> pop widget QLabel descriptionLabel
2026-07-14 11:14:14,238 [DEBUG] (uiparser.py:128) -> new topwidget <client.windows.system.departments.department_card.DepartmentCard object at 0x0000025D6439EB70>
2026-07-14 11:14:14,238 [DEBUG] (properties.py:415) -> setting property styleSheet
2026-07-14 11:14:14,238 [DEBUG] (properties.py:415) -> setting property text
2026-07-14 11:14:14,238 [DEBUG] (uiparser.py:106) -> push QLabel phoneLabel
2026-07-14 11:14:14,238 [DEBUG] (uiparser.py:120) -> pop widget QLabel phoneLabel
2026-07-14 11:14:14,238 [DEBUG] (uiparser.py:128) -> new topwidget <client.windows.system.departments.department_card.DepartmentCard object at 0x0000025D6439EB70>
2026-07-14 11:14:14,238 [DEBUG] (properties.py:415) -> setting property styleSheet
2026-07-14 11:14:14,238 [DEBUG] (properties.py:415) -> setting property text
2026-07-14 11:14:14,238 [DEBUG] (uiparser.py:106) -> push QLabel numberLabel
2026-07-14 11:14:14,238 [DEBUG] (uiparser.py:120) -> pop widget QLabel numberLabel
2026-07-14 11:14:14,238 [DEBUG] (uiparser.py:128) -> new topwidget <client.windows.system.departments.department_card.DepartmentCard object at 0x0000025D6439EB70>
2026-07-14 11:14:14,238 [DEBUG] (uiparser.py:114) -> pop layout QVBoxLayout infoLayout
2026-07-14 11:14:14,238 [DEBUG] (properties.py:415) -> setting property minimumSize
2026-07-14 11:14:14,238 [DEBUG] (properties.py:415) -> setting property maximumSize
2026-07-14 11:14:14,238 [DEBUG] (properties.py:415) -> setting property cursor
2026-07-14 11:14:14,239 [DEBUG] (properties.py:415) -> setting property styleSheet
2026-07-14 11:14:14,239 [DEBUG] (properties.py:415) -> setting property text
2026-07-14 11:14:14,239 [DEBUG] (uiparser.py:106) -> push QPushButton editBtn
2026-07-14 11:14:14,239 [DEBUG] (uiparser.py:120) -> pop widget QPushButton editBtn
2026-07-14 11:14:14,239 [DEBUG] (uiparser.py:128) -> new topwidget <client.windows.system.departments.department_card.DepartmentCard object at 0x0000025D6439EB70>
2026-07-14 11:14:14,239 [DEBUG] (properties.py:415) -> setting property minimumSize
2026-07-14 11:14:14,239 [DEBUG] (properties.py:415) -> setting property maximumSize
2026-07-14 11:14:14,239 [DEBUG] (properties.py:415) -> setting property cursor
2026-07-14 11:14:14,239 [DEBUG] (properties.py:415) -> setting property styleSheet
2026-07-14 11:14:14,239 [DEBUG] (properties.py:415) -> setting property text
2026-07-14 11:14:14,239 [DEBUG] (uiparser.py:106) -> push QPushButton deleteBtn
2026-07-14 11:14:14,239 [DEBUG] (uiparser.py:120) -> pop widget QPushButton deleteBtn
2026-07-14 11:14:14,239 [DEBUG] (uiparser.py:128) -> new topwidget <client.windows.system.departments.department_card.DepartmentCard object at 0x0000025D6439EB70>
2026-07-14 11:14:14,239 [DEBUG] (uiparser.py:114) -> pop layout QHBoxLayout horizontalLayout_2
2026-07-14 11:14:14,239 [DEBUG] (uiparser.py:114) -> pop layout QHBoxLayout horizontalLayout
2026-07-14 11:14:14,239 [DEBUG] (uiparser.py:120) -> pop widget DepartmentCard UniversalDepartmentCard
2026-07-14 11:14:14,239 [DEBUG] (uiparser.py:128) -> new topwidget None
2026-07-14 11:14:14,240 [DEBUG] (uiparser.py:838) -> toplevel widget is DepartmentCard
2026-07-14 11:14:14,240 [DEBUG] (properties.py:415) -> setting property geometry
2026-07-14 11:14:14,240 [DEBUG] (properties.py:415) -> setting property minimumSize
2026-07-14 11:14:14,240 [DEBUG] (properties.py:415) -> setting property maximumSize
2026-07-14 11:14:14,240 [DEBUG] (properties.py:415) -> setting property styleSheet
2026-07-14 11:14:14,240 [DEBUG] (uiparser.py:106) -> push DepartmentCard UniversalDepartmentCard
2026-07-14 11:14:14,240 [DEBUG] (properties.py:415) -> setting property spacing
2026-07-14 11:14:14,240 [DEBUG] (properties.py:415) -> setting property leftMargin
2026-07-14 11:14:14,240 [DEBUG] (properties.py:415) -> setting property topMargin
2026-07-14 11:14:14,240 [DEBUG] (properties.py:415) -> setting property rightMargin
2026-07-14 11:14:14,240 [DEBUG] (properties.py:415) -> setting property bottomMargin
2026-07-14 11:14:14,240 [DEBUG] (properties.py:415) -> setting property pyuicMargins
2026-07-14 11:14:14,240 [DEBUG] (properties.py:415) -> setting property pyuicSpacing
2026-07-14 11:14:14,240 [DEBUG] (uiparser.py:106) -> push QHBoxLayout horizontalLayout
2026-07-14 11:14:14,240 [DEBUG] (properties.py:415) -> setting property spacing
2026-07-14 11:14:14,240 [DEBUG] (properties.py:415) -> setting property pyuicSpacing
2026-07-14 11:14:14,240 [DEBUG] (uiparser.py:106) -> push QHBoxLayout horizontalLayout_2
2026-07-14 11:14:14,241 [DEBUG] (properties.py:415) -> setting property spacing
2026-07-14 11:14:14,241 [DEBUG] (properties.py:415) -> setting property topMargin
2026-07-14 11:14:14,241 [DEBUG] (properties.py:415) -> setting property bottomMargin
2026-07-14 11:14:14,241 [DEBUG] (properties.py:415) -> setting property pyuicMargins
2026-07-14 11:14:14,241 [DEBUG] (properties.py:415) -> setting property pyuicSpacing
2026-07-14 11:14:14,241 [DEBUG] (uiparser.py:106) -> push QVBoxLayout infoLayout
2026-07-14 11:14:14,241 [DEBUG] (properties.py:415) -> setting property styleSheet
2026-07-14 11:14:14,241 [DEBUG] (properties.py:415) -> setting property text
2026-07-14 11:14:14,241 [DEBUG] (uiparser.py:106) -> push QLabel nameLabel
2026-07-14 11:14:14,241 [DEBUG] (uiparser.py:120) -> pop widget QLabel nameLabel
2026-07-14 11:14:14,241 [DEBUG] (uiparser.py:128) -> new topwidget <client.windows.system.departments.department_card.DepartmentCard object at 0x0000025D6439F390>
2026-07-14 11:14:14,241 [DEBUG] (properties.py:415) -> setting property styleSheet
2026-07-14 11:14:14,241 [DEBUG] (properties.py:415) -> setting property text
2026-07-14 11:14:14,241 [DEBUG] (uiparser.py:106) -> push QLabel typeLabel
2026-07-14 11:14:14,241 [DEBUG] (uiparser.py:120) -> pop widget QLabel typeLabel
2026-07-14 11:14:14,241 [DEBUG] (uiparser.py:128) -> new topwidget <client.windows.system.departments.department_card.DepartmentCard object at 0x0000025D6439F390>
2026-07-14 11:14:14,241 [DEBUG] (properties.py:415) -> setting property styleSheet
2026-07-14 11:14:14,241 [DEBUG] (properties.py:415) -> setting property text
2026-07-14 11:14:14,241 [DEBUG] (uiparser.py:106) -> push QLabel leaderLabel
2026-07-14 11:14:14,241 [DEBUG] (uiparser.py:120) -> pop widget QLabel leaderLabel
2026-07-14 11:14:14,241 [DEBUG] (uiparser.py:128) -> new topwidget <client.windows.system.departments.department_card.DepartmentCard object at 0x0000025D6439F390>
2026-07-14 11:14:14,241 [DEBUG] (properties.py:415) -> setting property maximumSize
2026-07-14 11:14:14,241 [DEBUG] (properties.py:415) -> setting property styleSheet
2026-07-14 11:14:14,241 [DEBUG] (properties.py:415) -> setting property text
2026-07-14 11:14:14,241 [DEBUG] (properties.py:415) -> setting property wordWrap
2026-07-14 11:14:14,241 [DEBUG] (uiparser.py:106) -> push QLabel descriptionLabel
2026-07-14 11:14:14,241 [DEBUG] (uiparser.py:120) -> pop widget QLabel descriptionLabel
2026-07-14 11:14:14,241 [DEBUG] (uiparser.py:128) -> new topwidget <client.windows.system.departments.department_card.DepartmentCard object at 0x0000025D6439F390>
2026-07-14 11:14:14,241 [DEBUG] (properties.py:415) -> setting property styleSheet
2026-07-14 11:14:14,241 [DEBUG] (properties.py:415) -> setting property text
2026-07-14 11:14:14,241 [DEBUG] (uiparser.py:106) -> push QLabel phoneLabel
2026-07-14 11:14:14,241 [DEBUG] (uiparser.py:120) -> pop widget QLabel phoneLabel
2026-07-14 11:14:14,241 [DEBUG] (uiparser.py:128) -> new topwidget <client.windows.system.departments.department_card.DepartmentCard object at 0x0000025D6439F390>
2026-07-14 11:14:14,241 [DEBUG] (properties.py:415) -> setting property styleSheet
2026-07-14 11:14:14,241 [DEBUG] (properties.py:415) -> setting property text
2026-07-14 11:14:14,241 [DEBUG] (uiparser.py:106) -> push QLabel numberLabel
2026-07-14 11:14:14,241 [DEBUG] (uiparser.py:120) -> pop widget QLabel numberLabel
2026-07-14 11:14:14,241 [DEBUG] (uiparser.py:128) -> new topwidget <client.windows.system.departments.department_card.DepartmentCard object at 0x0000025D6439F390>
2026-07-14 11:14:14,241 [DEBUG] (uiparser.py:114) -> pop layout QVBoxLayout infoLayout
2026-07-14 11:14:14,241 [DEBUG] (properties.py:415) -> setting property minimumSize
2026-07-14 11:14:14,241 [DEBUG] (properties.py:415) -> setting property maximumSize
2026-07-14 11:14:14,241 [DEBUG] (properties.py:415) -> setting property cursor
2026-07-14 11:14:14,241 [DEBUG] (properties.py:415) -> setting property styleSheet
2026-07-14 11:14:14,241 [DEBUG] (properties.py:415) -> setting property text
2026-07-14 11:14:14,241 [DEBUG] (uiparser.py:106) -> push QPushButton editBtn
2026-07-14 11:14:14,242 [DEBUG] (uiparser.py:120) -> pop widget QPushButton editBtn
2026-07-14 11:14:14,242 [DEBUG] (uiparser.py:128) -> new topwidget <client.windows.system.departments.department_card.DepartmentCard object at 0x0000025D6439F390>
2026-07-14 11:14:14,242 [DEBUG] (properties.py:415) -> setting property minimumSize
2026-07-14 11:14:14,242 [DEBUG] (properties.py:415) -> setting property maximumSize
2026-07-14 11:14:14,242 [DEBUG] (properties.py:415) -> setting property cursor
2026-07-14 11:14:14,242 [DEBUG] (properties.py:415) -> setting property styleSheet
2026-07-14 11:14:14,242 [DEBUG] (properties.py:415) -> setting property text
2026-07-14 11:14:14,242 [DEBUG] (uiparser.py:106) -> push QPushButton deleteBtn
2026-07-14 11:14:14,242 [DEBUG] (uiparser.py:120) -> pop widget QPushButton deleteBtn
2026-07-14 11:14:14,242 [DEBUG] (uiparser.py:128) -> new topwidget <client.windows.system.departments.department_card.DepartmentCard object at 0x0000025D6439F390>
2026-07-14 11:14:14,242 [DEBUG] (uiparser.py:114) -> pop layout QHBoxLayout horizontalLayout_2
2026-07-14 11:14:14,242 [DEBUG] (uiparser.py:114) -> pop layout QHBoxLayout horizontalLayout
2026-07-14 11:14:14,242 [DEBUG] (uiparser.py:120) -> pop widget DepartmentCard UniversalDepartmentCard
2026-07-14 11:14:14,242 [DEBUG] (uiparser.py:128) -> new topwidget None
2026-07-14 11:14:14,251 [DEBUG] (uiparser.py:838) -> toplevel widget is DepartmentPage
2026-07-14 11:14:14,251 [DEBUG] (properties.py:415) -> setting property geometry
2026-07-14 11:14:14,251 [DEBUG] (properties.py:415) -> setting property windowTitle
2026-07-14 11:14:14,251 [DEBUG] (properties.py:415) -> setting property styleSheet
2026-07-14 11:14:14,251 [DEBUG] (uiparser.py:106) -> push DepartmentPage DepartmentPage
2026-07-14 11:14:14,251 [DEBUG] (properties.py:415) -> setting property spacing
2026-07-14 11:14:14,251 [DEBUG] (properties.py:415) -> setting property leftMargin
2026-07-14 11:14:14,251 [DEBUG] (properties.py:415) -> setting property topMargin
2026-07-14 11:14:14,251 [DEBUG] (properties.py:415) -> setting property rightMargin
2026-07-14 11:14:14,251 [DEBUG] (properties.py:415) -> setting property bottomMargin
2026-07-14 11:14:14,251 [DEBUG] (properties.py:415) -> setting property alignment
2026-07-14 11:14:14,251 [DEBUG] (properties.py:415) -> setting property pyuicMargins
2026-07-14 11:14:14,251 [DEBUG] (properties.py:415) -> setting property pyuicSpacing
2026-07-14 11:14:14,251 [DEBUG] (uiparser.py:106) -> push QVBoxLayout mainLayout
2026-07-14 11:14:14,251 [DEBUG] (properties.py:415) -> setting property spacing
2026-07-14 11:14:14,251 [DEBUG] (properties.py:415) -> setting property pyuicSpacing
2026-07-14 11:14:14,251 [DEBUG] (uiparser.py:106) -> push QHBoxLayout toolbarLayout
2026-07-14 11:14:14,251 [DEBUG] (properties.py:415) -> setting property minimumSize
2026-07-14 11:14:14,251 [DEBUG] (properties.py:415) -> setting property maximumSize
2026-07-14 11:14:14,251 [DEBUG] (properties.py:415) -> setting property styleSheet
2026-07-14 11:14:14,251 [DEBUG] (properties.py:415) -> setting property placeholderText
2026-07-14 11:14:14,251 [DEBUG] (uiparser.py:106) -> push QLineEdit searchEdit
2026-07-14 11:14:14,251 [DEBUG] (uiparser.py:120) -> pop widget QLineEdit searchEdit
2026-07-14 11:14:14,251 [DEBUG] (uiparser.py:128) -> new topwidget <client.windows.system.departments.department_page.DepartmentPage object at 0x0000025D6439FBB0>
2026-07-14 11:14:14,251 [DEBUG] (properties.py:415) -> setting property minimumSize
2026-07-14 11:14:14,251 [DEBUG] (properties.py:415) -> setting property styleSheet
2026-07-14 11:14:14,251 [DEBUG] (properties.py:415) -> setting property text
2026-07-14 11:14:14,252 [DEBUG] (uiparser.py:106) -> push QPushButton btnSort
2026-07-14 11:14:14,252 [DEBUG] (uiparser.py:120) -> pop widget QPushButton btnSort
2026-07-14 11:14:14,252 [DEBUG] (uiparser.py:128) -> new topwidget <client.windows.system.departments.department_page.DepartmentPage object at 0x0000025D6439FBB0>
2026-07-14 11:14:14,252 [DEBUG] (properties.py:415) -> setting property minimumSize
2026-07-14 11:14:14,252 [DEBUG] (properties.py:415) -> setting property maximumSize
2026-07-14 11:14:14,252 [DEBUG] (properties.py:415) -> setting property toolTip
2026-07-14 11:14:14,252 [DEBUG] (properties.py:415) -> setting property styleSheet
2026-07-14 11:14:14,252 [DEBUG] (properties.py:415) -> setting property text
2026-07-14 11:14:14,252 [DEBUG] (uiparser.py:106) -> push QPushButton btnResetFilters
2026-07-14 11:14:14,252 [DEBUG] (uiparser.py:120) -> pop widget QPushButton btnResetFilters
2026-07-14 11:14:14,252 [DEBUG] (uiparser.py:128) -> new topwidget <client.windows.system.departments.department_page.DepartmentPage object at 0x0000025D6439FBB0>
2026-07-14 11:14:14,252 [DEBUG] (uiparser.py:114) -> pop layout QHBoxLayout toolbarLayout
2026-07-14 11:14:14,252 [DEBUG] (properties.py:415) -> setting property styleSheet
2026-07-14 11:14:14,252 [DEBUG] (properties.py:415) -> setting property widgetResizable
2026-07-14 11:14:14,252 [DEBUG] (uiparser.py:106) -> push QScrollArea scrollArea
2026-07-14 11:14:14,252 [DEBUG] (properties.py:415) -> setting property geometry
2026-07-14 11:14:14,252 [DEBUG] (uiparser.py:106) -> push QWidget scrollAreaWidgetContents
2026-07-14 11:14:14,252 [DEBUG] (properties.py:415) -> setting property spacing
2026-07-14 11:14:14,252 [DEBUG] (properties.py:415) -> setting property leftMargin
2026-07-14 11:14:14,255 [DEBUG] (properties.py:415) -> setting property topMargin
2026-07-14 11:14:14,255 [DEBUG] (properties.py:415) -> setting property rightMargin
2026-07-14 11:14:14,255 [DEBUG] (properties.py:415) -> setting property bottomMargin
2026-07-14 11:14:14,255 [DEBUG] (properties.py:415) -> setting property pyuicMargins
2026-07-14 11:14:14,255 [DEBUG] (properties.py:415) -> setting property pyuicSpacing
2026-07-14 11:14:14,255 [DEBUG] (uiparser.py:106) -> push QVBoxLayout scrollAreaLayout
2026-07-14 11:14:14,255 [DEBUG] (uiparser.py:114) -> pop layout QVBoxLayout scrollAreaLayout
2026-07-14 11:14:14,255 [DEBUG] (uiparser.py:120) -> pop widget QWidget scrollAreaWidgetContents
2026-07-14 11:14:14,255 [DEBUG] (uiparser.py:128) -> new topwidget <PyQt6.QtWidgets.QScrollArea object at 0x0000025D64380050>
2026-07-14 11:14:14,255 [DEBUG] (uiparser.py:120) -> pop widget QScrollArea scrollArea
2026-07-14 11:14:14,255 [DEBUG] (uiparser.py:128) -> new topwidget <client.windows.system.departments.department_page.DepartmentPage object at 0x0000025D6439FBB0>
2026-07-14 11:14:14,255 [DEBUG] (uiparser.py:114) -> pop layout QVBoxLayout mainLayout
2026-07-14 11:14:14,255 [DEBUG] (uiparser.py:120) -> pop widget DepartmentPage DepartmentPage
2026-07-14 11:14:14,255 [DEBUG] (uiparser.py:128) -> new topwidget None
2026-07-14 11:14:14,256 [DEBUG] (uiparser.py:838) -> toplevel widget is DepartmentCard
2026-07-14 11:14:14,256 [DEBUG] (properties.py:415) -> setting property geometry
2026-07-14 11:14:14,256 [DEBUG] (properties.py:415) -> setting property minimumSize
2026-07-14 11:14:14,256 [DEBUG] (properties.py:415) -> setting property maximumSize
2026-07-14 11:14:14,256 [DEBUG] (properties.py:415) -> setting property styleSheet
2026-07-14 11:14:14,256 [DEBUG] (uiparser.py:106) -> push DepartmentCard UniversalDepartmentCard
2026-07-14 11:14:14,256 [DEBUG] (properties.py:415) -> setting property spacing
2026-07-14 11:14:14,256 [DEBUG] (properties.py:415) -> setting property leftMargin
2026-07-14 11:14:14,256 [DEBUG] (properties.py:415) -> setting property topMargin
2026-07-14 11:14:14,256 [DEBUG] (properties.py:415) -> setting property rightMargin
2026-07-14 11:14:14,256 [DEBUG] (properties.py:415) -> setting property bottomMargin
2026-07-14 11:14:14,256 [DEBUG] (properties.py:415) -> setting property pyuicMargins
2026-07-14 11:14:14,256 [DEBUG] (properties.py:415) -> setting property pyuicSpacing
2026-07-14 11:14:14,256 [DEBUG] (uiparser.py:106) -> push QHBoxLayout horizontalLayout
2026-07-14 11:14:14,256 [DEBUG] (properties.py:415) -> setting property spacing
2026-07-14 11:14:14,256 [DEBUG] (properties.py:415) -> setting property pyuicSpacing
2026-07-14 11:14:14,256 [DEBUG] (uiparser.py:106) -> push QHBoxLayout horizontalLayout_2
2026-07-14 11:14:14,257 [DEBUG] (properties.py:415) -> setting property spacing
2026-07-14 11:14:14,257 [DEBUG] (properties.py:415) -> setting property topMargin
2026-07-14 11:14:14,257 [DEBUG] (properties.py:415) -> setting property bottomMargin
2026-07-14 11:14:14,257 [DEBUG] (properties.py:415) -> setting property pyuicMargins
2026-07-14 11:14:14,257 [DEBUG] (properties.py:415) -> setting property pyuicSpacing
2026-07-14 11:14:14,257 [DEBUG] (uiparser.py:106) -> push QVBoxLayout infoLayout
2026-07-14 11:14:14,257 [DEBUG] (properties.py:415) -> setting property styleSheet
2026-07-14 11:14:14,257 [DEBUG] (properties.py:415) -> setting property text
2026-07-14 11:14:14,257 [DEBUG] (uiparser.py:106) -> push QLabel nameLabel
2026-07-14 11:14:14,257 [DEBUG] (uiparser.py:120) -> pop widget QLabel nameLabel
2026-07-14 11:14:14,257 [DEBUG] (uiparser.py:128) -> new topwidget <client.windows.system.departments.department_card.DepartmentCard object at 0x0000025D64380D70>
2026-07-14 11:14:14,257 [DEBUG] (properties.py:415) -> setting property styleSheet
2026-07-14 11:14:14,257 [DEBUG] (properties.py:415) -> setting property text
2026-07-14 11:14:14,257 [DEBUG] (uiparser.py:106) -> push QLabel typeLabel
2026-07-14 11:14:14,257 [DEBUG] (uiparser.py:120) -> pop widget QLabel typeLabel
2026-07-14 11:14:14,257 [DEBUG] (uiparser.py:128) -> new topwidget <client.windows.system.departments.department_card.DepartmentCard object at 0x0000025D64380D70>
2026-07-14 11:14:14,257 [DEBUG] (properties.py:415) -> setting property styleSheet
2026-07-14 11:14:14,257 [DEBUG] (properties.py:415) -> setting property text
2026-07-14 11:14:14,257 [DEBUG] (uiparser.py:106) -> push QLabel leaderLabel
2026-07-14 11:14:14,257 [DEBUG] (uiparser.py:120) -> pop widget QLabel leaderLabel
2026-07-14 11:14:14,257 [DEBUG] (uiparser.py:128) -> new topwidget <client.windows.system.departments.department_card.DepartmentCard object at 0x0000025D64380D70>
2026-07-14 11:14:14,257 [DEBUG] (properties.py:415) -> setting property maximumSize
2026-07-14 11:14:14,257 [DEBUG] (properties.py:415) -> setting property styleSheet
2026-07-14 11:14:14,257 [DEBUG] (properties.py:415) -> setting property text
2026-07-14 11:14:14,257 [DEBUG] (properties.py:415) -> setting property wordWrap
2026-07-14 11:14:14,257 [DEBUG] (uiparser.py:106) -> push QLabel descriptionLabel
2026-07-14 11:14:14,257 [DEBUG] (uiparser.py:120) -> pop widget QLabel descriptionLabel
2026-07-14 11:14:14,257 [DEBUG] (uiparser.py:128) -> new topwidget <client.windows.system.departments.department_card.DepartmentCard object at 0x0000025D64380D70>
2026-07-14 11:14:14,257 [DEBUG] (properties.py:415) -> setting property styleSheet
2026-07-14 11:14:14,258 [DEBUG] (properties.py:415) -> setting property text
2026-07-14 11:14:14,258 [DEBUG] (uiparser.py:106) -> push QLabel phoneLabel
2026-07-14 11:14:14,258 [DEBUG] (uiparser.py:120) -> pop widget QLabel phoneLabel
2026-07-14 11:14:14,258 [DEBUG] (uiparser.py:128) -> new topwidget <client.windows.system.departments.department_card.DepartmentCard object at 0x0000025D64380D70>
2026-07-14 11:14:14,258 [DEBUG] (properties.py:415) -> setting property styleSheet
2026-07-14 11:14:14,258 [DEBUG] (properties.py:415) -> setting property text
2026-07-14 11:14:14,258 [DEBUG] (uiparser.py:106) -> push QLabel numberLabel
2026-07-14 11:14:14,258 [DEBUG] (uiparser.py:120) -> pop widget QLabel numberLabel
2026-07-14 11:14:14,258 [DEBUG] (uiparser.py:128) -> new topwidget <client.windows.system.departments.department_card.DepartmentCard object at 0x0000025D64380D70>
2026-07-14 11:14:14,258 [DEBUG] (uiparser.py:114) -> pop layout QVBoxLayout infoLayout
2026-07-14 11:14:14,258 [DEBUG] (properties.py:415) -> setting property minimumSize
2026-07-14 11:14:14,258 [DEBUG] (properties.py:415) -> setting property maximumSize
2026-07-14 11:14:14,258 [DEBUG] (properties.py:415) -> setting property cursor
2026-07-14 11:14:14,258 [DEBUG] (properties.py:415) -> setting property styleSheet
2026-07-14 11:14:14,258 [DEBUG] (properties.py:415) -> setting property text
2026-07-14 11:14:14,258 [DEBUG] (uiparser.py:106) -> push QPushButton editBtn
2026-07-14 11:14:14,258 [DEBUG] (uiparser.py:120) -> pop widget QPushButton editBtn
2026-07-14 11:14:14,258 [DEBUG] (uiparser.py:128) -> new topwidget <client.windows.system.departments.department_card.DepartmentCard object at 0x0000025D64380D70>
2026-07-14 11:14:14,258 [DEBUG] (properties.py:415) -> setting property minimumSize
2026-07-14 11:14:14,258 [DEBUG] (properties.py:415) -> setting property maximumSize
2026-07-14 11:14:14,258 [DEBUG] (properties.py:415) -> setting property cursor
2026-07-14 11:14:14,258 [DEBUG] (properties.py:415) -> setting property styleSheet
2026-07-14 11:14:14,258 [DEBUG] (properties.py:415) -> setting property text
2026-07-14 11:14:14,258 [DEBUG] (uiparser.py:106) -> push QPushButton deleteBtn
2026-07-14 11:14:14,258 [DEBUG] (uiparser.py:120) -> pop widget QPushButton deleteBtn
2026-07-14 11:14:14,258 [DEBUG] (uiparser.py:128) -> new topwidget <client.windows.system.departments.department_card.DepartmentCard object at 0x0000025D64380D70>
2026-07-14 11:14:14,258 [DEBUG] (uiparser.py:114) -> pop layout QHBoxLayout horizontalLayout_2
2026-07-14 11:14:14,258 [DEBUG] (uiparser.py:114) -> pop layout QHBoxLayout horizontalLayout
2026-07-14 11:14:14,258 [DEBUG] (uiparser.py:120) -> pop widget DepartmentCard UniversalDepartmentCard
2026-07-14 11:14:14,258 [DEBUG] (uiparser.py:128) -> new topwidget None
2026-07-14 11:14:14,260 [DEBUG] (uiparser.py:838) -> toplevel widget is DepartmentCard
2026-07-14 11:14:14,260 [DEBUG] (properties.py:415) -> setting property geometry
2026-07-14 11:14:14,260 [DEBUG] (properties.py:415) -> setting property minimumSize
2026-07-14 11:14:14,260 [DEBUG] (properties.py:415) -> setting property maximumSize
2026-07-14 11:14:14,260 [DEBUG] (properties.py:415) -> setting property styleSheet
2026-07-14 11:14:14,260 [DEBUG] (uiparser.py:106) -> push DepartmentCard UniversalDepartmentCard
2026-07-14 11:14:14,260 [DEBUG] (properties.py:415) -> setting property spacing
2026-07-14 11:14:14,260 [DEBUG] (properties.py:415) -> setting property leftMargin
2026-07-14 11:14:14,260 [DEBUG] (properties.py:415) -> setting property topMargin
2026-07-14 11:14:14,260 [DEBUG] (properties.py:415) -> setting property rightMargin
2026-07-14 11:14:14,260 [DEBUG] (properties.py:415) -> setting property bottomMargin
2026-07-14 11:14:14,260 [DEBUG] (properties.py:415) -> setting property pyuicMargins
2026-07-14 11:14:14,260 [DEBUG] (properties.py:415) -> setting property pyuicSpacing
2026-07-14 11:14:14,260 [DEBUG] (uiparser.py:106) -> push QHBoxLayout horizontalLayout
2026-07-14 11:14:14,260 [DEBUG] (properties.py:415) -> setting property spacing
2026-07-14 11:14:14,260 [DEBUG] (properties.py:415) -> setting property pyuicSpacing
2026-07-14 11:14:14,260 [DEBUG] (uiparser.py:106) -> push QHBoxLayout horizontalLayout_2
2026-07-14 11:14:14,260 [DEBUG] (properties.py:415) -> setting property spacing
2026-07-14 11:14:14,260 [DEBUG] (properties.py:415) -> setting property topMargin
2026-07-14 11:14:14,260 [DEBUG] (properties.py:415) -> setting property bottomMargin
2026-07-14 11:14:14,260 [DEBUG] (properties.py:415) -> setting property pyuicMargins
2026-07-14 11:14:14,260 [DEBUG] (properties.py:415) -> setting property pyuicSpacing
2026-07-14 11:14:14,260 [DEBUG] (uiparser.py:106) -> push QVBoxLayout infoLayout
2026-07-14 11:14:14,260 [DEBUG] (properties.py:415) -> setting property styleSheet
2026-07-14 11:14:14,260 [DEBUG] (properties.py:415) -> setting property text
2026-07-14 11:14:14,260 [DEBUG] (uiparser.py:106) -> push QLabel nameLabel
2026-07-14 11:14:14,260 [DEBUG] (uiparser.py:120) -> pop widget QLabel nameLabel
2026-07-14 11:14:14,260 [DEBUG] (uiparser.py:128) -> new topwidget <client.windows.system.departments.department_card.DepartmentCard object at 0x0000025D64381590>
2026-07-14 11:14:14,260 [DEBUG] (properties.py:415) -> setting property styleSheet
2026-07-14 11:14:14,260 [DEBUG] (properties.py:415) -> setting property text
2026-07-14 11:14:14,260 [DEBUG] (uiparser.py:106) -> push QLabel typeLabel
2026-07-14 11:14:14,260 [DEBUG] (uiparser.py:120) -> pop widget QLabel typeLabel
2026-07-14 11:14:14,260 [DEBUG] (uiparser.py:128) -> new topwidget <client.windows.system.departments.department_card.DepartmentCard object at 0x0000025D64381590>
2026-07-14 11:14:14,260 [DEBUG] (properties.py:415) -> setting property styleSheet
2026-07-14 11:14:14,260 [DEBUG] (properties.py:415) -> setting property text
2026-07-14 11:14:14,260 [DEBUG] (uiparser.py:106) -> push QLabel leaderLabel
2026-07-14 11:14:14,260 [DEBUG] (uiparser.py:120) -> pop widget QLabel leaderLabel
2026-07-14 11:14:14,260 [DEBUG] (uiparser.py:128) -> new topwidget <client.windows.system.departments.department_card.DepartmentCard object at 0x0000025D64381590>
2026-07-14 11:14:14,261 [DEBUG] (properties.py:415) -> setting property maximumSize
2026-07-14 11:14:14,261 [DEBUG] (properties.py:415) -> setting property styleSheet
2026-07-14 11:14:14,261 [DEBUG] (properties.py:415) -> setting property text
2026-07-14 11:14:14,261 [DEBUG] (properties.py:415) -> setting property wordWrap
2026-07-14 11:14:14,261 [DEBUG] (uiparser.py:106) -> push QLabel descriptionLabel
2026-07-14 11:14:14,261 [DEBUG] (uiparser.py:120) -> pop widget QLabel descriptionLabel
2026-07-14 11:14:14,261 [DEBUG] (uiparser.py:128) -> new topwidget <client.windows.system.departments.department_card.DepartmentCard object at 0x0000025D64381590>
2026-07-14 11:14:14,261 [DEBUG] (properties.py:415) -> setting property styleSheet
2026-07-14 11:14:14,261 [DEBUG] (properties.py:415) -> setting property text
2026-07-14 11:14:14,261 [DEBUG] (uiparser.py:106) -> push QLabel phoneLabel
2026-07-14 11:14:14,261 [DEBUG] (uiparser.py:120) -> pop widget QLabel phoneLabel
2026-07-14 11:14:14,261 [DEBUG] (uiparser.py:128) -> new topwidget <client.windows.system.departments.department_card.DepartmentCard object at 0x0000025D64381590>
2026-07-14 11:14:14,261 [DEBUG] (properties.py:415) -> setting property styleSheet
2026-07-14 11:14:14,261 [DEBUG] (properties.py:415) -> setting property text
2026-07-14 11:14:14,261 [DEBUG] (uiparser.py:106) -> push QLabel numberLabel
2026-07-14 11:14:14,261 [DEBUG] (uiparser.py:120) -> pop widget QLabel numberLabel
2026-07-14 11:14:14,261 [DEBUG] (uiparser.py:128) -> new topwidget <client.windows.system.departments.department_card.DepartmentCard object at 0x0000025D64381590>
2026-07-14 11:14:14,261 [DEBUG] (uiparser.py:114) -> pop layout QVBoxLayout infoLayout
2026-07-14 11:14:14,261 [DEBUG] (properties.py:415) -> setting property minimumSize
2026-07-14 11:14:14,261 [DEBUG] (properties.py:415) -> setting property maximumSize
2026-07-14 11:14:14,261 [DEBUG] (properties.py:415) -> setting property cursor
2026-07-14 11:14:14,261 [DEBUG] (properties.py:415) -> setting property styleSheet
2026-07-14 11:14:14,261 [DEBUG] (properties.py:415) -> setting property text
2026-07-14 11:14:14,261 [DEBUG] (uiparser.py:106) -> push QPushButton editBtn
2026-07-14 11:14:14,261 [DEBUG] (uiparser.py:120) -> pop widget QPushButton editBtn
2026-07-14 11:14:14,261 [DEBUG] (uiparser.py:128) -> new topwidget <client.windows.system.departments.department_card.DepartmentCard object at 0x0000025D64381590>
2026-07-14 11:14:14,261 [DEBUG] (properties.py:415) -> setting property minimumSize
2026-07-14 11:14:14,261 [DEBUG] (properties.py:415) -> setting property maximumSize
2026-07-14 11:14:14,261 [DEBUG] (properties.py:415) -> setting property cursor
2026-07-14 11:14:14,261 [DEBUG] (properties.py:415) -> setting property styleSheet
2026-07-14 11:14:14,261 [DEBUG] (properties.py:415) -> setting property text
2026-07-14 11:14:14,261 [DEBUG] (uiparser.py:106) -> push QPushButton deleteBtn
2026-07-14 11:14:14,261 [DEBUG] (uiparser.py:120) -> pop widget QPushButton deleteBtn
2026-07-14 11:14:14,261 [DEBUG] (uiparser.py:128) -> new topwidget <client.windows.system.departments.department_card.DepartmentCard object at 0x0000025D64381590>
2026-07-14 11:14:14,261 [DEBUG] (uiparser.py:114) -> pop layout QHBoxLayout horizontalLayout_2
2026-07-14 11:14:14,261 [DEBUG] (uiparser.py:114) -> pop layout QHBoxLayout horizontalLayout
2026-07-14 11:14:14,261 [DEBUG] (uiparser.py:120) -> pop widget DepartmentCard UniversalDepartmentCard
2026-07-14 11:14:14,261 [DEBUG] (uiparser.py:128) -> new topwidget None
2026-07-14 11:14:14,266 [DEBUG] (uiparser.py:838) -> toplevel widget is DepartmentPage
2026-07-14 11:14:14,266 [DEBUG] (properties.py:415) -> setting property geometry
2026-07-14 11:14:14,266 [DEBUG] (properties.py:415) -> setting property windowTitle
2026-07-14 11:14:14,266 [DEBUG] (properties.py:415) -> setting property styleSheet
2026-07-14 11:14:14,266 [DEBUG] (uiparser.py:106) -> push DepartmentPage DepartmentPage
2026-07-14 11:14:14,266 [DEBUG] (properties.py:415) -> setting property spacing
2026-07-14 11:14:14,266 [DEBUG] (properties.py:415) -> setting property leftMargin
2026-07-14 11:14:14,266 [DEBUG] (properties.py:415) -> setting property topMargin
2026-07-14 11:14:14,266 [DEBUG] (properties.py:415) -> setting property rightMargin
2026-07-14 11:14:14,266 [DEBUG] (properties.py:415) -> setting property bottomMargin
2026-07-14 11:14:14,266 [DEBUG] (properties.py:415) -> setting property alignment
2026-07-14 11:14:14,266 [DEBUG] (properties.py:415) -> setting property pyuicMargins
2026-07-14 11:14:14,266 [DEBUG] (properties.py:415) -> setting property pyuicSpacing
2026-07-14 11:14:14,266 [DEBUG] (uiparser.py:106) -> push QVBoxLayout mainLayout
2026-07-14 11:14:14,267 [DEBUG] (properties.py:415) -> setting property spacing
2026-07-14 11:14:14,267 [DEBUG] (properties.py:415) -> setting property pyuicSpacing
2026-07-14 11:14:14,267 [DEBUG] (uiparser.py:106) -> push QHBoxLayout toolbarLayout
2026-07-14 11:14:14,267 [DEBUG] (properties.py:415) -> setting property minimumSize
2026-07-14 11:14:14,267 [DEBUG] (properties.py:415) -> setting property maximumSize
2026-07-14 11:14:14,267 [DEBUG] (properties.py:415) -> setting property styleSheet
2026-07-14 11:14:14,267 [DEBUG] (properties.py:415) -> setting property placeholderText
2026-07-14 11:14:14,267 [DEBUG] (uiparser.py:106) -> push QLineEdit searchEdit
2026-07-14 11:14:14,267 [DEBUG] (uiparser.py:120) -> pop widget QLineEdit searchEdit
2026-07-14 11:14:14,267 [DEBUG] (uiparser.py:128) -> new topwidget <client.windows.system.departments.department_page.DepartmentPage object at 0x0000025D64381DB0>
2026-07-14 11:14:14,267 [DEBUG] (properties.py:415) -> setting property minimumSize
2026-07-14 11:14:14,267 [DEBUG] (properties.py:415) -> setting property styleSheet
2026-07-14 11:14:14,267 [DEBUG] (properties.py:415) -> setting property text
2026-07-14 11:14:14,267 [DEBUG] (uiparser.py:106) -> push QPushButton btnSort
2026-07-14 11:14:14,267 [DEBUG] (uiparser.py:120) -> pop widget QPushButton btnSort
2026-07-14 11:14:14,267 [DEBUG] (uiparser.py:128) -> new topwidget <client.windows.system.departments.department_page.DepartmentPage object at 0x0000025D64381DB0>
2026-07-14 11:14:14,267 [DEBUG] (properties.py:415) -> setting property minimumSize
2026-07-14 11:14:14,267 [DEBUG] (properties.py:415) -> setting property maximumSize
2026-07-14 11:14:14,267 [DEBUG] (properties.py:415) -> setting property toolTip
2026-07-14 11:14:14,267 [DEBUG] (properties.py:415) -> setting property styleSheet
2026-07-14 11:14:14,267 [DEBUG] (properties.py:415) -> setting property text
2026-07-14 11:14:14,267 [DEBUG] (uiparser.py:106) -> push QPushButton btnResetFilters
2026-07-14 11:14:14,267 [DEBUG] (uiparser.py:120) -> pop widget QPushButton btnResetFilters
2026-07-14 11:14:14,267 [DEBUG] (uiparser.py:128) -> new topwidget <client.windows.system.departments.department_page.DepartmentPage object at 0x0000025D64381DB0>
2026-07-14 11:14:14,267 [DEBUG] (uiparser.py:114) -> pop layout QHBoxLayout toolbarLayout
2026-07-14 11:14:14,267 [DEBUG] (properties.py:415) -> setting property styleSheet
2026-07-14 11:14:14,268 [DEBUG] (properties.py:415) -> setting property widgetResizable
2026-07-14 11:14:14,268 [DEBUG] (uiparser.py:106) -> push QScrollArea scrollArea
2026-07-14 11:14:14,268 [DEBUG] (properties.py:415) -> setting property geometry
2026-07-14 11:14:14,268 [DEBUG] (uiparser.py:106) -> push QWidget scrollAreaWidgetContents
2026-07-14 11:14:14,268 [DEBUG] (properties.py:415) -> setting property spacing
2026-07-14 11:14:14,268 [DEBUG] (properties.py:415) -> setting property leftMargin
2026-07-14 11:14:14,269 [DEBUG] (properties.py:415) -> setting property topMargin
2026-07-14 11:14:14,269 [DEBUG] (properties.py:415) -> setting property rightMargin
2026-07-14 11:14:14,269 [DEBUG] (properties.py:415) -> setting property bottomMargin
2026-07-14 11:14:14,269 [DEBUG] (properties.py:415) -> setting property pyuicMargins
2026-07-14 11:14:14,269 [DEBUG] (properties.py:415) -> setting property pyuicSpacing
2026-07-14 11:14:14,269 [DEBUG] (uiparser.py:106) -> push QVBoxLayout scrollAreaLayout
2026-07-14 11:14:14,269 [DEBUG] (uiparser.py:114) -> pop layout QVBoxLayout scrollAreaLayout
2026-07-14 11:14:14,269 [DEBUG] (uiparser.py:120) -> pop widget QWidget scrollAreaWidgetContents
2026-07-14 11:14:14,269 [DEBUG] (uiparser.py:128) -> new topwidget <PyQt6.QtWidgets.QScrollArea object at 0x0000025D64382210>
2026-07-14 11:14:14,269 [DEBUG] (uiparser.py:120) -> pop widget QScrollArea scrollArea
2026-07-14 11:14:14,269 [DEBUG] (uiparser.py:128) -> new topwidget <client.windows.system.departments.department_page.DepartmentPage object at 0x0000025D64381DB0>
2026-07-14 11:14:14,269 [DEBUG] (uiparser.py:114) -> pop layout QVBoxLayout mainLayout
2026-07-14 11:14:14,269 [DEBUG] (uiparser.py:120) -> pop widget DepartmentPage DepartmentPage
2026-07-14 11:14:14,269 [DEBUG] (uiparser.py:128) -> new topwidget None
2026-07-14 11:14:14,270 [DEBUG] (uiparser.py:838) -> toplevel widget is DepartmentCard
2026-07-14 11:14:14,270 [DEBUG] (properties.py:415) -> setting property geometry
2026-07-14 11:14:14,270 [DEBUG] (properties.py:415) -> setting property minimumSize
2026-07-14 11:14:14,270 [DEBUG] (properties.py:415) -> setting property maximumSize
2026-07-14 11:14:14,270 [DEBUG] (properties.py:415) -> setting property styleSheet
2026-07-14 11:14:14,270 [DEBUG] (uiparser.py:106) -> push DepartmentCard UniversalDepartmentCard
2026-07-14 11:14:14,270 [DEBUG] (properties.py:415) -> setting property spacing
2026-07-14 11:14:14,270 [DEBUG] (properties.py:415) -> setting property leftMargin
2026-07-14 11:14:14,270 [DEBUG] (properties.py:415) -> setting property topMargin
2026-07-14 11:14:14,270 [DEBUG] (properties.py:415) -> setting property rightMargin
2026-07-14 11:14:14,270 [DEBUG] (properties.py:415) -> setting property bottomMargin
2026-07-14 11:14:14,270 [DEBUG] (properties.py:415) -> setting property pyuicMargins
2026-07-14 11:14:14,270 [DEBUG] (properties.py:415) -> setting property pyuicSpacing
2026-07-14 11:14:14,270 [DEBUG] (uiparser.py:106) -> push QHBoxLayout horizontalLayout
2026-07-14 11:14:14,270 [DEBUG] (properties.py:415) -> setting property spacing
2026-07-14 11:14:14,270 [DEBUG] (properties.py:415) -> setting property pyuicSpacing
2026-07-14 11:14:14,270 [DEBUG] (uiparser.py:106) -> push QHBoxLayout horizontalLayout_2
2026-07-14 11:14:14,271 [DEBUG] (properties.py:415) -> setting property spacing
2026-07-14 11:14:14,271 [DEBUG] (properties.py:415) -> setting property topMargin
2026-07-14 11:14:14,271 [DEBUG] (properties.py:415) -> setting property bottomMargin
2026-07-14 11:14:14,271 [DEBUG] (properties.py:415) -> setting property pyuicMargins
2026-07-14 11:14:14,271 [DEBUG] (properties.py:415) -> setting property pyuicSpacing
2026-07-14 11:14:14,271 [DEBUG] (uiparser.py:106) -> push QVBoxLayout infoLayout
2026-07-14 11:14:14,271 [DEBUG] (properties.py:415) -> setting property styleSheet
2026-07-14 11:14:14,271 [DEBUG] (properties.py:415) -> setting property text
2026-07-14 11:14:14,271 [DEBUG] (uiparser.py:106) -> push QLabel nameLabel
2026-07-14 11:14:14,271 [DEBUG] (uiparser.py:120) -> pop widget QLabel nameLabel
2026-07-14 11:14:14,271 [DEBUG] (uiparser.py:128) -> new topwidget <client.windows.system.departments.department_card.DepartmentCard object at 0x0000025D64382F30>
2026-07-14 11:14:14,271 [DEBUG] (properties.py:415) -> setting property styleSheet
2026-07-14 11:14:14,271 [DEBUG] (properties.py:415) -> setting property text
2026-07-14 11:14:14,271 [DEBUG] (uiparser.py:106) -> push QLabel typeLabel
2026-07-14 11:14:14,271 [DEBUG] (uiparser.py:120) -> pop widget QLabel typeLabel
2026-07-14 11:14:14,271 [DEBUG] (uiparser.py:128) -> new topwidget <client.windows.system.departments.department_card.DepartmentCard object at 0x0000025D64382F30>
2026-07-14 11:14:14,271 [DEBUG] (properties.py:415) -> setting property styleSheet
2026-07-14 11:14:14,271 [DEBUG] (properties.py:415) -> setting property text
2026-07-14 11:14:14,271 [DEBUG] (uiparser.py:106) -> push QLabel leaderLabel
2026-07-14 11:14:14,271 [DEBUG] (uiparser.py:120) -> pop widget QLabel leaderLabel
2026-07-14 11:14:14,271 [DEBUG] (uiparser.py:128) -> new topwidget <client.windows.system.departments.department_card.DepartmentCard object at 0x0000025D64382F30>
2026-07-14 11:14:14,271 [DEBUG] (properties.py:415) -> setting property maximumSize
2026-07-14 11:14:14,271 [DEBUG] (properties.py:415) -> setting property styleSheet
2026-07-14 11:14:14,271 [DEBUG] (properties.py:415) -> setting property text
2026-07-14 11:14:14,271 [DEBUG] (properties.py:415) -> setting property wordWrap
2026-07-14 11:14:14,271 [DEBUG] (uiparser.py:106) -> push QLabel descriptionLabel
2026-07-14 11:14:14,271 [DEBUG] (uiparser.py:120) -> pop widget QLabel descriptionLabel
2026-07-14 11:14:14,271 [DEBUG] (uiparser.py:128) -> new topwidget <client.windows.system.departments.department_card.DepartmentCard object at 0x0000025D64382F30>
2026-07-14 11:14:14,271 [DEBUG] (properties.py:415) -> setting property styleSheet
2026-07-14 11:14:14,271 [DEBUG] (properties.py:415) -> setting property text
2026-07-14 11:14:14,271 [DEBUG] (uiparser.py:106) -> push QLabel phoneLabel
2026-07-14 11:14:14,271 [DEBUG] (uiparser.py:120) -> pop widget QLabel phoneLabel
2026-07-14 11:14:14,271 [DEBUG] (uiparser.py:128) -> new topwidget <client.windows.system.departments.department_card.DepartmentCard object at 0x0000025D64382F30>
2026-07-14 11:14:14,271 [DEBUG] (properties.py:415) -> setting property styleSheet
2026-07-14 11:14:14,271 [DEBUG] (properties.py:415) -> setting property text
2026-07-14 11:14:14,271 [DEBUG] (uiparser.py:106) -> push QLabel numberLabel
2026-07-14 11:14:14,271 [DEBUG] (uiparser.py:120) -> pop widget QLabel numberLabel
2026-07-14 11:14:14,271 [DEBUG] (uiparser.py:128) -> new topwidget <client.windows.system.departments.department_card.DepartmentCard object at 0x0000025D64382F30>
2026-07-14 11:14:14,271 [DEBUG] (uiparser.py:114) -> pop layout QVBoxLayout infoLayout
2026-07-14 11:14:14,271 [DEBUG] (properties.py:415) -> setting property minimumSize
2026-07-14 11:14:14,271 [DEBUG] (properties.py:415) -> setting property maximumSize
2026-07-14 11:14:14,271 [DEBUG] (properties.py:415) -> setting property cursor
2026-07-14 11:14:14,271 [DEBUG] (properties.py:415) -> setting property styleSheet
2026-07-14 11:14:14,272 [DEBUG] (properties.py:415) -> setting property text
2026-07-14 11:14:14,272 [DEBUG] (uiparser.py:106) -> push QPushButton editBtn
2026-07-14 11:14:14,272 [DEBUG] (uiparser.py:120) -> pop widget QPushButton editBtn
2026-07-14 11:14:14,272 [DEBUG] (uiparser.py:128) -> new topwidget <client.windows.system.departments.department_card.DepartmentCard object at 0x0000025D64382F30>
2026-07-14 11:14:14,272 [DEBUG] (properties.py:415) -> setting property minimumSize
2026-07-14 11:14:14,272 [DEBUG] (properties.py:415) -> setting property maximumSize
2026-07-14 11:14:14,272 [DEBUG] (properties.py:415) -> setting property cursor
2026-07-14 11:14:14,272 [DEBUG] (properties.py:415) -> setting property styleSheet
2026-07-14 11:14:14,272 [DEBUG] (properties.py:415) -> setting property text
2026-07-14 11:14:14,272 [DEBUG] (uiparser.py:106) -> push QPushButton deleteBtn
2026-07-14 11:14:14,272 [DEBUG] (uiparser.py:120) -> pop widget QPushButton deleteBtn
2026-07-14 11:14:14,272 [DEBUG] (uiparser.py:128) -> new topwidget <client.windows.system.departments.department_card.DepartmentCard object at 0x0000025D64382F30>
2026-07-14 11:14:14,272 [DEBUG] (uiparser.py:114) -> pop layout QHBoxLayout horizontalLayout_2
2026-07-14 11:14:14,272 [DEBUG] (uiparser.py:114) -> pop layout QHBoxLayout horizontalLayout
2026-07-14 11:14:14,272 [DEBUG] (uiparser.py:120) -> pop widget DepartmentCard UniversalDepartmentCard
2026-07-14 11:14:14,272 [DEBUG] (uiparser.py:128) -> new topwidget None
2026-07-14 11:14:14,273 [DEBUG] (uiparser.py:838) -> toplevel widget is DepartmentCard
2026-07-14 11:14:14,273 [DEBUG] (properties.py:415) -> setting property geometry
2026-07-14 11:14:14,273 [DEBUG] (properties.py:415) -> setting property minimumSize
2026-07-14 11:14:14,273 [DEBUG] (properties.py:415) -> setting property maximumSize
2026-07-14 11:14:14,273 [DEBUG] (properties.py:415) -> setting property styleSheet
2026-07-14 11:14:14,273 [DEBUG] (uiparser.py:106) -> push DepartmentCard UniversalDepartmentCard
2026-07-14 11:14:14,273 [DEBUG] (properties.py:415) -> setting property spacing
2026-07-14 11:14:14,273 [DEBUG] (properties.py:415) -> setting property leftMargin
2026-07-14 11:14:14,273 [DEBUG] (properties.py:415) -> setting property topMargin
2026-07-14 11:14:14,273 [DEBUG] (properties.py:415) -> setting property rightMargin
2026-07-14 11:14:14,273 [DEBUG] (properties.py:415) -> setting property bottomMargin
2026-07-14 11:14:14,273 [DEBUG] (properties.py:415) -> setting property pyuicMargins
2026-07-14 11:14:14,273 [DEBUG] (properties.py:415) -> setting property pyuicSpacing
2026-07-14 11:14:14,273 [DEBUG] (uiparser.py:106) -> push QHBoxLayout horizontalLayout
2026-07-14 11:14:14,274 [DEBUG] (properties.py:415) -> setting property spacing
2026-07-14 11:14:14,274 [DEBUG] (properties.py:415) -> setting property pyuicSpacing
2026-07-14 11:14:14,274 [DEBUG] (uiparser.py:106) -> push QHBoxLayout horizontalLayout_2
2026-07-14 11:14:14,274 [DEBUG] (properties.py:415) -> setting property spacing
2026-07-14 11:14:14,274 [DEBUG] (properties.py:415) -> setting property topMargin
2026-07-14 11:14:14,274 [DEBUG] (properties.py:415) -> setting property bottomMargin
2026-07-14 11:14:14,274 [DEBUG] (properties.py:415) -> setting property pyuicMargins
2026-07-14 11:14:14,274 [DEBUG] (properties.py:415) -> setting property pyuicSpacing
2026-07-14 11:14:14,274 [DEBUG] (uiparser.py:106) -> push QVBoxLayout infoLayout
2026-07-14 11:14:14,274 [DEBUG] (properties.py:415) -> setting property styleSheet
2026-07-14 11:14:14,274 [DEBUG] (properties.py:415) -> setting property text
2026-07-14 11:14:14,274 [DEBUG] (uiparser.py:106) -> push QLabel nameLabel
2026-07-14 11:14:14,274 [DEBUG] (uiparser.py:120) -> pop widget QLabel nameLabel
2026-07-14 11:14:14,274 [DEBUG] (uiparser.py:128) -> new topwidget <client.windows.system.departments.department_card.DepartmentCard object at 0x0000025D64383750>
2026-07-14 11:14:14,274 [DEBUG] (properties.py:415) -> setting property styleSheet
2026-07-14 11:14:14,274 [DEBUG] (properties.py:415) -> setting property text
2026-07-14 11:14:14,274 [DEBUG] (uiparser.py:106) -> push QLabel typeLabel
2026-07-14 11:14:14,274 [DEBUG] (uiparser.py:120) -> pop widget QLabel typeLabel
2026-07-14 11:14:14,274 [DEBUG] (uiparser.py:128) -> new topwidget <client.windows.system.departments.department_card.DepartmentCard object at 0x0000025D64383750>
2026-07-14 11:14:14,274 [DEBUG] (properties.py:415) -> setting property styleSheet
2026-07-14 11:14:14,274 [DEBUG] (properties.py:415) -> setting property text
2026-07-14 11:14:14,274 [DEBUG] (uiparser.py:106) -> push QLabel leaderLabel
2026-07-14 11:14:14,274 [DEBUG] (uiparser.py:120) -> pop widget QLabel leaderLabel
2026-07-14 11:14:14,274 [DEBUG] (uiparser.py:128) -> new topwidget <client.windows.system.departments.department_card.DepartmentCard object at 0x0000025D64383750>
2026-07-14 11:14:14,274 [DEBUG] (properties.py:415) -> setting property maximumSize
2026-07-14 11:14:14,274 [DEBUG] (properties.py:415) -> setting property styleSheet
2026-07-14 11:14:14,274 [DEBUG] (properties.py:415) -> setting property text
2026-07-14 11:14:14,274 [DEBUG] (properties.py:415) -> setting property wordWrap
2026-07-14 11:14:14,274 [DEBUG] (uiparser.py:106) -> push QLabel descriptionLabel
2026-07-14 11:14:14,274 [DEBUG] (uiparser.py:120) -> pop widget QLabel descriptionLabel
2026-07-14 11:14:14,274 [DEBUG] (uiparser.py:128) -> new topwidget <client.windows.system.departments.department_card.DepartmentCard object at 0x0000025D64383750>
2026-07-14 11:14:14,274 [DEBUG] (properties.py:415) -> setting property styleSheet
2026-07-14 11:14:14,274 [DEBUG] (properties.py:415) -> setting property text
2026-07-14 11:14:14,274 [DEBUG] (uiparser.py:106) -> push QLabel phoneLabel
2026-07-14 11:14:14,274 [DEBUG] (uiparser.py:120) -> pop widget QLabel phoneLabel
2026-07-14 11:14:14,274 [DEBUG] (uiparser.py:128) -> new topwidget <client.windows.system.departments.department_card.DepartmentCard object at 0x0000025D64383750>
2026-07-14 11:14:14,274 [DEBUG] (properties.py:415) -> setting property styleSheet
2026-07-14 11:14:14,274 [DEBUG] (properties.py:415) -> setting property text
2026-07-14 11:14:14,274 [DEBUG] (uiparser.py:106) -> push QLabel numberLabel
2026-07-14 11:14:14,274 [DEBUG] (uiparser.py:120) -> pop widget QLabel numberLabel
2026-07-14 11:14:14,275 [DEBUG] (uiparser.py:128) -> new topwidget <client.windows.system.departments.department_card.DepartmentCard object at 0x0000025D64383750>
2026-07-14 11:14:14,275 [DEBUG] (uiparser.py:114) -> pop layout QVBoxLayout infoLayout
2026-07-14 11:14:14,275 [DEBUG] (properties.py:415) -> setting property minimumSize
2026-07-14 11:14:14,275 [DEBUG] (properties.py:415) -> setting property maximumSize
2026-07-14 11:14:14,275 [DEBUG] (properties.py:415) -> setting property cursor
2026-07-14 11:14:14,275 [DEBUG] (properties.py:415) -> setting property styleSheet
2026-07-14 11:14:14,275 [DEBUG] (properties.py:415) -> setting property text
2026-07-14 11:14:14,275 [DEBUG] (uiparser.py:106) -> push QPushButton editBtn
2026-07-14 11:14:14,276 [DEBUG] (uiparser.py:120) -> pop widget QPushButton editBtn
2026-07-14 11:14:14,276 [DEBUG] (uiparser.py:128) -> new topwidget <client.windows.system.departments.department_card.DepartmentCard object at 0x0000025D64383750>
2026-07-14 11:14:14,276 [DEBUG] (properties.py:415) -> setting property minimumSize
2026-07-14 11:14:14,276 [DEBUG] (properties.py:415) -> setting property maximumSize
2026-07-14 11:14:14,276 [DEBUG] (properties.py:415) -> setting property cursor
2026-07-14 11:14:14,276 [DEBUG] (properties.py:415) -> setting property styleSheet
2026-07-14 11:14:14,276 [DEBUG] (properties.py:415) -> setting property text
2026-07-14 11:14:14,276 [DEBUG] (uiparser.py:106) -> push QPushButton deleteBtn
2026-07-14 11:14:14,276 [DEBUG] (uiparser.py:120) -> pop widget QPushButton deleteBtn
2026-07-14 11:14:14,276 [DEBUG] (uiparser.py:128) -> new topwidget <client.windows.system.departments.department_card.DepartmentCard object at 0x0000025D64383750>
2026-07-14 11:14:14,276 [DEBUG] (uiparser.py:114) -> pop layout QHBoxLayout horizontalLayout_2
2026-07-14 11:14:14,276 [DEBUG] (uiparser.py:114) -> pop layout QHBoxLayout horizontalLayout
2026-07-14 11:14:14,276 [DEBUG] (uiparser.py:120) -> pop widget DepartmentCard UniversalDepartmentCard
2026-07-14 11:14:14,276 [DEBUG] (uiparser.py:128) -> new topwidget None
